"id","release_date_ms","release_date_utc","title","code"
20588,1500595579000,"2017-07-21 00:06:19","Qtum Trading on Binance","115000742491"
20581,1501654968000,"2017-08-02 06:22:48","The Announcement for BCC Distribution ","115000906991"
20578,1502266291000,"2017-08-09 08:11:31","Binance Opens BNB/ETH Trading Market","115001032752"
20575,1502606273000,"2017-08-13 06:37:53","Binance Will Add USDT Market Soon(Updated)","115001094331"
20573,1503068742000,"2017-08-18 15:05:42","Binance Will Add OAX, DNT, MCO, ICN ","115001175111"
20569,1503485474000,"2017-08-23 10:51:14","Binance Will Add MCO/BTC Trading Pair On August 24","115001246232"
20566,1503562187000,"2017-08-24 08:09:47","Binance Will Add WTC(Walton) on August 27","115001264372"
20540,1504955021000,"2017-09-09 11:03:41","Binance Will List OMG Market","115001495491"
20536,1505112873000,"2017-09-11 06:54:33","Binance Will List ZRX Market","115001507232"
20534,1505196397000,"2017-09-12 06:06:37","Binance will List STRAT Market","115001522771"
20529,1505705892000,"2017-09-18 03:38:12","Binance Lists SNGLS","115001608951"
20528,1505901411000,"2017-09-20 09:56:51"," Binance Lists BQX","115001659531"
20525,1506310602000,"2017-09-25 03:36:42","Binance Lists KNC","115001720331"
20523,1506424368000,"2017-09-26 11:12:48","Binance Lists FUN","115001754652"
20522,1506495567000,"2017-09-27 06:59:27","Binance Lists SNM","115001760811"
20520,1506580428000,"2017-09-28 06:33:48","Binance Adds NEO/ETH Trading Pair","115001797412"
20519,1506585981000,"2017-09-28 08:06:21","Binance Lists LINK","115001786451"
20517,1506657989000,"2017-09-29 04:06:29","Binance Lists XVG","115001805931"
20516,1506679063000,"2017-09-29 09:57:43","Binance Lists CTR","115001821372"
20515,1506743290000,"2017-09-30 03:48:10","Binance Lists SALT","115001833332"
20513,1506762340000,"2017-09-30 09:05:40","Binance Lists IOTA","115001827791"
20509,1507175295000,"2017-10-05 03:48:15","Binance Lists MDA","115001902011"
20505,1507530301000,"2017-10-09 06:25:01","Binance Lists MTL","115001960431"
20502,1507613645000,"2017-10-10 05:34:05","Binance Lists SUB","115001974111"
20501,1507705238000,"2017-10-11 07:00:38","Binance Adds EOS/BTC Trading Pair","115002013152"
20499,1507795184000,"2017-10-12 07:59:44","Binance Adds SNT/BTC Trading Pair","115002038832"
20498,1507800794000,"2017-10-12 09:33:14","Binance Lists ETC","115002040292"
20497,1507866345000,"2017-10-13 03:45:45","Binance Lists MTH","115002043111"
20495,1507873706000,"2017-10-13 05:48:26","Binance Lists ENG","115002058812"
20491,1508126145000,"2017-10-16 03:55:45","Binance Adds DNT/BTC Trading Pair","115002101992"
20489,1508210068000,"2017-10-17 03:14:28","Binance Adds BNT/BTC Trading Pair","115002168512"
20485,1508386019000,"2017-10-19 04:06:59","Binance Lists AST","115002223411"
20481,1508468217000,"2017-10-20 02:56:57","Binance Lists DASH","115002273032"
20477,1508751476000,"2017-10-23 09:37:56","Binance Adds OAX/BTC and ICN/BTC Trading Pairs","115002340412"
20476,1508824797000,"2017-10-24 05:59:57","Binance Distributes BTG and Adds BTG Markets","115002358672"
20474,1509018738000,"2017-10-26 11:52:18","Binance Lists EVX","115002405091"
20473,1509070184000,"2017-10-27 02:09:44","Binance Lists REQ","115002422591"
20469,1509335009000,"2017-10-30 03:43:29","Binance Lists LRC","115002456831"
20468,1509349954000,"2017-10-30 07:52:34","Binance Lists VIB","115002469052"
20466,1509421336000,"2017-10-31 03:42:16","Binance Lists HSR and TRX","115002485371"
20463,1509507017000,"2017-11-01 03:30:17","Binance Lists POWR","115002511771"
20461,1509527504000,"2017-11-01 09:11:44","Binance Lists ARK","115002520852"
20460,1509593285000,"2017-11-02 03:28:05","Binance Lists YOYO","115002541572"
20459,1509609281000,"2017-11-02 07:54:41","Binance Lists XRP","115002544272"
20458,1509675517000,"2017-11-03 02:18:37","Binance Lists MOD","115002555071"
20457,1509680117000,"2017-11-03 03:35:17","Binance Lists ENJ","115002560032"
20456,1509698919000,"2017-11-03 08:48:39","Binance Lists STORJ","115002558291"
20455,1509940607000,"2017-11-06 03:56:47","Binance Adds BNB/USDT Trading Pair","115002584432"
20452,1509961169000,"2017-11-06 09:39:29","Binance Adds YOYO/BNB Trading Pair","115002587512"
20450,1510027439000,"2017-11-07 04:03:59","Binance Adds POWR/BNB Trading Pair","115002603191"
20449,1510032820000,"2017-11-07 05:33:40","Binance Adds  VEN/BTC and VEN/ETH Trading Pairs","115002603532"
20446,1510043782000,"2017-11-07 08:36:22","Binance Lists KMD","115002606332"
20444,1510110707000,"2017-11-08 03:11:47","Binance Lists NULS","115002628192"
20443,1510117670000,"2017-11-08 05:07:50","Binance Lists RCN","115002630091"
20442,1510194031000,"2017-11-09 02:20:31","Binance Adds  NULS/BTC and NULS/ETH Trading Pairs","115002663492"
20440,1510225984000,"2017-11-09 11:13:04","Binance Lists RDN","115002668532"
20439,1510294093000,"2017-11-10 06:08:13","Binance Lists XMR","115002687171"
20438,1510300536000,"2017-11-10 07:55:36","Binance Lists DLT","115002686212"
20437,1510306830000,"2017-11-10 09:40:30","Binance Adds  WTC/BNB Trading Pair","115002689251"
20436,1510308035000,"2017-11-10 10:00:35","Binance Adds  DLT/BTC and DLT/ETH Trading Pairs","115002687552"
20435,1510329779000,"2017-11-10 16:02:59","Binance Lists AMB","115002695991"
20434,1510388488000,"2017-11-11 08:21:28","Binance Adds  BCC/USDT, BCC/ETH and BCC/BNB Trading Pairs","115002707391"
20432,1510567874000,"2017-11-13 10:11:14","Binance Lists BAT","115002721972"
20430,1510631276000,"2017-11-14 03:47:56","Binance Lists ZEC","115002739912"
20427,1510658670000,"2017-11-14 11:24:30","Binance Lists BCPT","115002744272"
20426,1510713984000,"2017-11-15 02:46:24","Binance Lists ARN","115002766572"
20422,1510824868000,"2017-11-16 09:34:28","Binance Lists GVT","115002791572"
20421,1510829514000,"2017-11-16 10:51:54","Binance Lists CDT","115002792972"
20420,1510887497000,"2017-11-17 02:58:17","Binance Lists GXS","115002819892"
20416,1511149219000,"2017-11-20 03:40:19","Binance Adds  NEO/USDT and NEO/BNB Trading Pairs","115002852572"
20415,1511172141000,"2017-11-20 10:02:21","Binance Lists POE","115002858231"
20413,1511230020000,"2017-11-21 02:07:00","Binance Lists QSP","115002876032"
20412,1511246191000,"2017-11-21 06:36:31","Binance Lists BTS","115002878712"
20409,1511330091000,"2017-11-22 05:54:51","Binance Lists XZC","115002904372"
20407,1511343225000,"2017-11-22 09:33:45","Binance Lists LSK","115002908032"
20406,1511345208000,"2017-11-22 10:06:48","Binance Lists TNT","115002907731"
20404,1511425941000,"2017-11-23 08:32:21","Binance Lists FUEL","115002979891"
20402,1511490240000,"2017-11-24 02:24:00","Binance Lists MANA","115002992091"
20397,1511533205000,"2017-11-24 14:20:05","Binance Distributes Bitcoin Diamond BCD and Adds BCD Markets","115002998351"
20394,1511761691000,"2017-11-27 05:48:11","Binance Lists DGD","115003014531"
20391,1511854797000,"2017-11-28 07:39:57","Binance Adds IOTA/BNB Trading Pair","115003044672"
20388,1511924616000,"2017-11-29 03:03:36","Binance Lists ADX","115003068011"
20381,1512001589000,"2017-11-30 00:26:29","Binance Lists ADA","115003098851"
20380,1512099691000,"2017-12-01 03:41:31","Binance Lists PPT","115003127752"
20375,1512471795000,"2017-12-05 11:03:15","Binance Lists CMT","115003181091"
20373,1512712653000,"2017-12-08 05:57:33","Binance Lists XLM","115003322791"
20370,1512960878000,"2017-12-11 02:54:38","Binance Lists Cindicator (CND)","115003355151"
20369,1512980971000,"2017-12-11 08:29:31","Gifto (GIFTO) Token Sale Events","115003360011"
20366,1513040104000,"2017-12-12 00:55:04","Binance Lists Wabi (WABI)","115003404092"
20367,1513068154000,"2017-12-12 08:42:34","Binance Lists December Community Coin - ETHLend (LEND)","115003399432"
20365,1513135533000,"2017-12-13 03:25:33","Binance Adds LTC/BNB, LTC/ETH and LTC/USDT Trading Pairs","115003421092"
20357,1513297468000,"2017-12-15 00:24:28","Binance Lists Waves (WAVES)","115003455711"
20362,1513318891000,"2017-12-15 06:21:31","Binance Lists Time New Bank (TNB)","115003451291"
20355,1513572920000,"2017-12-18 04:55:20","Binance Lists ICON (ICX)","115003507132"
20354,1513576977000,"2017-12-18 06:02:57","Bread (BRD) Token Sale Events","115003481771"
20353,1513584384000,"2017-12-18 08:06:24","Binance Distributes and Lists GIFTO (GTO)","115003483271"
20349,1513662902000,"2017-12-19 05:55:02","Binance Lists Simple Token (OST)","115003530072"
20345,1513827998000,"2017-12-21 03:46:38","Binance Lists ælf (ELF)","115003576472"
20344,1513845863000,"2017-12-21 08:44:23","Binance Lists Aion (AION)","115003580272"
20341,1513924370000,"2017-12-22 06:32:50","Binance Lists Neblio (NEBL)","115003598012"
20340,1514088602000,"2017-12-24 04:10:02","Binance Distributes and Lists Bread (BRD)","115003644872"
20339,1514179371000,"2017-12-25 05:22:51","Binance Adds MCO/BNB Trading Pair","115003637211"
20338,1514184176000,"2017-12-25 06:42:56","Binance Lists Eidoo (EDO)","115003647752"
20336,1514258428000,"2017-12-26 03:20:28","Binance Lists Wings (WINGS)","115003643971"
20333,1514364337000,"2017-12-27 08:45:37","Binance Lists NAV Coin (NAV)","115003668252"
20331,1514444016000,"2017-12-28 06:53:36","Binance Lists Lunyr (LUN)","115003672371"
20330,1514526740000,"2017-12-29 05:52:20","Binance Lists Triggers (TRIG)","115003697872"
20312,1515167173000,"2018-01-05 15:46:13","Binance Lists AppCoins (APPC)","115003793551"
20307,1515565152000,"2018-01-10 06:19:12","Binance Lists VIBE (VIBE)","115003879851"
20306,1515736454000,"2018-01-12 05:54:14","Binance Lists iExec RLC (RLC)","115003950952"
20305,1515997869000,"2018-01-15 06:31:09","Binance Lists INS Ecosystem (INS)","360000008412"
20302,1516677045000,"2018-01-23 03:10:45","Binance Lists PIVX (PIVX)","360000216591"
20301,1516772829000,"2018-01-24 05:47:09","Binance Lists IOStoken (IOST)","360000235812"
20299,1517394095000,"2018-01-31 10:21:35","Binance Lists ChatCoin (CHAT)","360000447931"
20297,1517477249000,"2018-02-01 09:27:29","Binance Lists Steem (STEEM)","360000492012"
20296,1517579007000,"2018-02-02 13:43:27","Binance Lists Nano (NANO)","360000532912"
20295,1517815922000,"2018-02-05 07:32:02","Binance Lists Viacoin (VIA)","360000564532"
20291,1517912444000,"2018-02-06 10:20:44","Binance Lists Bluzelle (BLZ)","360000638211"
20290,1518003652000,"2018-02-07 11:40:52","Binance Lists Aeternity (AE)","360000668312"
20279,1518404578000,"2018-02-12 03:02:58","Binance Lists Red Pulse (RPX)","360000842472"
20273,1519634728000,"2018-02-26 08:45:28","Binance Lists Nucleus Vision (NCASH)","360001198991"
20270,1519800296000,"2018-02-28 06:44:56","Binance Lists POA Network (POA)","360001285971"
20265,1520229161000,"2018-03-05 05:52:41","Binance Lists Round 6 Community Coin Winner - Zilliqa (ZIL)","360001411811"
20262,1520486800000,"2018-03-08 05:26:40","Binance Lists Ontology (ONT)","360001553431"
20258,1520833490000,"2018-03-12 05:44:50","Binance Lists Storm (STORM)","360001626052"
20251,1521525561000,"2018-03-20 05:59:21","Binance Lists NEM (XEM)","360001903091"
20249,1521777088000,"2018-03-23 03:51:28","Binance Lists Wancoin (WAN)","360002030432"
20247,1522053367000,"2018-03-26 08:36:07","Binance Lists Qlink (QLC)","360002108311"
20245,1522224237000,"2018-03-28 08:03:57","Binance Lists Syscoin (SYS)","360002185452"
20243,1522303511000,"2018-03-29 06:05:11","Binance Lists WePower (WPR)","360002259711"
20242,1522649641000,"2018-04-02 06:14:01","Binance Adds QLC/BNB Trading Pair","360002319172"
20238,1522832590000,"2018-04-04 09:03:10","Binance Lists Groestlcoin (GRS)","360002394971"
20237,1522904848000,"2018-04-05 05:07:28","Binance Delists Centra (CTR) Token","360002428872"
20231,1523937238000,"2018-04-17 03:53:58","Binance Adds ADA/BNB and ADA/USDT Trading Pairs","360002770711"
20230,1524032382000,"2018-04-18 06:19:42","Binance Lists CloakCoin (CLOAK)","360002826891"
20228,1524810925000,"2018-04-27 06:35:25","Binance Lists Golem (GNT)","360003082032"
20227,1525241969000,"2018-05-02 06:19:29","Binance Lists Loom Network (LOOM)","360003216612"
20224,1525420997000,"2018-05-04 08:03:17","Binance Adds XRP/USDT Trading Pair","360003376012"
20223,1525747827000,"2018-05-08 02:50:27","Binance Lists Bytecoin (BCN)","360003461372"
20220,1526021793000,"2018-05-11 06:56:33","Binance Lists Augur (REP)","360003789392"
20218,1526456000000,"2018-05-16 07:33:20","Binance Will List TrueUSD (TUSD) on 2018/05/18","360003892832"
20216,1526527047000,"2018-05-17 03:17:27","Notice to Postpone Listing of TrueUSD (TUSD)","360003925232"
20214,1527042652000,"2018-05-23 02:30:52","Binance Lists ZenCash (ZEN)","360004160491"
20213,1527052787000,"2018-05-23 05:19:47","Notice to Postpone Listing of ZenCash (ZEN)","360004162291"
20212,1527058042000,"2018-05-23 06:47:22","Binance To Open Trading For ZenCash (ZEN)","360004163251"
20210,1527069382000,"2018-05-23 09:56:22","Binance Will List Skycoin (SKY) on 2018/05/24","360004168831"
20206,1527480204000,"2018-05-28 04:03:24","Binance Adds EOS/BNB, EOS/USDT Trading Pairs and EOS Mainnet Swap Update","360004246452"
20205,1527495779000,"2018-05-28 08:22:59","Binance Lists Civic (CVC)","360004291071"
20204,1527576325000,"2018-05-29 06:45:25","Binance Lists Theta Token (THETA)","360004314271"
20203,1527757392000,"2018-05-31 09:03:12","Binance Adds XRP/BNB, TUSD/USDT, XLM/USDT and IOTA/USDT Trading Pairs","360004408631"
20202,1527824556000,"2018-06-01 03:42:36","Binance Lists IoTeX (IOTX)","360004401292"
20201,1527833513000,"2018-06-01 06:11:53","EOS Mainnet Swap Update","360004403532"
20198,1528091880000,"2018-06-04 05:58:00","Binance Lists QuarkChain (QKC)","360004451332"
20197,1528102142000,"2018-06-04 08:49:02","Notice to Postpone Listing of QuarkChain (QKC)","360004502151"
20196,1528134993000,"2018-06-04 17:56:33","Binance To Open Trading For QuarkChain (QKC) and Risk Warning","360004471832"
20195,1528182876000,"2018-06-05 07:14:36","Binance Lists SingularityNET (AGI)","360004538211"
20194,1528185759000,"2018-06-05 08:02:39","Notice to Postpone Listing of SingularityNET (AGI)","360004539731"
20192,1528253437000,"2018-06-06 02:50:37","Binance Lists Nexus (NXS)","360004543052"
20189,1528428204000,"2018-06-08 03:23:24","Binance Lists Streamr (DATA)","360004689291"
20188,1528439914000,"2018-06-08 06:38:34","Binance Supports ONT Mainnet Swap and Adds ONT/USDT Trading Pair ","360004692771"
20185,1528768577000,"2018-06-12 01:56:17","Binance Adds ETC/BNB and ETC/USDT Trading Pairs","360004714052"
20181,1528875508000,"2018-06-13 07:38:28","Binance Supports ICX Mainnet Swap and Adds ICX/USDT Trading Pair ","360004753992"
20180,1528943960000,"2018-06-14 02:39:20","Binance Lists Siacoin (SC)","360004844211"
20175,1529466102000,"2018-06-20 03:41:42","Binance Lists Community Coin Round 7 Winner - Pundi X (NPXS)","360004930532"
20172,1529651123000,"2018-06-22 07:05:23","Binance Supports VEN Mainnet Swap and Adds VEN/USDT Trading Pair ","360005001912"
20165,1530066443000,"2018-06-27 02:27:23","Binance Lists SelfKey (KEY)","360005243271"
20163,1530084483000,"2018-06-27 07:28:03","Binance Will List Nebulas (NAS) on 2018/06/28","360005322212"
20148,1530763628000,"2018-07-05 04:07:08","Binance Lists Mainframe (MFT)","360006990251"
20144,1530847167000,"2018-07-06 03:19:27","Binance Lists Dent (DENT)","360006727832"
20132,1531893587000,"2018-07-18 05:59:47","Binance Lists Ardor (ARDR)","360007518891"
20127,1532312359000,"2018-07-23 02:19:19","Binance Supports NULS Mainnet Swap and Adds NULS/USDT Trading Pair ","360007895271"
20126,1532332488000,"2018-07-23 07:54:48","Binance Will List Holo (HOT) on 2018/07/24","360007931511"
20119,1532920065000,"2018-07-30 03:07:45","Binance Lists Dock (DOCK)","360010436071"
20118,1533006369000,"2018-07-31 03:06:09","Binance Lists Community Coin Round 8 Winner - Polymath (POLY)","360010643912"
20107,1534834206000,"2018-08-21 06:50:06","Binance Completes HSR to HC Mainnet Swap and Opens Trading","360013954012"
20091,1536652925000,"2018-09-11 08:02:05","Binance Will List GoChain (GO) on 2018/09/12","360015598692"
20089,1537325220000,"2018-09-19 02:47:00","Binance Adds TRX/BNB Trading Pair","360015889692"
20087,1537508182000,"2018-09-21 05:36:22","Binance Will List Paxos Standard Token (PAX) and Opens Deposits","360016212951"
20086,1538056026000,"2018-09-27 13:47:06","Binance Will List PAX/BNB Trading Pair","360016443951"
20084,1538298093000,"2018-09-30 09:01:33","Binance Will List PAX/BTC Trading Pair","360016545171"
20083,1538637083000,"2018-10-04 07:11:23","Binance Will List PAX/USDT Trading Pair","360016713791"
20081,1538903175000,"2018-10-07 09:06:15","Binance Will List PAX/ETH Trading Pair","360016676392"
20077,1539251946000,"2018-10-11 09:59:06","Binance Will List Ravencoin (RVN) on 2018/10/12","360017544892"
20069,1540264572000,"2018-10-23 03:16:12","Binance Will List Decred (DCR) on 2018/10/24","360018572891"
20058,1542250522000,"2018-11-15 02:55:22","Binance Will List USD Coin (USDC) on 2018/11/17","360019828831"
20057,1542268987000,"2018-11-15 08:03:07","Binance Lists Mithril (MITH)","360019834291"
20056,1542341053000,"2018-11-16 04:04:13","Binance Has Distributed Bitcoin Cash ABC (BCHABC), Bitcoin Cash SV (BCHSV) and Will Open Trading","360019875411"
20054,1543280393000,"2018-11-27 00:59:53","Binance Will Add PAX Quote Pairs into the USDⓈ Trading Market/Tab","360020263451"
20048,1544063863000,"2018-12-06 02:37:43","Binance Lists Republic Protocol (REN)","360020624151"
20046,1544093962000,"2018-12-06 10:59:22","Binance Will Add TUSD Quote Pairs into the USDⓈ Trading Market/Tab","360020638931"
20042,1544756439000,"2018-12-14 03:00:39","Binance Will Add USDC Quote Pairs into the USDⓈ Trading Market/Tab","360020702932"
20041,1545106535000,"2018-12-18 04:15:35","Binance Adds ADA/TUSD, TRX/TUSD and NEO/TUSD Trading Pairs","360021080731"
20037,1545632433000,"2018-12-24 06:20:33","Binance Adds TRX/XRP and XZC/XRP Trading Pairs","360021040432"
20031,1546844696000,"2019-01-07 07:04:56","Binance Will Add PAX/TUSD, USDC/TUSD and USDC/PAX Trading Pairs","360021610391"
20030,1547524825000,"2019-01-15 04:00:25","Binance Will Add LINK/USDT, LINK/TUSD, LINK/PAX and LINK/USDC Trading Pairs","360021982271"
20026,1547693687000,"2019-01-17 02:54:47","Binance Will Add WAVES/USDT, WAVES/TUSD, WAVES/PAX and WAVES/USDC Trading Pairs","360022080831"
20024,1548049077000,"2019-01-21 05:37:57","Binance Will Add Additional Trading Pairs for BCHABC and BCHSV","360022190791"
20022,1548228002000,"2019-01-23 07:20:02","Binance Will Add Additional Trading Pairs for LTC and TRX","360022304431"
20019,1548826824000,"2019-01-30 05:40:24","Binance Lists BitTorrent (BTT) and Completes Distribution for Successful Launchpad Participants and Additional Airdrop","360022429812"
20016,1549015318000,"2019-02-01 10:01:58","Binance Will List StableUSD (USDS) on 2019/02/06","360022747791"
20013,1550035456000,"2019-02-13 05:24:16","Binance Adds USDS/USDT, USDS/PAX, USDS/TUSD and USDS/USDC Trading Pairs","360023302871"
20012,1550114293000,"2019-02-14 03:18:13","Binance Adds BTT/PAX, BTT/TUSD and BTT/USDC Trading Pairs","360023573771"
20010,1550223108000,"2019-02-15 09:31:48","Binance Will List Ontology Gas (ONG)","360023804971"
20008,1550470365000,"2019-02-18 06:12:45","Binance Adds HOT/BNB and HOT/USDT Trading Pairs","360023982571"
20007,1550560103000,"2019-02-19 07:08:23","Binance Adds ZIL/USDT Trading Pair","360023769852"
20002,1551259348000,"2019-02-27 09:22:28","Binance Adds ZRX/BNB and ZRX/USDT Trading Pairs","360024337232"
20001,1551262909000,"2019-02-27 10:21:49","Binance Lists Fetch.AI (FET) and Completes Distribution for Successful Launchpad Participants","360024623051"
19998,1551682169000,"2019-03-04 06:49:29","Binance Adds BAT/USDT Trading Pair","360024798251"
19989,1552381864000,"2019-03-12 09:11:04","Binance Will Add TUSD Quote Pairs into the USDⓈ Trading Market/Tab","360025207051"
19986,1552555878000,"2019-03-14 09:31:18","Binance Adds XMR/BNB and XMR/USDT Trading Pairs","360025316371"
19982,1553061039000,"2019-03-20 05:50:39","Binance Will Add Additional Trading Pairs for ZEC","360025239772"
19981,1553165327000,"2019-03-21 10:48:47","Binance Adds IOST/BNB and IOST/USDT Trading Pairs","360025595971"
19980,1553325327000,"2019-03-23 07:15:27","Binance Lists Celer Token (CELR) and Completes Distribution of CELR","360025709351"
19978,1553596202000,"2019-03-26 10:30:02","Binance Adds ADA/PAX, ADA/USDC, NEO/PAX and NEO/USDC Trading Pairs","360025509552"
19975,1553686174000,"2019-03-27 11:29:34","Binance Adds DASH/BNB and DASH/USDT Trading Pairs","360025579892"
19971,1554192518000,"2019-04-02 08:08:38","Binance Adds NANO/USDT, OMG/USDT and OMG/BNB Trading Pairs","360026171531"
19968,1554791835000,"2019-04-09 06:37:15","Binance Adds THETA/USDT Trading Pair","360026266212"
19963,1555496847000,"2019-04-17 10:27:27","Binance Adds ENJ/USDT Trading Pair","360027050131"
19960,1555637467000,"2019-04-19 01:31:07","Binance Adds MITH/USDT Trading Pairs","360027198611"
19954,1556186496000,"2019-04-25 10:01:36","Binance Completes Matic Network Lottery Draw and Will Open Trading For MATIC","360027613071"
19952,1556441001000,"2019-04-28 08:43:21","Binance Will List Cosmos (ATOM)","360027707351"
19947,1557137985000,"2019-05-06 10:19:45","Binance Adds ATOM/USDC, ATOM/PAX and ATOM/TUSD Trading Pairs","360027967611"
19944,1557223355000,"2019-05-07 10:02:35","Binance Will Add Additional Trading Pairs for ETC and BAT","360027726952"
19935,1558312877000,"2019-05-20 00:41:17","Binance Will Support the Red Pulse Phoenix (PHX) Token Migration to Binance Chain","360028589091"
19933,1558666813000,"2019-05-24 03:00:13","Binance Will List Theta Fuel (TFUEL)","360028459892"
19931,1559031246000,"2019-05-28 08:14:06","Binance Completes Harmony Lottery Draw and Will Open Trading For ONE","360028844491"
19924,1560159926000,"2019-06-10 09:45:26","Binance Will List Fantom (FTM)","360029028772"
19919,1560838455000,"2019-06-18 06:14:15","Binance Will List Bitcoin BEP2 (BTCB)","360029288972"
19917,1560856040000,"2019-06-18 11:07:20","Binance Adds BCPT/PAX, BCPT/TUSD and BCPT/USDC Trading Pairs","360029297852"
19913,1561084740000,"2019-06-21 02:39:00","Binance Will List Algorand (ALGO)","360029772691"
19912,1561358416000,"2019-06-24 06:40:16","Binance Adds USDSB/USDT and USDSB/USDS Trading Pairs","360029522132"
19907,1561949970000,"2019-07-01 02:59:30","Binance Will Add Additional Trading Pairs for GTO","360030084651"
19905,1562054450000,"2019-07-02 08:00:50","Binance Completes Elrond Lottery Draw and Will Open Trading For ERD","360030127431"
19902,1562310849000,"2019-07-05 07:14:09","Binance Will List Dogecoin (DOGE)","360030488211"
19890,1563438261000,"2019-07-18 08:24:21","More Assets and Pairs Now Available on Binance Margin Trading","360030724872"
19886,1563780013000,"2019-07-22 07:20:13","Binance Will List Dusk Network (DUSK)","360030822232"
19884,1563795573000,"2019-07-22 11:39:33","Binance Will List Binance GBP Stable Coin (BGBP)","360030827252"
19882,1563882277000,"2019-07-23 11:44:37","Binance Lists First BEP2 Community Listing Project - Ankr (ANKR)","360031199591"
19877,1564120993000,"2019-07-26 06:03:13","Binance Adds Margin Trading for ONT & ADA","360030963692"
19875,1564140985000,"2019-07-26 11:36:25","Binance Adds ONT/PAX and ONT/USDC Trading Pairs","360031304791"
19872,1564560737000,"2019-07-31 08:12:17","Binance Completes WINk Lottery Draw and Will Open Trading For WIN","360031456871"
19869,1564732095000,"2019-08-02 07:48:15","Binance Will List Contentos (COS)","360031581411"
19864,1565232614000,"2019-08-08 02:50:14","Binance Will List BEP2 TrueUSD (TUSDB)","360032154071"
19860,1565265402000,"2019-08-08 11:56:42","Binance Adds Margin Trading for USDC, LTC and ETC","360031815992"
19856,1565681046000,"2019-08-13 07:24:06","Binance Adds NPXS/USDT and NPXS/USDC Trading Pairs","360032275071"
19847,1566300153000,"2019-08-20 11:22:33","Binance Will List Cocos-BCX (COCOS)","360032374372"
19844,1566464294000,"2019-08-22 08:58:14","Binance Adds Margin Trading for BCHABC & XLM","360032819611"
19842,1566527128000,"2019-08-23 02:25:28","Binance Adds MTL/USDT Trading Pair","360032852491"
19839,1566567665000,"2019-08-23 13:41:05","Binance Lists Second BEP2 Community Listing Project - TomoChain (TOMO)","360032514812"
19836,1566719351000,"2019-08-25 07:49:11","Binance Completes Perlin Lottery Draw and Will Open Trading For PERL","360032900851"
19835,1566808998000,"2019-08-26 08:43:18","Binance Adds Multiple USDT Trading Pairs","360032561852"
19827,1567070230000,"2019-08-29 09:17:10","Binance Adds Margin Trading for NEO & XMR","360033074671"
19821,1567577904000,"2019-09-04 06:18:24","Binance Adds BTT/TRX and WIN/TRX Trading Pairs","360033334391"
19818,1567655255000,"2019-09-05 03:47:35","Binance Lists Chiliz (CHZ)","360033377831"
19800,1568701958000,"2019-09-17 06:32:38","Binance Adds Margin Trading for ATOM","360033805771"
19799,1568706734000,"2019-09-17 07:52:14","Binance Completes Band Protocol Lottery Draw and Will Open Trading For BAND","360033446712"
19797,1568717023000,"2019-09-17 10:43:43","Binance Opens New BUSD Fiat Gateway and Will List BUSD","360033449692"
19794,1568793668000,"2019-09-18 08:01:08","Binance Adds Margin Trading for DASH and ZEC","360033850511"
19791,1568947336000,"2019-09-20 02:42:16","Binance Adds BUSD/USDT Trading Pair","360033565532"
19790,1568953327000,"2019-09-20 04:22:07","Binance Lists Beam (BEAM)","360033568792"
19789,1568976805000,"2019-09-20 10:53:25","Binance Will Postpone the Trading of Beam (BEAM) by 24 Hours","360033584192"
19781,1569236370000,"2019-09-23 10:59:30","Binance Lists Tezos (XTZ)","360033775612"
19778,1569309089000,"2019-09-24 07:11:29","Binance Adds Margin Trading for MATIC","360033938952"
19777,1569396289000,"2019-09-25 07:24:49","Binance Adds REN/USDT, RVN/USDT and HC/USDT Trading Pairs","360034375831"
19771,1569544545000,"2019-09-27 00:35:45","Binance Lists Hedera Hashgraph (HBAR)","360034163312"
19766,1569811511000,"2019-09-30 02:45:11","Notice of Removal of Trading Pairs","360034580431"
19750,1570788460000,"2019-10-11 10:07:40","Binance Will List Community Coin Vote Winner NKN and Has Distributed Rewards","360034707252"
19743,1571122476000,"2019-10-15 06:54:36","Binance Adds Margin Trading for BUSD","360035181771"
19737,1571626326000,"2019-10-21 02:52:06","Binance Adds Multiple BUSD Trading Pairs","360035365951"
19735,1571730026000,"2019-10-22 07:40:26","Binance Adds Margin Trading for BAT","360035045452"
19731,1571842641000,"2019-10-23 14:57:21","Binance Lists Blockstack (STX)","360035477851"
19730,1571904998000,"2019-10-24 08:16:38","Binance Completes Kava Lottery Draw and Will Open Trading For KAVA","360035508151"
19724,1572333231000,"2019-10-29 07:13:51","Binance Adds Margin Trading for IOST and VET","360035635231"
19718,1572506495000,"2019-10-31 07:21:35","Binance Adds Margin Trading for QTUM","360035368572"
19716,1572520391000,"2019-10-31 11:13:11","Notice of Removal of Trading Pairs - 2019/11/01","360035737211"
19710,1572937285000,"2019-11-05 07:01:25","Binance Adds Margin Trading for XRP/ETH","360035874951"
19707,1573036658000,"2019-11-06 10:37:38","Binance Will List Community Coin Vote Round 2 Winner ARPA and Has Distributed Rewards","360035929331"
19706,1573108337000,"2019-11-07 06:32:17","Binance Adds TRX/BUSD and EOS/BUSD Trading Pairs","360035976051"
19705,1573112190000,"2019-11-07 07:36:30","Binance Margin Trading Adds BNB/ETH to Available Trading Pairs","360035977211"
19693,1573639331000,"2019-11-13 10:02:11","Binance Adds IOTX/USDT and RLC/USDT Trading Pairs","360035841492"
19692,1573716142000,"2019-11-14 07:22:22","Binance Adds Margin Trading for IOTA","360036250031"
19690,1573726448000,"2019-11-14 10:14:08","Notice of Removal of Trading Pairs - 2019/11/15","360035903932"
19684,1574134096000,"2019-11-19 03:28:16","Binance Adds MCO/USDT Trading Pair","360036032032"
19679,1574220967000,"2019-11-20 03:36:07","Binance Adds XLM/BUSD and ADA/BUSD Trading Pairs","360036078972"
19674,1574416813000,"2019-11-22 10:00:13","Binance Will List Community Coin Vote Round 3 Winner CTXC and Has Distributed Rewards","360036188232"
19668,1574753545000,"2019-11-26 07:32:25","Binance Adds Margin Trading for XTZ","360036908951"
19661,1574987392000,"2019-11-29 00:29:52","Binance Futures Launches ETH/USDT Perpetual Contract - Up to 50x Leverage","360036964392"
19660,1575272962000,"2019-12-02 07:49:22","Binance Adds Trading Pairs for Russian Ruble (RUB)","360037408011"
19655,1575358032000,"2019-12-03 07:27:12","Binance Adds Margin Trading for RVN","360037460511"
19654,1575365115000,"2019-12-03 09:25:15","Notice of Removal of Trading Pairs - 2019/12/04","360037462111"
19650,1575448147000,"2019-12-04 08:29:07","Binance Completes Troy Lottery Draw and Will Open Trading For TROY","360037145312"
19646,1575602356000,"2019-12-06 03:19:16","Binance Adds BUSD/RUB, VET/BUSD and QTUM/BUSD Trading Pairs","360037620571"
19637,1576232625000,"2019-12-13 10:23:45","Binance Will List Community Coin Vote Round 4 Winner VITE and Has Distributed Rewards","360037890251"
19623,1576747899000,"2019-12-19 09:31:39","Notice of Removal of Trading Pairs - 2019/12/20","360037716312"
19621,1576760943000,"2019-12-19 13:09:03","Binance Futures Launches BCH/USDT Perpetual Contract With Up to 75x Leverage","360037742632"
19620,1576810511000,"2019-12-20 02:55:11","Binance Announces Strategic Investment in FTX and Lists FTX Token (FTT)","360038147271"
19599,1578303174000,"2020-01-06 09:32:54","Notice of Removal of USDC Trading Pairs on 2020/01/07","360038120032"
19597,1578310929000,"2020-01-06 11:42:09","Binance Futures Launches XRP/USDT Perpetual Contract With Up to 75x Leverage","360038497311"
19596,1578367233000,"2020-01-07 03:20:33","Binance Lists Origin Protocol (OGN)","360038151092"
19594,1578404008000,"2020-01-07 13:33:28","Binance Futures Will Launch EOS/USDT Perpetual Contract With Up to 75x Leverage","360038540771"
19591,1578474099000,"2020-01-08 09:01:39","Binance Futures Will Launch LTC/USDT Perpetual Contract With Up to 75x Leverage","360038585151"
19584,1579009087000,"2020-01-14 13:38:07","Binance Futures Will Launch TRX/USDT Perpetual Contract With Up to 75x Leverage","360038407872"
19582,1579082604000,"2020-01-15 10:03:24","Binance Futures Will Launch ETC/USDT Perpetual Contract With Up to 75x Leverage","360038833831"
19577,1579169113000,"2020-01-16 10:05:13","Binance Futures Will Launch LINK/USDT Perpetual Contract With Up to 75x Leverage","360038885371"
19576,1579172819000,"2020-01-16 11:06:59","Binance Will List Community Coin Vote Round 5 Winner DREP and Has Distributed Rewards","360038501652"
19574,1579241418000,"2020-01-17 06:10:18","Binance Adds Margin Trading pair for BUSD","360038929071"
19572,1579253919000,"2020-01-17 09:38:39","Binance Lists FTX Leveraged Tokens: BULL, BEAR, ETHBULL & ETHBEAR","360038933471"
19569,1579266638000,"2020-01-17 13:10:38","Temporary Trading Halt for ETHBULL and ETHBEAR Trading Pairs","360038551032"
19566,1579424671000,"2020-01-19 09:04:31","Binance Futures Will Launch XLM/USDT Perpetual Contract With Up to 75x Leverage","360038969011"
19550,1580377094000,"2020-01-30 09:38:14","Binance Futures Will Launch ADA/USDT Perpetual Contract With Up to 75x Leverage","360039355391"
19547,1580631153000,"2020-02-02 08:12:33","Binance Futures Will Launch XMR/USDT Perpetual Contract With Up to 75x Leverage","360039429631"
19546,1580698208000,"2020-02-03 02:50:08","Binance Will Resume Trading for ETHBULL/USDT, ETHBULL/BUSD, ETHBEAR/USDT and ETHBEAR/BUSD Trading Pairs","360039036032"
19543,1580722089000,"2020-02-03 09:28:09","Binance Futures Will Launch DASH/USDT Perpetual Contract With Up to 50x Leverage","360039045092"
19542,1580728308000,"2020-02-03 11:11:48","Binance Adds BUSD Margin Pairs for BCH, EOS, XRP and LTC","360039046272"
19539,1580800357000,"2020-02-04 07:12:37","Binance Futures Will Launch ZEC/USDT Perpetual Contract With Up to 50x Leverage","360039081212"
19538,1580804226000,"2020-02-04 08:17:06","Binance Completes WazirX Lottery Draw and Will Open Trading For WRX","360039081832"
19532,1580897669000,"2020-02-05 10:14:29","Binance Futures Will Launch XTZ/USDT Perpetual Contract With Up to 50x Leverage","360039529911"
19529,1580965937000,"2020-02-06 05:12:17","Binance Adds ICX, BTS, LSK and BNT Stablecoin Trading Pairs","360039150832"
19528,1580969690000,"2020-02-06 06:14:50","Binance Adds BUSD Margin Pairs for BNB and ETH","360039561391"
19527,1580974001000,"2020-02-06 07:26:41","Binance Futures Will Launch ATOM/USDT Perpetual Contract With Up to 50x Leverage","360039562671"
19526,1580977617000,"2020-02-06 08:26:57","Notice of Removal of Trading Pairs - 2020/02/07","360039154812"
19523,1581072201000,"2020-02-07 10:43:21","Binance Futures Will Launch BNB/USDT Perpetual Contract With Up to 50x Leverage","360039190692"
19519,1581325348000,"2020-02-10 09:02:28","Binance Futures Will Launch ONT/USDT Perpetual Contract With Up to 50x Leverage","360039232572"
19516,1581393547000,"2020-02-11 03:59:07","Binance Adds BUSD Trading Pairs for ATOM, DASH, NEO, WAVES & XTZ","360039671311"
19508,1581480121000,"2020-02-12 04:02:01","Binance Lists FTX Leveraged Tokens: EOSBULL, EOSBEAR, XRPBULL & XRPBEAR","360039712431"
19505,1581498048000,"2020-02-12 09:00:48","Binance Futures Will Launch BAT/USDT Perpetual Contract With Up to 50x Leverage","360039719631"
19503,1581573695000,"2020-02-13 06:01:35","Binance Futures Will Launch VET/USDT Perpetual Contract With Up to 50x Leverage","360039757391"
19499,1581656452000,"2020-02-14 05:00:52","Binance Adds BUSD Trading Pairs for BAT, ENJ, NANO, ONT & RVN","360039821091"
19496,1581843564000,"2020-02-16 08:59:24","Binance Futures Will Launch NEO/USDT Perpetual Contract With Up to 50x Leverage","360039470132"
19492,1582092316000,"2020-02-19 06:05:16","Binance Adds Additional Trading Pairs for STRAT and AION","360039968311"
19490,1582104660000,"2020-02-19 09:31:00","Binance Futures Will Launch QTUM/USDT Perpetual Contract With Up to 50x Leverage","360039972971"
19489,1582110014000,"2020-02-19 11:00:14","Notice of Removal of Trading Pairs - 2020/02/20","360039565412"
19485,1582189431000,"2020-02-20 09:03:51","Binance Futures Will Launch IOST/USDT Perpetual Contract With Up to 50x Leverage","360039606612"
19479,1582283319000,"2020-02-21 11:08:39","Binance Will List Community Coin Vote Round 6 Winner MBL and Has Distributed Rewards","360039659832"
19471,1582783043000,"2020-02-27 05:57:23","Binance Adds BUSD Margin Pairs for ETC, TRX and ADA","360039848552"
19469,1582790993000,"2020-02-27 08:09:53","Binance Adds BUSD Trading Pairs for ALGO, BTT, TOMO, XMR & ZEC","360040268751"
19468,1582859696000,"2020-02-28 03:14:56","Notice of Removal of Trading Pairs - 2020/02/28","360040310251"
19446,1583818609000,"2020-03-10 05:36:49","Notice of Removal of Trading Pairs - 2020/03/11","360040335232"
19443,1583900045000,"2020-03-11 04:14:05","Binance Lists FTX Leveraged Tokens: BNBBULL & BNBBEAR","360040821111"
19434,1584345873000,"2020-03-16 08:04:33","Binance Futures Increases Maximum Leverage on XTZ/USDT Contract to 75x","360040573512"
19427,1584611971000,"2020-03-19 09:59:31","Notice of Removal of Trading Pairs - 2020/03/20","360040740472"
19410,1585128742000,"2020-03-25 09:32:22","Binance Will List Community Coin Vote Round 7 Winner STPT and Has Distributed Rewards","360041016752"
19406,1585223428000,"2020-03-26 11:50:28","Notice of Removal of Trading Pairs - 2020/03/27","360041076472"
19400,1585403993000,"2020-03-28 13:59:53","Binance Will Delist All FTX Leveraged Tokens","360041613471"
19397,1585616261000,"2020-03-31 00:57:41","Binance Lists Binance KRW Stable Coin (BKRW)","360041694711"
19394,1585655319000,"2020-03-31 11:48:39","Binance Has Delisted All FTX Leveraged Tokens and Will Complete Distribution of BUSD","360041278332"
19385,1585826231000,"2020-04-02 11:17:11","Notice of Removal of Trading Pairs - 2020/04/03","360041826351"
19376,1586251038000,"2020-04-07 09:17:18","Binance Adds Additional Trading Pairs for DATA, WTC and XZC","360041567272"
19367,1586763704000,"2020-04-13 07:41:44","Binance Launches Options Trading on Mobile App","360041793272"
19364,1586862188000,"2020-04-14 11:03:08","Binance Loans Adds BCH, LTC and XRP as Collateral Options","360041846392"
19361,1587017384000,"2020-04-16 06:09:44","Binance Will List Rupiah Token (IDRT) ","360042362191"
19351,1587543895000,"2020-04-22 08:24:55","Binance Completes Cartesi Lottery Draw and Will Open Trading For CTSI","360042596691"
19348,1587640974000,"2020-04-23 11:22:54","Notice of Removal of Trading Pairs - 2020/04/24","360042235492"
19343,1587959820000,"2020-04-27 03:57:00","Binance Will List Hive (HIVE) ","360042363352"
19331,1588159566000,"2020-04-29 11:26:06","Notice of Removal of Trading Pairs - 2020/04/30","360042904031"
19325,1588849686000,"2020-05-07 11:08:06","Binance Will List Community Coin Vote Round 8 Winner CHR and Has Distributed Rewards","360042800112"
19322,1588930393000,"2020-05-08 09:33:13","Notice of Removal of Trading Pairs - 2020/05/09","360043293451"
19309,1589242824000,"2020-05-12 00:20:24","Binance Launches Binance Leveraged Tokens (BLVT) and Will List BTCUP and BTCDOWN","360043016272"
19305,1589454201000,"2020-05-14 11:03:21","Notice of Removal of Trading Pairs - 2020/05/15","360043154772"
19304,1589511023000,"2020-05-15 02:50:23","Binance Adds Additional Trading Pairs for ARDR, ERD and LEND","360043637271"
27038,1590050676000,"2020-05-21 08:44:36","Notice of Removal of Trading Pairs - 2020/05/22","360043486912"
27051,1590118492000,"2020-05-22 03:34:52","Binance Adds BUSD Trading Pairs for HBAR, MATIC, WRX and ZIL","360043967211"
27074,1590376812000,"2020-05-25 03:20:12","Binance Options Lists ETH and XRP Contracts","360044030771"
27072,1590473571000,"2020-05-26 06:12:51","Binance Enables Isolated Margin Trading for ADA, EOS, ETC, LINK and MATIC","360043611732"
27070,1590494174000,"2020-05-26 11:56:14","Binance Futures Will Launch THETA/USDT Perpetual Contract With Up to 50x Leverage","360043620252"
27200,1590661737000,"2020-05-28 10:28:57","Notice of Removal of Trading Pairs - 2020/05/29","360044173191"
27270,1590982748000,"2020-06-01 03:39:08","Binance Lists Binance IDR Stable Coin (BIDR)","360043895792"
27275,1591000174000,"2020-06-01 08:29:34","Binance Will Postpone the Trading Start Date of Binance IDR (BIDR)","360043901492"
27346,1591078517000,"2020-06-02 06:15:17","Binance Enables Isolated Margin Trading for THETA and ZRX","360044394411"
27397,1591144327000,"2020-06-03 00:32:07","Storm (STORM) Token Swap to STMX Will Be Supported on Binance","360043990532"
27419,1591251341000,"2020-06-04 06:15:41","Binance Enables Isolated Margin Trading for KAVA","360044028312"
27480,1591350531000,"2020-06-05 09:48:51","Binance Will List Community Coin Vote Round 9 Winner MDT and Has Distributed Rewards","360044545431"
27556,1591684277000,"2020-06-09 06:31:17","Binance Enables Isolated Margin Trading for ZIL and OMG","b63ca1c4b89041c48bdbc2be809c55b1"
27616,1591856403000,"2020-06-11 06:20:03","Isolated Margin Trading for FET and ALGO Enabled on Binance","11c8fd6382dd4855b98a2de01e365453"
27620,1591862453000,"2020-06-11 08:00:53","BTCUSD Quarterly Futures Contracts Launched on Binance Futures","50bc3c12c77047e4991ca4d15930245c"
27647,1591881258000,"2020-06-11 13:14:18","Notice of Removal of Trading Pairs - 2020/06/12","daeb6711046145ff988e5ae89e189ffa"
27668,1591940335000,"2020-06-12 05:38:55","BUSD and USDT Trading Pairs Added For KNC, REP and LRC on Binance","367a2fc985a6406780d80327d45b28ba"
27713,1592208441000,"2020-06-15 08:07:21","Binance Futures Will Launch ALGO/USDT Perpetual Contract With Up to 50x Leverage","28212b4588f243bc8007adbf119ac7e7"
27736,1592289242000,"2020-06-16 06:34:02","Isolated Margin Trading for KNC and TFUEL Enabled on Binance","7df06c9aeaf74bfc9bf322224eaa9cbd"
27764,1592374808000,"2020-06-17 06:20:08","Binance Futures Will Launch ZIL/USDT Perpetual Contract With Up to 50x Leverage","cb824f4cc2684487ac66fdcdd7ab3232"
27804,1592460713000,"2020-06-18 06:11:53","Isolated Margin Trading for HBAR, ENJ and NANO Enabled on Binance","12588e47353c4f68b40e8178ccb9ccfa"
27807,1592463624000,"2020-06-18 07:00:24","Binance Will List Everipedia (IQ) ","07da9b80ece143fca66be93863b367dc"
27908,1592795714000,"2020-06-22 03:15:14","Binance Futures Will Launch KNC/USDT Perpetual Contract With Up to 50x Leverage","a6f4712fbf404bc995768730b7438646"
27944,1592823608000,"2020-06-22 11:00:08","Binance Lists DigiByte (DGB) ","61dab303cffb4582b77afe3e4e830e1f"
27988,1592896034000,"2020-06-23 07:07:14","Binance Futures Will Launch ZRX/USDT Perpetual Contract With Up to 50x Leverage","2218a0d29a414cd48dd3326567e9dbb5"
28029,1592977026000,"2020-06-24 05:37:06","Binance Will Delist StableUSD (USDS)","52e0db956218405b8b5eda03012a0798"
28089,1593057612000,"2020-06-25 04:00:12","Binance Lists Compound (COMP) ","9b7dd13b0a444f1ba9b8ab9c9e5148b4"
28178,1593420536000,"2020-06-29 08:48:56","Binance Futures Will Launch COMP/USDT Perpetual Contract With Up to 50x Leverage","9f245e5e19e8494bad7a3f49424943aa"
28217,1593489788000,"2020-06-30 04:03:08","Binance Lists Binance IDR Stable Coin (BIDR)","d773aa27790a4d6cb0ddafc59e155421"
28260,1593587403000,"2020-07-01 07:10:03","Binance Futures Will Launch OMG/USDT Perpetual Contract With Up to 50x Leverage","c7ff131cce8e432087756a0370d082e8"
28301,1593682890000,"2020-07-02 09:41:30","Notice of Removal of Trading Pairs - 2020/07/03","69f7a2acb66340dba75c8c3374570c4f"
28345,1594004631000,"2020-07-06 03:03:51","BKRW/BUSD, BKRW/USDT, SC/USDT and ZEN/USDT Trading Pairs Added on Binance","2b3f76142dff4e2f9747eca06509035a"
28414,1594103200000,"2020-07-07 06:26:40","Isolated Margin Trading for REN, ICX Enabled on Binance","8c0a23c32f5f4278b5d393764cfd403d"
28435,1594131388000,"2020-07-07 14:16:28","Binance Announces Acquisition of Swipe and Lists Swipe (SXP)","4ef2d3389f4143c2986c685a88501939"
28507,1594274407783,"2020-07-09 06:00:07","Isolated Margin Trading for COMP, NULS, LRC and LEND Enabled on Binance","71e016a2c63c40168cd95e7f7502c7b6"
28511,1594281627052,"2020-07-09 08:00:27","Binance Futures Will Launch DOGE/USDT Perpetual Contract With Up to 50x Leverage","7777402b13574c41afe13b334d3e047e"
28520,1594284922458,"2020-07-09 08:55:22","Binance Lists Synthetix (SNX) ","a1372c69cb3a4a8088247afdcf75a24b"
28641,1594612821555,"2020-07-13 04:00:21","Binance Will List ETHUP and ETHDOWN Binance Leveraged Tokens","ac110dc865df4e76afec6feb89df2f01"
28676,1594645207834,"2020-07-13 13:00:07","Binance Will Delist ARN, FUEL and LUN on 2020/07/20","24e25a86a7c44ac49f4a7efb3c28d56a"
28705,1594706592725,"2020-07-14 06:03:12","Isolated Margin Trading for DOGE, SC, REP, BNT and BTT Enabled on Binance","5d25a37306b446c6b5b2b7bf67145329"
28740,1594799650999,"2020-07-15 07:54:10","Binance Will List ADAUP, ADADOWN, LINKUP and LINKDOWN Binance Leveraged Tokens","73a5d3352ae944fe8e899d2602bee27c"
28775,1594879719520,"2020-07-16 06:08:39","Isolated Margin Enabled For Multiple BUSD Trading Pairs on Binance","96ffad8e6b29410788688d057118044c"
28823,1594976348069,"2020-07-17 08:59:08","Binance Lists VeThor Token (VTHO) ","f7b1e975bb4d42dbb026114588accfed"
28868,1595214010048,"2020-07-20 03:00:10","Binance Futures Will Launch ADAUSD Quarterly 0925 Futures Contract With Up to 75x Leverage","1ad0f6c11f6948e4994882b320474a5f"
28881,1595236404462,"2020-07-20 09:13:24","DCR/BUSD, DGB/USDT, GBP/USDT, STORJ/BUSD and SXP/USDT Trading Pairs Added on Binance","fee761e58d684bc3a1c7fc11660ab596"
28933,1595304871653,"2020-07-21 04:14:31","Binance Futures Will Launch SXP/USDT Perpetual Contract With Up to 50x Leverage","d251b5929d1640aebdd80fae2e71a7a6"
28942,1595311210119,"2020-07-21 06:00:10","Isolated Margin Trading for ONE, SNX, TOMO, WAVES and WRX Enabled on Binance","3ff93a9ff4e24dc78cb09c81120ac36f"
28952,1595315976832,"2020-07-21 07:19:36","Binance Futures Will Launch LINKUSD Quarterly 0925 Futures Contract With Up to 75x Leverage","5a0d2bc6a20f41ec9cf915c5f2fe5875"
28972,1595324176713,"2020-07-21 09:36:16","Binance Lists IRISnet (IRIS) ","db808e20ba754bc5b66a15b7ccd2d95a"
29020,1595395727182,"2020-07-22 05:28:47","Binance Futures Will Launch LEND/USDT Perpetual Contract With Up to 50x Leverage","397ee0ebe14e493bb939868e924635f3"
29099,1595484006323,"2020-07-23 06:00:06","Isolated Margin Trading for ONG, ANKR, FTT and SXP Enabled on Binance","af49dd84e0d941e8afdae326d7a7ae0f"
29103,1595488230023,"2020-07-23 07:10:30","Binance Futures Will Launch ETHUSD Quarterly 0925 Futures Contract With Up to 75x Leverage","c7eab9f4fcb14ca8a9ff03b6a11fca2d"
29120,1595502245145,"2020-07-23 11:04:05","Binance Lists Maker (MKR) & Dai (DAI)","0948e020b7534a469f38ae95b0255782"
29165,1595579765197,"2020-07-24 08:36:05","Binance Lists THORChain (RUNE)","34bcf473d64b49129d9a55f3c5cfa741"
29208,1595827610441,"2020-07-27 05:26:50","Binance Futures Will Launch KAVA/USDT Perpetual Contract With Up to 50x Leverage","2acb4cae9d9b43e58f8a6719f93ec4c1"
29255,1595915434691,"2020-07-28 05:50:34","Isolated Margin Trading for RLC, FTM, HIVE and DGB Enabled on Binance","5440bf7c4b9a4e5895fe8f4f031c7625"
29271,1595923209869,"2020-07-28 08:00:09","Binance Futures Will Launch BAND/USDT Perpetual Contract With Up to 50x Leverage","ea85b877da3f4bebaf17922f32f58dbc"
29361,1596077690175,"2020-07-30 02:54:50","Multiple BUSD, USDT and BKRW Trading Pairs Added on Binance - 2020/07/30","043fc71cdcce4fcfbdae133d8d0f35aa"
29375,1596087970128,"2020-07-30 05:46:10","Isolated Margin Trading for STORJ and BAND Enabled on Binance","282ee1b995864b37a359b463db60fa62"
29384,1596092407757,"2020-07-30 07:00:07","Binance Futures Will Launch RLC/USDT Perpetual Contract With Up to 50x Leverage","7efe93a63b364f039319fcf5313874e4"
29411,1596110850037,"2020-07-30 12:07:30","Notice of Removal of Trading Pairs - 2020/07/31","233bd25b1a0f432fbb1f3fb9d373dd15"
29453,1596169608922,"2020-07-31 04:26:48","Binance Adds Multiple Australian Dollar (AUD) Trading Pairs","3b317b2f711645b98ef0ee93a0a72803"
29456,1596175111091,"2020-07-31 05:58:31","Binance Lists FIO Protocol (FIO)","5f681e9ef1854afc9027a69b2a60753a"
29517,1596436546311,"2020-08-03 06:35:46","Binance Options Will List BNB Contract","99d6e7bc85d748169abdb6ced86f6708"
29538,1596511762050,"2020-08-04 03:29:22","Binance Futures Will Launch ETHUSD Quarterly 1225 Futures Contract With Up to 75x Leverage","10b7cc7883294d77a0b4e5ca9e3dabc4"
29548,1596521551644,"2020-08-04 06:12:31","Isolated Margin Trading for IOTX, CELR, CHR, DOCK, MKR and VTHO Enabled on Binance","8328ccb6178e4fb7b6b317dc478e2bed"
29596,1596604270014,"2020-08-05 05:11:10","Binance Will List BNBUP, BNBDOWN, XTZUP and XTZDOWN Binance Leveraged Tokens","b46a1de6f7a8493eb35cfdde55af6ad4"
29617,1596629724831,"2020-08-05 12:15:24","Binance Lists Travala (AVA)","1564ca1ec5bb4d93bd4a2b3718b8a116"
29655,1596694601662,"2020-08-06 06:16:41","Binance Will Add Multiple AUD, BKRW, BUSD & USDT Trading Pairs","5fc9dbef7ab444eca29095666419ede4"
29676,1596713087058,"2020-08-06 11:24:47","Binance Lists Balancer (BAL)","2816e153fe36411fa39b34247db77db0"
29772,1597051698760,"2020-08-10 09:28:18","Binance Lists yearn.finance (YFI)","a2e3970cd7334b659d426e547f7bcea0"
29797,1597116202185,"2020-08-11 03:23:22","Binance Adds Multiple BUSD, USDT & DAI Trading Pairs - 2020/08/11","cf77f566c9b64cc791fc152679175de8"
29800,1597120132722,"2020-08-11 04:28:52","Binance Lists JUST (JST)","cf8bcabe68794e798b7bdda5f4cdaa3d"
29803,1597125165126,"2020-08-11 05:52:45","Isolated Margin Trading for LSK, MANA and OGN Enabled on Binance","8e1ef98cc84846c98a551f0f9929ffa6"
29816,1597133467160,"2020-08-11 08:11:07","Binance Futures Will Launch WAVES USDT-Margined Perpetual Contract With Up to 50x Leverage","cf810a2217a64f53a4c7f60d867f7320"
29868,1597147205981,"2020-08-11 12:00:05","Binance Lists Serum (SRM)","0ddf896b01a943819e8a5f04a2070fd9"
29898,1597212794864,"2020-08-12 06:13:14","Binance Futures Will Launch MKR USDT-Margined Perpetual Contract With Up to 50x Leverage","f8ef944feed147b3b9e08e328ac09066"
29952,1597279631146,"2020-08-13 00:47:11","Binance Lists Aragon (ANT)","c6b2142d75684540a64575f64fc1a55f"
29959,1597291208336,"2020-08-13 04:00:08","Binance Futures Will Launch SNX USDT-Margined Perpetual Contract With Up to 50x Leverage","bd6b0718117c4c4bb2ea54886a83ffbd"
30026,1597372300411,"2020-08-14 02:31:40","Binance Will List Curve (CRV), Deposits Now Open","295e14845ab3433c9ce6483b9416e18e"
30062,1597382884772,"2020-08-14 05:28:04","Binance Will Open Trading for Curve (CRV)","673bc384d202445ca6dd234cbd1f13bc"
30066,1597392881971,"2020-08-14 08:14:41","Binance Completes The Sandbox Lottery Draw and Will Open Trading For SAND","8b3ba539a3f94dd59bc37e50c6b3a703"
30142,1597640405588,"2020-08-17 05:00:05","Binance Lists Ocean Protocol (OCEAN)","9b6968ab7db84b5e98e55e8bcd2db094"
30146,1597644317308,"2020-08-17 06:05:17","Binance Futures Will Launch ETH/USD Coin-Margined Perpetual Contract With Up to 75x Leverage","1f04ad8cb78d4cbf946675794b098f5f"
30183,1597655040544,"2020-08-17 09:04:00","Binance Lists Numeraire (NMR)","a3980accd0fc472c9a0cff319bbae0cb"
30241,1597723206452,"2020-08-18 04:00:06","Binance Futures Will Launch LINK/USD Coin-Margined Perpetual Contract With Up to 75x Leverage","4bb3bacf62d44203bd4a8b4b19f7e200"
30244,1597729506841,"2020-08-18 05:45:06","Isolated Margin Trading for GXS, CHZ, IRIS and SOL Enabled on Binance","184ca3713e2e4255bf16be94181d6c63"
30279,1597757480976,"2020-08-18 13:31:20","Binance Will List Polkadot (DOT) & Support 1:100 Redenomination Plan","0c0e20f3e1584d579448a000fe5a0350"
30313,1597813335054,"2020-08-19 05:02:15","Binance Lists Terra (LUNA)","8f29b7ce15ab47d7a53975010635aa02"
30316,1597820406077,"2020-08-19 07:00:06","Binance Futures Will Launch DOT USDT-Margined Perpetual Contract With Up to 50x Leverage","ff90e1242b2546a1a46dd51d4b004927"
30382,1597896009461,"2020-08-20 04:00:09","Binance Futures Will Launch BNB/USD Coin-Margined Perpetual Contract With Up to 50x Leverage","2a25c80a5f3f4805bed60e89f05f1b92"
30390,1597909559805,"2020-08-20 07:45:59","DOT USDT-Margined Perpetual Contract Listing Delayed to 2020/08/22","fdbcf19f900c4c45b1e836f5c8da2550"
30533,1598069113259,"2020-08-22 04:05:13","Binance Lists IDEX (IDEX)","2d2e20b838df47e5a5479061989b960a"
30557,1598260439054,"2020-08-24 09:13:59","Binance Futures Will Launch DOT/USD Coin-Margined Perpetual Contract With Up to 50x Leverage","e72c22d8ba6f458cb174538d7c857241"
30612,1598328006004,"2020-08-25 04:00:06","Binance Lists Reserve Rights (RSR)","9abb254e9fb2407fa05ec250e18e7cbe"
30615,1598334368099,"2020-08-25 05:46:08","Isolated Margin Trading for CTSI, ARPA, WTC, KMD, JST and COTI Enabled on Binance","471badd688b44686a457c15e60c3448f"
30620,1598339524449,"2020-08-25 07:12:04","Binance Futures Will Launch ADA/USD Coin-Margined Perpetual Contract With Up to 75x Leverage","695494178b4b48a8b6710eb8e078f9b2"
30629,1598358427913,"2020-08-25 12:27:07","Binance Lists PAX Gold (PAXG)","a8971e79c00f4350b1ab27c449e1f049"
30693,1598414732956,"2020-08-26 04:05:32","Binance Lists Wrapped NXM (WNXM)","748eaf6a0b83452798ecf0ac43cbb4f1"
30756,1598448828579,"2020-08-26 13:33:48","Binance Futures Launches DEFI Composite Index Perpetual Contract With Up to 50x Leverage","ebee6da5df3946519fdb9ab27706d1a4"
30786,1598500805607,"2020-08-27 04:00:05","Binance Lists Tellor (TRB)","7f123f69c0974aeb8c8e1b4effa8bd36"
30789,1598505388972,"2020-08-27 05:16:28","Isolated Margin Trading for DOT and SRM Enabled on Binance","10ccc661a31a46b389c097c69925e011"
30793,1598509953511,"2020-08-27 06:32:33","Binance Adds ETH/NGN, DOT/BIDR, LINK/AUD & SXP/AUD Trading Pairs","d941df693a37491b94b51821987a6869"
30874,1598604399494,"2020-08-28 08:46:39","Elrond (ERD) Mainnet & Token Swap to Elrond Gold (EGLD) Will Be Supported on Binance","aa864b2d4db24379b606249d0cba87fb"
30908,1598673618292,"2020-08-29 04:00:18","Binance Lists bZx Protocol (BZRX)","db1f08bcb1624b29b3d19ebc2e62e1eb"
30916,1598843099061,"2020-08-31 03:04:59","Binance Futures Will Launch YFI USDT-Margined Perpetual Contract With Up to 50x Leverage","447c9b90862b4ac69d1b0b82a3040ebe"
30936,1598847115865,"2020-08-31 04:11:55","Binance Lists Wrapped BTC (WBTC)","a16815c3c90341dbb99a8f52e968c2ed"
31012,1598933182910,"2020-09-01 04:06:22","Binance Futures Will Launch BAL and CRV USDT-Margined Perpetual Contracts With Up to 50x Leverage","b093a2d4c3d441d4aedd8c6289fbffe4"
31017,1598937590016,"2020-09-01 05:19:50","DOT, ANT, CRV, BAL and YFI Enabled on Binance Margin Trading","0ba08275481f4782b2c74122fc9d6ace"
31028,1598947139627,"2020-09-01 07:58:59","Binance Futures Will Increase Maximum Leverage on DOT Contracts to 75x","dea02e0c658a46d29ade5d9656b4f295"
31042,1598951419794,"2020-09-01 09:10:19","Binance Lists Sushi (SUSHI) and DFI.Money (YFII)","ac34042b96d04b5e8464613f27567353"
31051,1598966101968,"2020-09-01 13:15:01","Binance Completes Elrond (ERD) Mainnet & Token Swap to Elrond Gold (EGLD)","24feffc4fccf446f9c97fe527cf379be"
31094,1599015606123,"2020-09-02 03:00:06","Binance Futures Will Launch TRB and YFII USDT-Margined Perpetual Contracts With Up to 50x Leverage","c381f2c5de7444e296d1f584d1c63711"
31099,1599023243637,"2020-09-02 05:07:23","Binance Lists Kusama (KSM)","5ea01d0e63b74bb4a7418cb114f5e0c8"
31162,1599040576212,"2020-09-02 09:56:16","Binance Lists DIA (DIA)","bbf30d1ec78e4dc88b17e2e10aec7e48"
31200,1599102003502,"2020-09-03 03:00:03","Binance Futures Will Launch RUNE and SUSHI USDT-Margined Perpetual Contracts With Up to 50x Leverage","df4d988dd0db46db8420a96c2324ef95"
31232,1599115400777,"2020-09-03 06:43:20","Isolated Margin Trading for TRB, WNXM and TCT Enabled on Binance","a7c0dae8910347b99ed688db743ab187"
31331,1599199832796,"2020-09-04 06:10:32","Binance Adds FIO/USDT and RUNE/USDT Trading Pairs","f306b7539bcc4f13a005a5a23f622905"
31334,1599202889059,"2020-09-04 07:01:29","Binance Futures Will Launch SRM and BZRX USDT-Margined Perpetual Contracts With Up to 50x Leverage","14378198b6594dd4ae029ea3b56ed517"
31347,1599213600623,"2020-09-04 10:00:00","Binance Futures Will Launch ADAUSD and LINKUSD Quarterly 1225 Coin-Margined Contracts With Up to 75x Leverage","06de94fc70a34ee9b817b5effeea8a9a"
31350,1599218231709,"2020-09-04 11:17:11","Binance Will Delist Insolar (INS) on 2020/09/11","7a38c97b6fe840859d48092b9d1da494"
31383,1599288101077,"2020-09-05 06:41:41","Isolated Margin Trading for YFII and SUSHI Enabled on Binance","34215850822e4fe2a6264869519f5b22"
31436,1599440873839,"2020-09-07 01:07:53","Binance Futures Will Launch TRXUSD and EOSUSD Coin-Margined Perpetual Contracts With Up to 75x Leverage","76747a123ec848959f476980ce57d081"
31461,1599459669029,"2020-09-07 06:21:09","Binance Futures Will Launch LTCUSD and BCHUSD Coin-Margined Perpetual Contracts With Up to 75x Leverage","0d9265d2bdc34c5eb4523a7a9752e507"
31506,1599537600709,"2020-09-08 04:00:00","Binance Futures Will Launch XRPUSD and ETCUSD Coin-Margined Perpetual Contracts With Up to 75x Leverage","1631a47004654317963476e5348c4341"
31509,1599543351854,"2020-09-08 05:35:51","Isolated Margin Trading for PNT, WAN, SAND, TROY and BZRX Enabled on Binance","f4e8a682ff9d43a38fb9cc33e58d9712"
31604,1599629911353,"2020-09-09 05:38:31","Binance Lists UMA (UMA)","3b099cd3cd3e4d39a9bfe6827cd00778"
31631,1599634812382,"2020-09-09 07:00:12","Binance Will List EOSUP, EOSDOWN, TRXUP, TRXDOWN, XRPUP, XRPDOWN, DOTUP and DOTDOWN Binance Leveraged Tokens","ae11a54c49aa4bc2aa465531859d6c69"
31678,1599711623561,"2020-09-10 04:20:23","Isolated Margin Trading for KSM, RUNE, XEM and BLZ Enabled on Binance","9c93cfba276d45db9255bb2311f688c6"
31684,1599721691501,"2020-09-10 07:08:11","Binance Adds SRM/BIDR, ONE/BIDR, LINK/TRY and USDT/NGN Trading Pairs","c355884b0c534bb8bd21f6cd8d7ecb69"
31821,1599968951193,"2020-09-13 03:49:11","Isolated Margin Trading for RSR, DIA and OCEAN Enabled on Binance","7048fe68f39a4f2b953a182b3418999f"
31839,1600053051954,"2020-09-14 03:10:51","Binance Futures Will Increase Maximum Leverage on BNB Contracts to 75x","eb77bcfa132b435ea60e306af4f6edee"
31842,1600058576320,"2020-09-14 04:42:56","Binance Futures Will Launch EGLD, SOL, ICX and BTT USDT-Margined Perpetual Contracts With Up to 50x Leverage","2dc59886f2a14a9280a56d1ddd272f3c"
31858,1600088848145,"2020-09-14 13:07:28","Bella Protocol (BEL) Trading Start Time Brought Forward to 2020/09/15","10b4e3d6245f4318b765979c5325c9f9"
31926,1600138901708,"2020-09-15 03:01:41","Binance Lists Swerve (SWRV)","5038189da3684977b91499e7384ea03f"
31929,1600142500008,"2020-09-15 04:01:40","BTT USDT-Margined Perpetual Contract Listing is Cancelled","6152c1a80ccd47d19ec0917cae8184b7"
31932,1600146895078,"2020-09-15 05:14:55","Isolated Margin Trading for STX, STPT and UMA Enabled on Binance","2d6c03dd98b349aca721785724392505"
31935,1600150548217,"2020-09-15 06:15:48","Binance Will List LTCUP and LTCDOWN Binance Leveraged Tokens","8a33e06b3e7f4242b33acc71aa0accba"
31938,1600156333385,"2020-09-15 07:52:13","Binance Futures Will Launch STORJ USDT-Margined Perpetual Contract With Up to 50x Leverage","98a190573db84c0b99600d5ca0a4f369"
32020,1600239611234,"2020-09-16 07:00:11","Binance Adds LEND/BKRW & SXP/EUR Trading Pairs","8319d2eb102443398a220232c04a0b22"
32023,1600244353396,"2020-09-16 08:19:13","Binance Futures Will Launch BLZ USDT-Margined Perpetual Contract With Up to 50x Leverage","b27aa1a173554eb6885e99f9f9d0422e"
32027,1600252698532,"2020-09-16 10:38:18","Binance Lists Cream Finance (CREAM)","71c1c8f041dc4427bd21ce3e70e3eae6"
32086,1600307105911,"2020-09-17 01:45:05","Binance Lists Uniswap (UNI)","64d3dbe17d114c24b6c0007f48459f5f"
32107,1600315201681,"2020-09-17 04:00:01","Binance Futures Will Launch UNI USDT-Margined Perpetual Contract With Up to 50x Leverage","300bf39679ee4110b440ee79185bc898"
32110,1600321292724,"2020-09-17 05:41:32","Isolated Margin Trading for XZC and LUNA Enabled on Binance","4be458fc941f4ff1b122efc866835763"
32199,1600439678024,"2020-09-18 14:34:38","Binance Completes Distribution and Will List New BitShares (NBS)","2c0350951f364ceba624d404d7f917e8"
32296,1600662011877,"2020-09-21 04:20:11","Binance Lists Orchid (OXT)","4a022e33b9d44eb78cd9d80c70591bb2"
32307,1600673993441,"2020-09-21 07:39:53","Binance Options Will List LINK Contract","00b8edc01988471f802b94dafbd3db8c"
32314,1600686329643,"2020-09-21 11:05:29","Binance Launches New Innovation Zone and Lists SUN (SUN)","2e71a1586f0b445280024d8b4358ef62"
32407,1600752996107,"2020-09-22 05:36:36","Binance Lists Avalanche (AVAX), Deposits Are Now Open","202d37b746bf46e3ae72b256799007ea"
32411,1600756325843,"2020-09-22 06:32:05","Isolated Margin Trading for NMR & VITE Enabled on Binance","8b56bdc50b154385acec2af652b4ad10"
32414,1600759038927,"2020-09-22 07:17:18","Binance Futures Will Launch AVAX USDT-Margined Perpetual Contract With Up to 50x Leverage","14040912781f429da8863a97ba1e4e3a"
32516,1600843256658,"2020-09-23 06:40:56","Binance Futures Will Launch FTM USDT-Margined Perpetual Contract With Up to 50x Leverage","886d722f5f5449538336e21be599aa80"
32571,1600922216262,"2020-09-24 04:36:56","Binance Lists Helium (HNT)","3e7863bf6c5743c495b48e7dabe980c7"
32574,1600925650744,"2020-09-24 05:34:10","Isolated Margin Trading for EUR, AVAX & NKN Enabled on Binance","7065c423a7da4a828d53e60b3e824960"
32583,1600932633095,"2020-09-24 07:30:33","Binance Will List BSC Projects, BAKE and BURGER, in the Innovation Zone","6a14ec9b71e14eb7b2fc710d6b62d518"
32591,1600938498769,"2020-09-24 09:08:18","Binance Futures Will List BTC, ETH, ADA & LINK Coin-Margined Quarterly 0326 Futures Contracts","964de9361a2447b2805306a965f89439"
32673,1601013660079,"2020-09-25 06:01:00","Binance Adds SXP/BIDR & LINK/BKRW Trading Pairs","86d4f89d7a6e415691fca6c47b905a8a"
32755,1601198582840,"2020-09-27 09:23:02","Cross Margin Trading for UNI Enabled on Binance","ff74a83b68a64277b56268096af2fc6b"
32759,1601266183108,"2020-09-28 04:09:43","Binance Futures Will Launch HNT USDT-Margined Perpetual Contract With Up to 50x Leverage","cd1801311ead4829afe2ac29a8eceb49"
32770,1601283879534,"2020-09-28 09:04:39","Binance Futures Will Launch ENJ USDT-Margined Perpetual Contract With Up to 50x Leverage","8cbcdaff69f54850a40d5d8b01fc3c92"
32887,1601348403111,"2020-09-29 03:00:03","Binance Futures Will Launch FLM USDT-Margined Perpetual Contract With Up to 50x Leverage","db52b02ccf0845dfb81ef44059310bb8"
32890,1601352003111,"2020-09-29 04:00:03","Binance Will List UNIUP & UNIDOWN Binance Leveraged Tokens","979821ae853e4b95a4c309792c9b66e9"
32893,1601356346328,"2020-09-29 05:12:26","Binance Will List BSC Projects, CAKE and SPARTA, in the Innovation Zone","0f5870aecd574798a729cf6147da87a8"
32996,1601434801575,"2020-09-30 03:00:01","Binance Lists Orion Protocol (ORN)","baeed0c6ce084114a66ac0a07a667eef"
33002,1601449206431,"2020-09-30 07:00:06","Binance Adds TRX/NGN & SXP/TRY Trading Pairs","603710978bd74fde8be4e602bdc0e44d"
33138,1601607648537,"2020-10-02 03:00:48","Binance Lists UTRUST (UTK)","d3df88f8d4d74b3e9bf0097c593a2f30"
33149,1601722764759,"2020-10-03 10:59:24","Aave (LEND) Token Swap to AAVE Will Be Supported on Binance With Various Service Updates & Settlements","17595222999545348c8acdd5dc41c00a"
33318,1602230410078,"2020-10-09 08:00:10","Binance Completes the Alpha Finance Lab Lottery Draw and Will Open Trading For ALPHA","3af325fb7d00454780d93b27beece08f"
33333,1602236322647,"2020-10-09 09:38:42","Binance Lists VIDT Datalink (VIDT) in the Innovation Zone","3bdf8f1f51474904ab76e155d48a921d"
33389,1602313480820,"2020-10-10 07:04:40","Binance Futures Will Launch TOMO USDT-Margined Perpetual Contract With Up to 50x Leverage","e1d9bbcd3e214208b39b5c2a8087dda7"
33434,1602475232728,"2020-10-12 04:00:32","Binance Futures Will Launch REN USDT-Margined Perpetual Contract With Up to 50x Leverage","0cdf375d1e604a54ac75c995fa430816"
33467,1602493202667,"2020-10-12 09:00:02","Cross Margin Trading for YFI Enabled on Binance","3035452f85e34dfc8b3f6713e207a868"
33571,1602561601757,"2020-10-13 04:00:01","Binance Futures Will Launch KSM USDT-Margined Perpetual Contract With Up to 50x Leverage","32fd012c4d174dc8b86ed89ac26b31d5"
33574,1602565200661,"2020-10-13 05:00:00","Binance Adds BTC/BRL & USDT/BRL Trading Pairs","0fe2be2141a44a02922d15ebadb0760b"
33577,1602568802665,"2020-10-13 06:00:02","Isolated Margin Trading for FLM & WING Enabled on Binance","294f259214004454bb3359de3080f0d0"
33627,1602645987248,"2020-10-14 03:26:27","Binance Lists NEAR Protocol (NEAR), Deposits Are Now Open","1110b21de22e4633bc34710cc4ed2ce3"
33624,1602652129440,"2020-10-14 05:08:49","Binance Will List SXPUP & SXPDOWN Binance Leveraged Tokens","949f76131485469aa2e2d6143251ed8f"
33635,1602657491008,"2020-10-14 06:38:11","Binance Futures Will Launch NEAR USDT-Margined Perpetual Contract With Up to 50x Leverage","73d6baa32ff84af182f7997f7edcad81"
33740,1602743893067,"2020-10-15 06:38:13","Cross Margin Trading for YFII Enabled on Binance","5d58cbe30f7d460795bdf0df87474ef1"
33743,1602747662915,"2020-10-15 07:41:02","Binance Adds DOT/BKRW & SXP/GBP Trading Pairs","01b52d69b34f494c98276b06acbfda92"
33755,1602760430803,"2020-10-15 11:13:50","Binance Will List Filecoin (FIL) - Deposit FIL to Share a $100,000 Prize Pool","3c3eafef267c42eeaecef98f32297b6c"
33758,1602813601631,"2020-10-16 02:00:01","Binance Futures Will Launch FIL USDT-Margined Perpetual Contract With Up to 50x Leverage","2fb36350ef894faebb0059e4cf8ecea2"
33898,1602828971431,"2020-10-16 06:16:11","Isolated Margin Trading for FIL, XVS & NEAR Enabled on Binance","0ca8ec4646f64595a004b9a813f9f0a7"
33988,1603076454799,"2020-10-19 03:00:54","Binance Futures Will Launch RSR & LRC USDT-Margined Perpetual Contracts With Up to 50x Leverage","78225be683864b8f97e5473ca2483018"
34026,1603092228378,"2020-10-19 07:23:48","Binance Will Launch a FIL/USD Coin-Margined Perpetual Contract With Up to 50x Leverage and List FILUP & FILDOWN Binance Leveraged Tokens","458e12007c1947d482b593a9f9e0c254"
34103,1603159577951,"2020-10-20 02:06:17","FIL Coin-Margined Perpetual Contract Listing Postponed","db1e1096466e46a8bed86a011a8c01ea"
34106,1603162802312,"2020-10-20 03:00:02","Binance Will List YFIUP & YFIDOWN Binance Leveraged Tokens","82cfbdf59b224599bd9102b77cc61127"
34120,1603170788763,"2020-10-20 05:13:08","Isolated Margin Trading for AAVE & DATA Enabled on Binance","466f10fb6ca14ac5a5e33da8ec3edc79"
34137,1603181051208,"2020-10-20 08:04:11","Binance Completes the Injective Protocol Lottery Draw and Will Open Trading For INJ","34b3a33d39f84f3abc08450acffdc672"
34214,1603260797148,"2020-10-21 06:13:17","Binance Futures Will Launch MATIC USDT-Margined Perpetual Contract With Up to 50x Leverage","5657a61ede914fd1a76a7a67fee90f77"
34220,1603263602165,"2020-10-21 07:00:02","Binance Lists Aergo (AERGO)","73f5e6ba502a41ccbcb6cb08a7d7801a"
34365,1603344834885,"2020-10-22 05:33:54","Binance Will Launch a FIL/USD Coin-Margined Perpetual Contract With Up to 50x Leverage","8bba39ac0cb14700b0094b94aa720073"
34368,1603352576988,"2020-10-22 07:42:56","Introducing CertiK (CTK) on Binance Launchpool! Farm CTK By Staking BNB, BUSD & CTK Tokens","11ac4e42fde644f4a2ee0c358b689679"
34371,1603356165087,"2020-10-22 08:42:45","New BUSD Trading Pairs Enabled on Binance Margin Trading","da91f9d718b540ba9bd4072717d31aec"
34377,1603366176885,"2020-10-22 11:29:36","Notice of Removal of Trading Pairs - 2020/10/23","1841b3af92f34349a918f80cb8fcc9de"
34437,1603424415854,"2020-10-23 03:40:15","Binance Adds LINK/EUR & ONE/BUSD Trading Pairs","a97c643714d34aeab709707076ac09fc"
34443,1603433296372,"2020-10-23 06:08:16","Binance Will List EasyFi (EASY) in the Innovation Zone","aabd47265a6541638745101637ef65d2"
34475,1603464152835,"2020-10-23 14:42:32","Cross Margin Trading for FIL Enabled on Binance","0206189a6e4f4091b6b8d21dcbbfa574"
34520,1603468833788,"2020-10-23 16:00:33","Binance Lists Audius (AUDIO), Deposits Are Now Open","6722fc3938fc4a7da1afdd775db48e58"
34696,1603779292927,"2020-10-27 06:14:52","Binance Will List BCHUP & BCHDOWN Binance Leveraged Tokens","df9b3b0e595948c1a298157efa20df0a"
34719,1603803515201,"2020-10-27 12:58:35","Binance Will Delist MCO (MCO) on 2020/11/02","d037df42aac64b388750c006aeedb8be"
34784,1603873802988,"2020-10-28 08:30:02","New BUSD Trading Pairs Enabled on Binance Isolated Margin","570af2ac82bd46dd9e1710f40532d23b"
34862,1603946363498,"2020-10-29 04:39:23","Binance Will List Bounce (BOT) in the Innovation Zone","19e84ae4ae924272b75f67702e06fa5e"
34867,1603949611051,"2020-10-29 05:33:31","Cross Margin Trading for NEAR Enabled on Binance","028e11f001bf42b6b9a81d42b9a924fb"
34915,1603974108033,"2020-10-29 12:21:48","Binance Adds ETH/BRL & DOT/EUR Trading Pairs","82bbffb241fd4bc092f15d6221a0074c"
35120,1604288004982,"2020-11-02 03:33:24","Binance Will List Akropolis (AKRO) in the Innovation Zone","8b5b5d37c34743b2a5f0d67bb4a0e1ef"
35124,1604290737127,"2020-11-02 04:18:57","Binance Futures Will Launch OCEAN USDT-Margined Perpetual Contract With Up to 50x Leverage","047798bf9a7a48fe921ae3091049e539"
35149,1604304004211,"2020-11-02 08:00:04","Introducing Hard Protocol (HARD) on Binance Launchpool! Farm HARD By Staking BNB, BUSD & KAVA Tokens","039dc84994d74e498305c1b1b74b7c17"
35198,1604377548914,"2020-11-03 04:25:48","Binance Futures Will Launch BNBUSD and DOTUSD Quarterly 1225 & 0326 Coin-Margined Contracts With Up to 75x Leverage","9003156d8e02430bb636be2e9ec75d2c"
35233,1604394769711,"2020-11-03 09:12:49","Binance Will List Keep3rV1 (KP3R) in the Innovation Zone","1c8ac2f4ca3f42189bcf7e000629c666"
35237,1604397600701,"2020-11-03 10:00:00","New BUSD Trading Pairs and DUSK Enabled on Binance Isolated Margin","d2a56842255b45b787c35b29ff49b52f"
35346,1604476802330,"2020-11-04 08:00:02","Binance Completes the Axie Infinity Lottery Draw and Will Open Trading For AXS","59f5b651e9e94a969fd50062d3151f69"
35396,1604555329548,"2020-11-05 05:48:49","AVA Enabled on Binance Isolated Margin","43916fbbfa5c4975be15948d42928c35"
35458,1604582871655,"2020-11-05 13:27:51","Binance Will Delist POE & TNT on 2020/11/12","725a176f230542c6be7704339a011030"
35515,1604631996305,"2020-11-06 03:06:36","Binance Adds BNB/BRL & LTC/EUR Trading Pairs","915f1d57417a455780bfca14a27f42ae"
35639,1604916002469,"2020-11-09 10:00:02","Binance Lists renBTC (RENBTC)","90f83bbf2b504ffa832f1b1436b52c9b"
35643,1604920034802,"2020-11-09 11:07:14","Notice of Removal of Trading Pairs - 2020/11/10","dcb2722913ee4dec9a8be29da9e3aeb0"
35694,1604981788775,"2020-11-10 04:16:28","Binance Adds DNT/BUSD, DNT/USDT, ADA/EUR & LTC/NGN Trading Pairs","ebcbe8498f9843448a9e3a3c01a389d2"
35697,1604988001778,"2020-11-10 06:00:01","Binance Will List Axie Infinity's Small Love Potion (SLP) in the Innovation Zone","b7fa36247d72488cb3bd8bae5f19c697"
35704,1604991605749,"2020-11-10 07:00:05","CVC, DNT, ALPHA & INJ Enabled on Binance Isolated Margin","92cafb34190f4e928c9761597cdfe1a0"
35707,1604995205887,"2020-11-10 08:00:05","Binance Futures Will Launch CVC USDT-Margined Perpetual Contract With Up to 50x Leverage","a060f642ff8d4f8e8091e34fba220e77"
35856,1605159499713,"2020-11-12 05:38:19","AXS, CTK, EUR, LOOM & UTK Enabled on Binance Isolated Margin","ffed74eb816841d6ac7e8f862cb4798e"
35873,1605173007427,"2020-11-12 09:23:27","Cross Margin Trading for AAVE Enabled on Binance","3aa39ebe22cb4c41bc622d2dd72148fe"
35934,1605254406792,"2020-11-13 08:00:06","Introducing Unifi Protocol DAO (UNFI) on Binance Launchpool! Farm UNFI By Staking BNB, BUSD & ETH Tokens","c1d9156771ac4b519db015ca6eff3973"
38153,1605496040772,"2020-11-16 03:07:20","Binance Will List PowerPool (CVP) in the Innovation Zone","ba6c9550cc1e414ca976859c8b594dd2"
38162,1605499226376,"2020-11-16 04:00:26","Cross Margin Trading for COMP Enabled on Binance","a9d65da363ee48f28da3c522a82028fa"
38165,1605508441553,"2020-11-16 06:34:01","Notice of Removal of Trading Pairs - 2020/11/17","54823dfc91514815a079cbd63b0a841f"
38258,1605583839993,"2020-11-17 03:30:39","Binance Futures Will Launch BEL USDT-Margined Perpetual Contracts With Up to 50x Leverage","9527e4c19be34c0cb0237f58cde7af50"
38274,1605604976714,"2020-11-17 09:22:56","Binance Will List The Force Protocol (FOR) in the Innovation Zone","79e8fee3dd284ce1996f1a039225f972"
38319,1605675626815,"2020-11-18 05:00:26","Binance Will List Frontier (FRONT) in the Innovation Zone","267c7759507a49c08afc18606188014e"
38322,1605680774434,"2020-11-18 06:26:14","Binance Futures Will Launch CTK USDT-Margined Perpetual Contract With Up to 50x Leverage","e42cfd99f32a4a9aa3c29c8a31ef4ddc"
38325,1605683897626,"2020-11-18 07:18:17","Margin Trading for EUR & BEL Enabled on Binance","5c2d88228e7546b89e21eacf2bfc9c1d"
38361,1605695893108,"2020-11-18 10:38:13","Bitcoin Cash (BCH) Hard Fork Complete. Binance Completes Distribution and Lists Bitcoin Cash ABC (BCHA) in the Innovation Zone","6d0b3851f6934ec58d4f87ac37fd19a5"
38427,1605764767210,"2020-11-19 05:46:07","Binance Lists Oasis Network (ROSE), Deposits Are Now Open","b01d4c42b5214cb49ee2a1d62c4648ff"
38432,1605771787032,"2020-11-19 07:43:07","Binance Futures Will Launch AXS USDT-Margined Perpetual Contract With Up to 50x Leverage","31a0e30f88ca4c2bb661d9a27c70ebd7"
38769,1605841201619,"2020-11-20 03:00:01","Binance Adds AVAX/TRY & BUSD/BRL Trading Pairs","3242679e46184f81b11b01a7d1e2b053"
38867,1606100635049,"2020-11-23 03:03:55","Binance Futures Will Launch ALPHA USDT-Margined Perpetual Contract With Up to 50x Leverage","bbbb985f9c68462790433b7d876504f4"
38917,1606186801319,"2020-11-24 03:00:01","Binance Futures Will Launch ZEN USDT-Margined Perpetual Contract With Up to 50x Leverage","a785931ac2b9474189ccf9c25d86b137"
38922,1606190424738,"2020-11-24 04:00:24","Binance Options Will List LTC Contract","a868fd9630f64440b30f2c910df9a071"
38932,1606213586271,"2020-11-24 10:26:26","Binance Adds AVA/USDT, SYS/BUSD & XEM/USDT Trading Pairs","01f32d04d0ed405d899f4f71d411bac7"
39003,1606271903916,"2020-11-25 02:38:23","Binance Futures Will Relaunch BCHUSD Coin-Margined Perpetual Contracts, and Will Adjust the Maximum Leverage for the BCHUSDT Perpetual Contract","feb7ac8c4ca2493b9c37446b0b0ac33a"
39028,1606282481566,"2020-11-25 05:34:41","Margin Trading for WAVES, OMG, ROSE, MDT, ZEN & OXT Enabled on Binance","4c1fb574dd38480da44bce6225dc2558"
39033,1606285800867,"2020-11-25 06:30:00","Binance Will List Hegic (HEGIC) in the Innovation Zone","f59a14138c404e3d85615ab302ac5090"
39036,1606289414541,"2020-11-25 07:30:14","Binance Will List AAVEUP & AAVEDOWN Binance Leveraged Tokens","b9e985a8d2b24d0d8dfe80aee90ea7d7"
39123,1606359622812,"2020-11-26 03:00:22","Binance Adds XRP/BRL & XRP/NGN Trading Pairs","72885632affb4daca75f038ae6c9598d"
39129,1606363202153,"2020-11-26 04:00:02","Binance Will List Prometeus (PROM) in the Innovation Zone","e8b84d671f02452ab0aa7b7c44c2c6a9"
39133,1606368324065,"2020-11-26 05:25:24","XVG Enabled on Binance Isolated Margin","119767d200c847fcab62289982418218"
39589,1606703214458,"2020-11-30 02:26:54","Binance Futures Will Launch XRP, LTC, EOS, BCH Quarterly 1225 & 0326 Coin-Margined Contracts with up to 75X Leverage","cb6333abc4004d59a6a571b39d7a6d36"
39810,1606724751286,"2020-11-30 08:25:51","Margin Trading for ARDR, HARD, LTO & ZIL Enabled on Binance","0c8ff111699e4fea8197f0fcc8464c4a"
39813,1606726801106,"2020-11-30 09:00:01","Binance Will List SKALE Network (SKL)","7e323e1baaaf42e08421fe22398a464c"
41334,1606885566714,"2020-12-02 05:06:06","Binance Adds BCH/EUR, YFI/EUR & ZIL/BIDR Trading Pairs","532446c8c49648dba5c9e7a66b0045f9"
41337,1606889981318,"2020-12-02 06:19:41","ORN & UNFI Enabled on Binance Isolated Margin","8b414b1f16824d9b98068990e6e7ed68"
41443,1606989643088,"2020-12-03 10:00:43","Notice of Removal of Trading Pairs - 2020/12/04","c339234324b840bf82e1355ea5dd78a8"
41511,1607068801034,"2020-12-04 08:00:01","Binance Will List sUSD (SUSD) in the Innovation Zone","c957158018054dffb2e8baec1cdd63a5"
41514,1607072401744,"2020-12-04 09:00:01","Cross Margin Trading for YFII Enabled on Binance","d16fc28a4f7c4677af6c67e03c163073"
41576,1607133601049,"2020-12-05 02:00:01","Binance Will List COVER Protocol (COVER) in the Innovation Zone","facbc8a236e44fbaac2304b5f98d171d"
41605,1607310000751,"2020-12-07 03:00:00","Binance Futures Will Launch TRX, ETC, FIL Quarterly 1225 & 0326 Coin-Margined Contracts with up to 75X Leverage","a8c1e3ab525d40babfb6e4872d0c187e"
41611,1607322533172,"2020-12-07 06:28:53","Margin Trading for GBP, SUSHI & DCR Enabled on Binance","d3614081a4254d1c815eb07e09f6cda8"
41614,1607326051699,"2020-12-07 07:27:31","Binance Futures Will Launch SKL USDT-Margined Perpetual Contracts with up to 50X Leverage","61a763cd2fba47e7b5fc912057fb58f9"
41677,1607395229877,"2020-12-08 02:40:29","Binance Will List Aavegotchi (GHST) in the Innovation Zone","b7a1b7e54aa649a592fc595fb9cfeeed"
41718,1607480299821,"2020-12-09 02:18:19","Binance Leveraged Tokens (BLVT) Target Leverage Range Adjusted to 1.25x - 4x and Will List SUSHIUP, SUSHIDOWN, XLMUP and XLMDOWN","90505420e14c41c2b0853947cdb7dd08"
41742,1607502940499,"2020-12-09 08:35:40","AKRO, MTL & SKL Enabled on Binance Isolated Margin","5392ff0599ca4a4a81d55c372dcda40f"
41859,1607655600640,"2020-12-11 03:00:00","Binance Adds LINK/BRL, LINK/NGN, LTC/RUB, TRX/TRY & XLM/EUR Trading Pairs","72defff19d76476f9a9a56f2aa52eb5b"
41889,1607669769789,"2020-12-11 06:56:09","Binance Will List dForce (DF) in the Innovation Zone","2cfb5cb5210e4956a7a1d050f2afdbcb"
42108,1607926652025,"2020-12-14 06:17:32","Cross Margin Trading for THETA Enabled on Binance","27e677b3da85484f97190d4fb7d5d873"
42117,1607943601266,"2020-12-14 11:00:01","Introducing Juventus and Paris Saint-Germain Fan Tokens on Binance Launchpool! Farm JUV and PSG tokens By Staking BNB, BUSD & CHZ Tokens","7aa2c0949f0244c8a9f51bef80143b0c"
42322,1608227307573,"2020-12-17 17:48:27","Binance Will List The Graph (GRT), Deposits Are Now Open","9a76f72a9a0843faa0859771f95eb8fc"
42337,1608276777257,"2020-12-18 07:32:57","EGLD Enabled on Binance Isolated Margin","26d29f1137764eb0af9ce69e2f8eb795"
42393,1608347405109,"2020-12-19 03:10:05","Binance Futures Will Launch USDT-Margined GRT Perpetual Contracts with Up to 50X Leverage","ab9be538e1fe4d92b7126da19b37cb8b"
42402,1608389568286,"2020-12-19 14:52:48","Updates to USDT-Margined GRT Perpetual Contract","bc42cd9765114f3497e722c4c318cd22"
42410,1608437390175,"2020-12-20 04:09:50","GRT Enabled on Binance Isolated Margin","dfc2e6f68abc48768036ad8aab344314"
42422,1608516574354,"2020-12-21 02:09:34","Binance Futures Will Launch Coin-Margined EGLDUSD 50X Perpetual Contracts and USDT-Margined BNT, UNFI 50X Perpetual Contracts","6ddd400bfd984307a164259bb77d7bc8"
42428,1608524202509,"2020-12-21 04:16:42","Binance Will List GRTUP & GRTDOWN Binance Leveraged Tokens","1dd2c7cdec294ba8bba22a1dd6ffd9db"
42515,1608631200664,"2020-12-22 10:00:00","Introducing Reef Finance (REEF) on Binance Launchpool! Farm REEF By Staking BNB, BUSD & DOT Tokens","fcf9a1563a0345869bf1898c888cc4ce"
42627,1608717601215,"2020-12-23 10:00:01","Introducing OG, Atlético de Madrid and AS Roma Fan Tokens on Binance Launchpool! Farm OG, ATM & ASR By Staking BNB, BUSD & CHZ Tokens","2d09f64f2f9649ae93c111fc0096b361"
42700,1608790151737,"2020-12-24 06:09:11","Binance Will Delist AE & HC on 2020/12/30","1ab2e9f3b5584185b03d5a785fe306c7"
42762,1608866258778,"2020-12-25 03:17:38","Binance Will List 1inch (1INCH) in the Innovation Zone, Deposits Are Now Open","8d933ae3ce814c2181e1ea84b2fde723"
42768,1608870863778,"2020-12-25 04:34:23","Binance Futures Will List Coin-Margined Quarterly 0625 Futures Contracts","6f1c18c7cc5b46d9b1a2a64736cabb37"
42824,1608886520264,"2020-12-25 08:55:20","Binance Will Enable Isolated Margin Trading and Launch a USDT-Margined Perpetual Contract with Up to 20X Leverage for 1INCH","6a53785450ae4eb591450769891e29ed"
42865,1609123595309,"2020-12-28 02:46:35","Binance Futures Will Launch USDT-Margined BNT, UNFI, CHZ Perpetual Contracts with Up to 20X Leverage","9c7f5112c725453b8e418d2395a89b5f"
42881,1609158817005,"2020-12-28 12:33:37","Binance Will Suspend COVER Trading and COVER Deposits","aec178a59f824162ab77a17a5d0838a5"
42877,1609160433913,"2020-12-28 13:00:33","Binance Launches Vanilla Options Trading Platform","a123260b71794515b93290d5c876fc57"
43019,1609222558059,"2020-12-29 06:15:58","Cross Margin Trading for ALGO, CRV Enabled on Binance","1c4e3923272c4b07b8551097bef99b2d"
43318,1609817785204,"2021-01-05 03:36:25","Binance Will List Celo (CELO)","61735e6cf5f4434593a502c5a16a9efb"
43433,1609991588805,"2021-01-07 03:53:08","COVER Compensation Distribution Complete. Trading Will Resume at 2021/01/07 5:00 AM (UTC)","9d5158348e094acf94a6ea4c6083cc16"
43436,1609995606106,"2021-01-07 05:00:06","Binance Will List RSK Infrastructure Framework (RIF)","31a36b80e92f4823a63078dc4a7e1bdc"
43448,1610013605490,"2021-01-07 10:00:05","Introducing Bitcoin Standard Hashrate Token (BTCST) on Binance Launchpool! Farm BTCST By Staking BNB, BUSD & BTC Tokens","ccc3db0c88734132b07ce4c2e02cf973"
43653,1610341124547,"2021-01-11 04:58:44","Binance Futures Launches BTCBUSD Perpetual Contracts","3d974ead7acf447bab862e795ee832bb"
43745,1610443029074,"2021-01-12 09:17:09","PAXG Enabled on Binance Isolated Margin","25b5065589b1431bb7f02a07733d1888"
43785,1610531263796,"2021-01-13 09:47:43","Notice of Removal of Trading Pairs - 2021/01/14","807964b2b1344df192814fcbc4ff97a8"
44026,1611024137998,"2021-01-19 02:42:17","Binance Futures Will Launch USDT-Margined AKRO Perpetual Contracts with Up to 20X Leverage","c476d5a0f48b4f64bd8886ac4d4e5d73"
44029,1611028828709,"2021-01-19 04:00:28","Binance Will List TrueFi (TRU) in the Innovation Zone","26aba13db00c473085bf51ddd2c81839"
44047,1611111588240,"2021-01-20 02:59:48","Binance Futures Launches DOTECO (Polkadot Ecosystem) Composite Index Perpetual Contract with Up to 20x Leverage","9381a09f6dae4899b8c00046a4afc08b"
44143,1611196604753,"2021-01-21 02:36:44","Binance Futures Will Launch USDT-Margined CHZ, INJ Perpetual Contracts with Up to 20X Leverage","e95ce5d56cfe4ef4acfb02a0769e6fd8"
44158,1611208812034,"2021-01-21 06:00:12","Binance Will List DeXe (DEXE) in the Innovation Zone","a439ef291fb0402fa76a5757e0587cd4"
44382,1611550798162,"2021-01-25 04:59:58","Binance Futures Will Launch USDT-Margined SAND, ANKR Perpetual Contracts with Up to 20X Leverage","df96728782084fd2ab2ba51b6201b462"
44387,1611561609617,"2021-01-25 08:00:09","Binance Adds USDC/BUSD, TUSD/BUSD & PAX/BUSD Trading Pairs with 0 Trading Fees ","a44bb612bb164327ba386f108988daa4"
44601,1611644408452,"2021-01-26 07:00:08","Binance Will List Nervos Network (CKB)","71d82e6debf3469e9aefaafba3f9779e"
44785,1611723606390,"2021-01-27 05:00:06","Binance Will List Trust Wallet Token (TWT) in the Innovation Zone","f6d7c24dc4cc4143b04ca6186d184280"
44806,1611751682822,"2021-01-27 12:48:02","Binance Adds BETH/ETH Trading Pair ","2e4350b240964292a2a92005273b351f"
44879,1611815345827,"2021-01-28 06:29:05","Binance Futures Will Launch USDT-Margined LUNA Perpetual Contracts with Up to 20X Leverage","c83d9f0b88dd49f880b132e5102e0d03"
44930,1611828005972,"2021-01-28 10:00:05","Introducing Litentry (LIT) on Binance Launchpool! Farm LIT By Staking BNB, BUSD & DOT Tokens","2f63e7cee26b4560968c7eddf6297edb"
44933,1611831860713,"2021-01-28 11:04:20","Margin Trading for SNX & REEF Enabled on Binance","497d4da9304a4f63b23c82e41535b5b1"
45092,1612159481837,"2021-02-01 06:04:41","Binance Futures: New Listings This Week","ee59b5c8ddf84d6bbbde4ebff7bdfaa0"
45147,1612166643842,"2021-02-01 08:04:03","Cross Margin Trading for DOGE Enabled on Binance","1a5b1a0153974e2bbdbbe3aeb982c416"
45159,1612186219153,"2021-02-01 13:30:19","Introducing the SafePal (SFP) Token Sale With a New Binance Launchpad Subscription Format!","3a599775d4474e299c3aed3455e12478"
45325,1612328405006,"2021-02-03 05:00:05","Binance Will List Prosper (PROS) in the Innovation Zone","2d0541bb2957448bb682a327740ae3ee"
45333,1612336389776,"2021-02-03 07:13:09","Updates to Maximum Leverage and Margin Tiers of Binance Futures Contracts","7c000aa897f74e59bf285ca05dccb1a6"
45380,1612410517494,"2021-02-04 03:48:37","Binance Will List Vai (VAI) in the Innovation Zone","61661d11e2344c8396beb8b28d726bf2"
45588,1612756808326,"2021-02-08 04:00:08","Subscription for the SafePal (SFP) Token Sale on Binance Launchpad Is Now Open","f410bfa9e5ae452eba0c2d2912f27800"
45597,1612774804762,"2021-02-08 09:00:04","Binance Completes the SafePal Subscription Launchpad and Will Open Trading for SFP","389a3dd800d8408cac1eb13ce4be3b1c"
45620,1612847706049,"2021-02-09 05:15:06","LIT Enabled on Binance Isolated Margin","05c40d45440c41a599e284dbf4cf0b88"
46144,1613620415263,"2021-02-18 03:53:35","Binance Futures Will Launch USDT-Margined LIT, UNFI Perpetual Contracts with Up to 25X Leverage","ff7f8d8788df4389aab5eb59a0f0a665"
46147,1613627404541,"2021-02-18 05:50:04","Binance Will List Frax Share (FXS) in the Innovation Zone","c9bc5a0f776c417fa57fa613e24c1b7e"
46153,1613642414540,"2021-02-18 10:00:14","Introducing DODO (DODO) on Binance Launchpool! Farm DODO By Staking BNB, BETH & BUSD Tokens","020710be61de4e259b1420c59b790c2d"
46156,1613646906438,"2021-02-18 11:15:06","Binance Adds FRONT/BTC, EASY/BTC, CAKE/BTC, CAKE/USDT &  BAKE/BUSD Trading Pairs","b769e0e2da5d46bb96c50f8e4fb03f23"
46190,1613709450598,"2021-02-19 04:37:30","Binance Will Move PancakeSwap (CAKE) & Venus (XVS) to the Main Trading Zone","8ab90f74b9c54e3babfe2aba4991d5c7"
46209,1613738602025,"2021-02-19 12:43:22","Binance Futures Will Launch USDT-Margined DODO Perpetual Contracts with Up to 25X Leverage","148fb7ca409e43b3a7e8aa391e6302c9"
46293,1613962969237,"2021-02-22 03:02:49","Binance Futures Will Launch USDT-Margined REEF, RVN and SFP Perpetual Contracts with Up to 25X Leverage","02895f23b535433e8563175cfb64d1cd"
46326,1613979783998,"2021-02-22 07:43:03","CAKE, DODO and GLM Enabled on Binance Isolated Margin","46c88686f1e0471aa128b2d54d2d301c"
46356,1614058209014,"2021-02-23 05:30:09","Binance Will List UniLend (UFT) in the Innovation Zone","5e90d04a95994f768f411d08bfbd181e"
46359,1614063614208,"2021-02-23 07:00:14","Binance Will Add BUSD Trading Pairs for 1INCH, BAND, GRT, IOST, OMG and REEF","e99f1b38d65f45c9908ea66371c4dc3c"
46467,1614139268504,"2021-02-24 04:01:08","Binance Will List AC Milan Fan Token (ACM). Purchase ACM Tokens with BNB at a 25% Discount Prior to Trading Using the Launchpad Subscription Format!","b7f145caed29417982bd8bf253bdbcfb"
46479,1614157209888,"2021-02-24 09:00:09","Binance Completes the AC Milan Fan Token Discount Sale and Will Open Trading for ACM","af83f5b390a54a05a076b7fbe83c70d9"
46485,1614161330192,"2021-02-24 10:08:50","Margin Trading for AION, BAKE, BQX, DENT, HOT, KEY, MFT, NPXS, SUN & SXP Enabled on Binance","b819888e4cf642bcb98494d0b16e06fd"
46599,1614231014413,"2021-02-25 05:30:14","Binance Will List Phala Network (PHA) in the Innovation Zone","d6baaf7a59d74cb4bcf1d95efd2bf19c"
48265,1614309158030,"2021-02-26 03:12:38","Binance Adds DOT/GBP, ADA/TRY, ADA/BRL & ADA/GBP Trading Pairs","885d634924c24d48a837a76541e54fcc"
48295,1614317208119,"2021-02-26 05:26:48","Binance Will List Terra Virtua (TVK) in the Innovation Zone","31c14ad157af4daa89bd58633791a6a5"
48301,1614325425408,"2021-02-26 07:43:45","AVAX and EGLD Enabled on Binance Cross Margin","9e7413d60517420bb7419d2ef8b885aa"
48372,1614579563604,"2021-03-01 06:19:23","BTCST, CKB, GAS and XVS Enabled on Binance Isolated Margin","c2512dcc4e2846e2bce308a767531a71"
48569,1614661206073,"2021-03-02 05:00:06","Binance Will List Badger DAO (BADGER) in the Innovation Zone","a2aa2ee0e80e4291aa8d3f22f9793948"
48593,1614672553603,"2021-03-02 08:09:13","CTXC and FIO Enabled on Binance Isolated Margin","c4480c13de9e46c09c5f4080ebae0ead"
48647,1614739258666,"2021-03-03 02:40:58","Binance Futures Will Launch USDT-Margined XEM and BTCST Perpetual Contracts with Up to 25X Leverage","b132dae5b04341459d8209f29b90c202"
48680,1614747605650,"2021-03-03 05:00:05","Binance Will List Stafi (FIS) in the Innovation Zone","4dfae5ce3d894504bc50c423356846f0"
48706,1614838382846,"2021-03-04 06:13:02","Cross Margin Trading for 1INCH Enabled on Binance","71595b2e05484baaa6471f3c53eddf93"
48817,1614926312906,"2021-03-05 06:38:32","Binance Futures Will Increase the Maximum Leverage of LIT, UNFI, DODO, REEF, RVN, SFP USDT-Margined Perpetual Contracts to 50X","fdf05fa26ff24159b46a41f709950796"
48820,1614929688220,"2021-03-05 07:34:48","Margin Trading for AERGO, FIRO & FTM Enabled on Binance","f4147e92899045c6a46979072e49aede"
48971,1615183207818,"2021-03-08 06:00:07","Binance Will List MANTRA DAO (OM) in the Innovation Zone","8ccb514ecc664a7d93c71ea9eb173905"
49006,1615266009176,"2021-03-09 05:00:09","Binance Will List Marlin (POND) in the Innovation Zone","70f7134ad2bd493db68df020623f39ea"
49014,1615276082978,"2021-03-09 07:48:02","Binance Futures Will Launch USDT-Margined COTI Perpetual Contracts with Up to 25X Leverage","53c007d040594d55a8b2ccc57de8efa4"
49021,1615280733359,"2021-03-09 09:05:33","AUDIO, DREP and PERL Enabled on Binance Isolated Margin","5576c5b6dd354d70ba2382be04d7d221"
49049,1615284005807,"2021-03-09 10:00:05","Introducing My Neighbor Alice (ALICE) on Binance Launchpool! Farm ALICE By Staking BNB, BUSD & CHR Tokens","35c213a6b14f40d1a14376bfe9f417b1"
49078,1615348807223,"2021-03-10 04:00:07","Binance Will List Dego Finance (DEGO) in the Innovation Zone. Purchase DEGO Tokens with BNB at a 40% Discount Prior to Trading Using the Launchpad Subscription Format!","7a11ed69a25744fe9e08f8aedea019c6"
49098,1615366805557,"2021-03-10 09:00:05","Binance Completes the Dego Finance Discount Sale and Will Open Trading for DEGO","5ee7ee2659aa4f8899902367d45f8d7b"
49268,1615521115937,"2021-03-12 03:51:55","Binance Futures Will Launch USDT-Margined CHR Perpetual Contracts with Up to 25X Leverage","86f5ef4c343c4acda8358918e3f77698"
49508,1615784710147,"2021-03-15 05:05:10","Binance Futures: New Listings This Week (2021-03-15)","1de348ee4d994fbeabc6a4e54066b344"
49585,1615860047320,"2021-03-16 02:00:47","Binance Futures Will Launch USDT-Margined ALICE Perpetual Contracts with Up to 25X Leverage","09e302f8a778456aa42e0df634cc4e8f"
49618,1615872604155,"2021-03-16 05:30:04","Binance Will List Beefy.Finance (BIFI) in the Innovation Zone","f616b3b12724418eb8de89ce58fe3c27"
49785,1615965562517,"2021-03-17 07:19:22","Binance Futures Will Launch USDT-Margined ONE Perpetual Contracts with Up to 25X Leverage","45cb73bba8254e52b9c0d7ad597d0402"
49842,1616040009455,"2021-03-18 04:00:09","Binance Will List Linear (LINA) in the Innovation Zone. Purchase LINA Tokens with BNB at a 30% Discount Prior to Trading Using the Launchpad Subscription Format!","c127757cde714989947d673777e1d5a4"
49882,1616052780319,"2021-03-18 07:33:00","ALICE, DEGO, FRONT, MBL, OM & POND Enabled on Binance Isolated Margin","4b6fa797cc594dc8a50ed97a5fd6372f"
49890,1616061614441,"2021-03-18 10:00:14","Binance Completes the Linear Discount Sale and Will Open Trading for LINA","4eb646b8b75144948cd672e864a9afc5"
49944,1616126147058,"2021-03-19 03:55:47","Binance Futures Will Launch USDT-Margined LINA Perpetual Contracts with Up to 25X Leverage","354bc5918cc345a2a4a7e2941912800c"
49947,1616129630062,"2021-03-19 04:53:50","Binance Will List Perpetual Protocol (PERP) in the Innovation Zone","1d7f2144fce04615aa78eeb93331adc0"
50014,1616387212343,"2021-03-22 04:26:52","Binance Futures: New Listings This Week (2021-03-22)","feaa133cec7d448eaa7b1dbc4679a003"
50020,1616392572034,"2021-03-22 05:56:12","Binance Will List RAMP (RAMP) in the Innovation Zone","a5da7668d80a407595a18c6b729fa55a"
50222,1616486382049,"2021-03-23 07:59:42","Margin Trading for CHZ, COS & LINA Enabled on Binance","6f942a210455443f8a0b635d3e8ac041"
50259,1616553690512,"2021-03-24 02:41:30","Binance Futures Will Launch USDT-Margined DENT Perpetual Contracts with Up to 25X Leverage","e50421e9fea947d6a5d4d3f923671a2d"
50378,1616657030236,"2021-03-25 07:23:50","Binance Will List SuperFarm (SUPER) in the Innovation Zone","5a39df5ea166490f91f04c85cf37f76c"
50506,1616990139288,"2021-03-29 03:55:39","Binance Futures: New Listings This Week (2021-03-29)","a12c85ae88f143eeb02daa7cd5904dc3"
50524,1617000842522,"2021-03-29 06:54:02","Binance Will List Conflux Network (CFX)","cd4d635399374a68ace90874ce8b9eb2"
50618,1617091205728,"2021-03-30 08:00:05","Introducing the Tokocrypto (TKO) Token Sale on Binance Launchpad!","4620c8a2a87c42978519750964af7aa4"
50621,1617094371189,"2021-03-30 08:52:51","Cross Margin Trading for CAKE Enabled on Binance","2b29335519e14a8c87c10cf5c81b35c9"
50688,1617164142982,"2021-03-31 04:15:42","Binance Futures Will Launch USDT-Margined MTL Perpetual Contracts with Up to 25X Leverage","2f2d58933d004b888d7cb9b5e6ed5abc"
50787,1617252390607,"2021-04-01 04:46:30","Binance Futures Will Launch USDT-Margined OGN Perpetual Contracts with Up to 25X Leverage","76d42ca8c52e4d8ab374dbcb64c44800"
50817,1617265791036,"2021-04-01 08:29:51","Margin Trading for KAVA  & SUPER Enabled on Binance","f2c371a56c234b33a5a58e4259e7f300"
51000,1617339616037,"2021-04-02 05:00:16","Binance Will List Ellipsis (EPS) and Auto (AUTO) in the Innovation Zone","1bd8869e95ec4bf9b01b6b31361d7f84"
51128,1617683269693,"2021-04-06 04:27:49","New Listings This Week and Updates on Leverage and Margin Tiers of Binance Futures Contracts","e72145ab9e1644ceac7518913b51fd44"
51132,1617692485387,"2021-04-06 07:01:25","Cross Margin Trading for BTT & KSM Enabled on Binance","7d62a67972ef464d825c00ec02250f0b"
51135,1617696030765,"2021-04-06 08:00:30","Introducing Alien Worlds (TLM) on Binance Launchpool! Farm TLM By Staking BNB & BUSD Tokens","8d10c09ef69e4287ba01d8840178fcfd"
51244,1617768021096,"2021-04-07 04:00:21","Subscription for the Tokocrypto (TKO) Token Sale on Binance Launchpad Is Now Open","6ec186aa6e4d4ef8a60ad0860dd72338"
51267,1617786003598,"2021-04-07 09:00:03","Binance Completes the Tokocrypto Subscription Launchpad and Will Open Trading for TKO","eb9318ca1df94916aa99bd1a139a3383"
51378,1617865533934,"2021-04-08 07:05:33","BTCST & WIN Enabled on Binance Isolated Margin","664a5123e1ae470295073a069f117a89"
51544,1617938822400,"2021-04-09 03:27:02","Binance Futures Will Launch USDT-Margined NKN Perpetual Contracts with Up to 25X Leverage","7f25c9f82b964cbc91e8b997cd5b8320"
51779,1618201307793,"2021-04-12 04:21:47","Binance Futures: New Listings This Week (2021-04-12)","f1e5b80435dc4d0db97440ccb8de92bf"
52049,1618302574562,"2021-04-13 08:29:34","DREP & TKO Enabled on Binance Isolated Margin","88d560d4f6fd433281d8cd00632c2890"
52306,1618541847616,"2021-04-16 02:57:27","Binance Adds BTG/BUSD, BTG/USDT &  HOT/BUSD Trading Pairs","07e08d63eacf49cb9e61b47287fdfc88"
52504,1618821719989,"2021-04-19 08:41:59","Binance Will List Mirror Protocol (MIR) in the Innovation Zone","62a72f3052674fc589ad401e973ce9ab"
52660,1618902207579,"2021-04-20 07:03:27","Binance Futures Will Launch USDT-Margined DGB Perpetual Contracts with Up to 25X Leverage","c271315f57f54b08b6c81c6e81ba9ef8"
52729,1618977613203,"2021-04-21 04:00:13","Binance Will List FC Barcelona Fan Token (BAR) in the Innovation Zone. Purchase BAR Tokens with BNB at a 30% Discount Prior to Trading Using the Launchpad Subscription Format!","bc5b4c305f0a4dcdbef2796b39e252d3"
52753,1618995601241,"2021-04-21 09:00:01","Binance Completes the FC Barcelona Fan Token Discount Sale and Will Open Trading for BAR","3f9817692b07493295af35eceb85b4b5"
52757,1619001923072,"2021-04-21 10:45:23","Margin Trading for SOL & PUNDIX Enabled on Binance","9b215c7d6e4041beb1446e7071658610"
53033,1619157884672,"2021-04-23 06:04:44","Binance Will List Ampleforth Governance Token (FORTH)","272f913f85b8430d92f520ec04feee38"
53819,1619688640555,"2021-04-29 09:30:40","TLM Enabled on Binance Isolated Margin","06c149f5dc864e2e9dae75655d77255a"
54229,1620374809439,"2021-05-07 08:06:49","BAKE & CFX Enabled on Binance Isolated Margin","c35aff9b1b5e47fe98c1044425c03bf2"
54352,1620632679878,"2021-05-10 07:44:39","Binance Will List SHIBA INU (SHIB) in the Innovation Zone","f1fe616e688b452f9d736753cb2d947a"
54373,1620640950570,"2021-05-10 10:02:30","Binance Futures Will Launch USDT-Margined 1000SHIB Perpetual Contracts with Up to 25X Leverage","fa934b93fea6494fb7361d45ca7cc98a"
54382,1620654774074,"2021-05-10 13:52:54","Binance Will List Internet Computer (ICP)","33b6e8116ce54705ac89e898d1a05510"
54392,1620687801414,"2021-05-10 23:03:21","Binance Will Open Trading for Internet Computer (ICP)","4fa91d953fd0484ab9a48cca0a41c192"
54394,1620699465546,"2021-05-11 02:17:45","Binance Futures Will Launch USDT-Margined ICP Perpetual Contracts with Up to 25X Leverage","a176d4cfd4c74a7fb8238e63d71c062a"
54548,1620736569039,"2021-05-11 12:36:09","BTG, DEXE & SHIB Enabled on Binance Isolated Margin","e5607624f4614c3f9fd2562c8beb8660"
54572,1620781207102,"2021-05-12 01:00:07","Binance Will List GYEN","0ef69e1d334c4d8c9ffbd088843bf2dd"
54866,1620967012596,"2021-05-14 04:36:52","Binance Will List Arweave (AR)","169a715af77a419c918c932897e65b2c"
55233,1621317562543,"2021-05-18 05:59:22","Binance Futures Will Launch USDT-Margined BAKE Perpetual Contracts with Up to 25X Leverage","a24db130a3bd48328bfbe7ad6e5e1a35"
55237,1621322753432,"2021-05-18 07:25:53","ICP & STRAX Enabled on Binance Isolated Margin","f563abad77fb49909484a644b1773f59"
55403,1621396685822,"2021-05-19 03:58:05","Binance Will List Polkastarter (POLS) in the Innovation Zone","7335f149d9c14da199298505cf0375b6"
55646,1621587922309,"2021-05-21 09:05:22","Binance Margin Interest Rate Updates & New Assets for Isolated Margin","011114d0fd87428f8136b27a61e3c479"
55726,1621835694835,"2021-05-24 05:54:54","Binance Will List Mdex (MDX) in the Innovation Zone","b8f30e3a15f6493185c32398184871c6"
55785,1621912203792,"2021-05-25 03:10:03","Binance Will List Mask Network (MASK)","36bf2dc22d544ee09bc8760011bdebd3"
55853,1622018112217,"2021-05-26 08:35:12","BURGER, MASK & MDX Enabled on Binance Isolated Margin","af2b6436d48f46ef8e7d7cfb3f77aad5"
56005,1622167978377,"2021-05-28 02:12:58","Binance Will List Livepeer (LPT)","a5ba29e416bc4bc2900c0f3d4d1bfa8a"
56355,1622534406800,"2021-06-01 08:00:06","Introducing Automata (ATA) on Binance Launchpool! Farm ATA By Staking BNB, BUSD & DOT Tokens","aff3429ff6c74775b4e20fc23377f142"
56361,1622537462272,"2021-06-01 08:51:02","Cross Margin Trading for TFUEL Enabled on Binance","72ba7fb3de0c4544ab5c0c7a27a392aa"
56600,1622708884564,"2021-06-03 08:28:04","BUSD Trading Pairs for 1INCH, AUDIO, CHZ, GRT, NEAR, OMG and ONE Enabled on Binance Isolated Margin","2dc3d7ad57994b18a8c66c3c7cf12119"
56799,1622773625650,"2021-06-04 02:27:05","Binance Will List NuCypher (NU)","42b8a2c991a54523a8249d4691b6154c"
56834,1622788345848,"2021-06-04 06:32:25","Binance Adds 1 USDT Trading Pair & 9 BUSD Trading Pairs","32569413cb7e400f8a25514fbdb37d4d"
57210,1623148039126,"2021-06-08 10:27:19","ATA Asset & BUSD Trading Pairs for CKB, FIO, THETA, XVG Enabled on Binance Isolated Margin","149be11804d44178b5e6e1e9d647de00"
57377,1623306940686,"2021-06-10 06:35:40","Binance Will List Gitcoin (GTC)","df28017f9ea34d2f9d58c4ad467e0b88"
57539,1623378723635,"2021-06-11 02:32:03","Binance Will List Tornado Cash (TORN)","2d4e19b8c4854f969d95dd35bf65b182"
57542,1623383538382,"2021-06-11 03:52:18","Binance Adds BAKE/BTC, COTI/BUSD, ETC/GBP, MATIC/TRY & SOL/GBP Trading Pairs","3b31bb127d16489aad926a0c8ae715da"
57913,1623897290178,"2021-06-17 02:34:50","Binance Will List Keep Network (KEEP)","ed88b0ac99554ad7a5c7cae58fb0f492"
57972,1623915447416,"2021-06-17 07:37:27","Binance Adds 3 Fiat Trading Pairs, 6 BUSD Trading Pairs and 1 BIDR Trading Pair","72d272ce0a844ffe9371fff189ec01aa"
58011,1623923050882,"2021-06-17 09:44:10","COCOS, IQ, PHA, PROM, TVK & TWT Enabled on Binance Isolated Margin","1847709735ec4648b84d08d00d633241"
58599,1624329492432,"2021-06-22 02:38:12","Binance Will List Ethernity Chain (ERN) in the Innovation Zone","829faf920da247999d33700fb1068795"
58974,1624506135747,"2021-06-24 03:42:15","Binance Will List Klaytn (KLAY)","524db9d9791a4a989f6c242508e26dd3"
59044,1624522383283,"2021-06-24 08:13:03","Introducing Klaytn (KLAY) on Binance Launchpool! Farm KLAY by Staking BNB & BUSD Tokens","2717f4e91d5a476493ba5380f12f8ebc"
60064,1625227402142,"2021-07-02 12:03:22","FOR, FXS, HNT, KLAY, LPT and PERP Listing on Isolated Margin, $1M Margin 0% Interest Vouchers Giveaway","c623fd647d264e64980a4c987f6ecdb4"
60082,1625450714845,"2021-07-05 02:05:14","Binance Will List BarnBridge (BOND) and Enzyme  (MLN)","3b3a5b445d87445693c95bea59186276"
61395,1626336001812,"2021-07-15 08:00:01","Introducing the Coin98 (C98) Token Sale on Binance Launchpad!","6f89120a6dfa4dd2b6a7e14e2912a1e1"
61952,1627012836770,"2021-07-23 04:00:36","Binance Will List QuickSwap (QUICK) in the Innovation Zone","705e87b0886d4a3c87b04ac3cf2119e5"
61972,1627020004301,"2021-07-23 06:00:04","Subscription for the Coin98 (C98) Token Sale on Binance Launchpad Is Now Open","1448267236e642f6b323278baa9a91d3"
62050,1627036230993,"2021-07-23 10:30:30","COVER, ERN & PHA Listing on Isolated Margin, $1M Margin Interest Free Vouchers Giveaway","c4f333b603a3413195e23818328c553d"
62067,1627038002567,"2021-07-23 11:00:02","Binance Completes the Coin98 Subscription Launchpad and Will Open Trading for C98","4a5c3dd130f343f2820af757afceb1fc"
62811,1627524104589,"2021-07-29 02:01:44","Binance Will List Clover Finance (CLV) and Quant (QNT)","053a6010adc844e29e3859a460e32d12"
62987,1627628415523,"2021-07-30 07:00:15","Binance Will List Flow (FLOW)","d00fe25c21ef4db5afe5c12e32b4fe27"
63793,1628560538741,"2021-08-10 01:55:38","Binance Will List Mina (MINA) and Raydium (RAY) in the Innovation Zone","1109860f79f14ebaabe7086b863a90a2"
63898,1628652647130,"2021-08-11 03:30:47","Binance Will List Alpaca Finance (ALPACA) and Harvest Finance (FARM) in the Innovation Zone","df5d03f70fb446fd9f0948fed8b5d7eb"
64267,1628848689299,"2021-08-13 09:58:09","Binance Adds ORN/BUSD, QUICK/USDT & TLM/TRY Trading Pairs","06ab746ef04844b8a668ee4791ec76e0"
64712,1629341958170,"2021-08-19 02:59:18","Binance Will List MOBOX (MBOX)","1423a4dfd8a247a0a94acf20ac47d111"
64731,1629349369571,"2021-08-19 05:02:49","Binance Adds FIS/BRL, FOR/USDT, GHST/USDT, REQ/USDT & TRU/RUB Trading Pairs","ab91c1944cb54e9392b151467ebb1e95"
64767,1629360097631,"2021-08-19 08:01:37","Introducing Mobox (MBOX) on Binance Launchpool! Farm MBOX by Staking BNB, MBOX and BUSD Tokens","3e99653fbe67405fb69e1b6d5b93bb06"
65011,1629685828439,"2021-08-23 02:30:28","Binance Will List WAX (WAXP)","3c5c8af23a624818a75bf18b1faeb7c0"
65099,1629770342734,"2021-08-24 01:59:02","Binance Will List Tribe (TRIBE)","d22b03e28ba64f3cbde5e8a0aea55c66"
65724,1630288892172,"2021-08-30 02:01:32","Binance Will List Gnosis (GNO)","fdd3140e7acc46a79cd19afa3e0b8136"
66920,1631067591218,"2021-09-08 02:19:51","Binance Adds ELF/USDT & POLY/BUSD Trading Pairs","d3369d89bc6b41f992546b1395fce474"
67211,1631113186919,"2021-09-08 14:59:46","Binance Will List dYdX (DYDX) in the Innovation Zone","f932763eb4854916b8456497ccd8ff88"
67250,1631164134367,"2021-09-09 05:08:54","Binance Adds AXS/BIDR, ELF/BUSD, IDEX/USDT, POLY/USDT, SOL/BIDR & VIDT/USDT Trading Pairs","cb9af400adb64fb0a5f5cdccd001e615"
67504,1631498440769,"2021-09-13 02:00:40","Binance Will List Gala (GALA)","e01f0f9ff68c4150b7fb6ee2fcd5159b"
68079,1631844949457,"2021-09-17 02:15:49","Binance Adds ALGO/BIDR, CAKE/AUD, FTM/BIDR, KSM/AUD, SUN/BUSD & WAVES/RUB Trading Pairs","e759bb99de344c1eb5332c458f2aa893"
68169,1631864136832,"2021-09-17 07:35:36","Binance Futures Will Launch USDT-Margined GALA Perpetual Contracts with Up to 25X Leverage","59cf4a2e46e24af79c9bdd29151c70d5"
68220,1631872398624,"2021-09-17 09:53:18","Binance Adds GALA & XEC on Isolated Margin, BUSD Annual Interest Rate Starts at 6.20%!","780ae85af63b4f8fa32ee1ad35cf5dc7"
68309,1632190956054,"2021-09-21 02:22:36","Binance Futures Will List USDⓈ-M BTC & ETH Quarterly 1231 Futures Contracts","8784896df8f048968c2a64a6c620c57f"
68375,1632281198989,"2021-09-22 03:26:38","Binance Will List Illuvium (ILV)","4695824836c64d5f8b621c93c2bb13a3"
68392,1632285550667,"2021-09-22 04:39:10","Binance Adds REN/BUSD Trading Pair","1ad663c7c1434c439767c3b23b17c614"
68411,1632298618652,"2021-09-22 08:16:58","Binance Futures Will List Coin-Margined Quarterly 0325 Futures Contracts","f60a29757eae477ab766846658710975"
68557,1632378686178,"2021-09-23 06:31:26","CELR/BUSD & FTM/BUSD Pairs Enabled on Isolated Margin, BUSD Annual Interest Rate Starts at 6.20%!","962311b4e6fc44a19f241a3d96138112"
68640,1632448730277,"2021-09-24 01:58:50","Binance Will List Yield Guild Games (YGG)","0d1799104b494a93956bd4dcbfa442a7"
68675,1632456387953,"2021-09-24 04:06:27","Binance Adds ARPA/RUB, DF/USDT, FET/BUSD, LTC/UAH, SOL/USDC, STX/BUSD & SYS/USDT Trading Pairs","1acb1631e9f34681b4131586d4731448"
68760,1632473600386,"2021-09-24 08:53:20","Binance Futures Will Launch USDT-Margined CELO & AR Perpetual Contracts with Up to 25X Leverage","6863561ed5814891bb99374da33a17ce"
69114,1632909606825,"2021-09-29 10:00:06","Introducing the Beta Finance (BETA) Token Sale on Binance Launchpad!","be1c7f558fca417a9da6974e8c294d83"
69161,1632968961908,"2021-09-30 02:29:21","Binance Will List Bonfida (FIDA)","817e2583e2314d9eaa0b4f3b5136387c"
69219,1632978197990,"2021-09-30 05:03:17","Bonfida (FIDA) Listing Postponed","2168a81eb11942d3b49ed5e99cfef5da"
69237,1632981865187,"2021-09-30 06:04:25","Binance Adds ALICE/BIDR, ARPA/BUSD, AVAX/BIDR & LSK/BUSD​​ Trading Pairs","1e27be6968de4c14a69853059b6d4456"
69373,1633401482769,"2021-10-05 02:38:02","Binance Will List Adventure Gold (AGLD) in the Innovation Zone","4a0b5201a6874cfe98adad4f74b6a75b"
69700,1633577062094,"2021-10-07 03:24:22","Binance Will List Radicle (RAD)","fb2941023f6f4612b51a3e659319a9ef"
69732,1633658116843,"2021-10-08 01:55:16","Binance Adds HIVE/BUSD, SHIB/AUD, STPT/BUSD & UNI/AUD​​ Trading Pairs","e8bae0c5645543b7b3e17f39b1c122bc"
69761,1633672828838,"2021-10-08 06:00:28","Subscription for the Beta Finance (BETA) Token Sale on Binance Launchpad Is Now Open","3d3fc51a35fe4fe3b563db02deb622c3"
69826,1633690804150,"2021-10-08 11:00:04","Binance Completes the Beta Finance Subscription Launchpad and Will Open Trading for BETA","7be2243b09934a67aee642e40e7a4e4b"
69844,1633917838716,"2021-10-11 02:03:58","Binance Will List SuperRare (RARE)","abccb898c2144bfda3647031b2a60bc7"
69861,1633919423571,"2021-10-11 02:30:23","Binance Futures Will Launch USDT-Margined KLAY Perpetual Contracts with Up to 25X Leverage","2ea9e8af0c6947f1afa9f8dab1557d2b"
70224,1634112024588,"2021-10-13 08:00:24","Introducing the Lazio Fan Token (LAZIO) Token Sale on Binance Launchpad!","7e2ab0778e4b409d857dedcb2d4da175"
70498,1634271146459,"2021-10-15 04:12:26","Binance Adds AVAX/AUD, AVAX/BRL, AXS/ETH, FTM/ETH, LUNA/AUD, SOL/ETH & TROY/BUSD Trading Pairs","f4927dee3da549edbaa7d5f914a5fc65"
70643,1634530840863,"2021-10-18 04:20:40","Binance Futures Will Launch USDT-Margined ARPA & NU Perpetual Contracts with Up to 25X Leverage","bf17bdfafc2d4f12ad91011b4895bbd3"
71096,1634720608324,"2021-10-20 09:03:28","Binance Adds RAD & RARE on Isolated Margin, Stablecoins Annual Interest Rate Starts at 6.20%!","01735ccf23af42efa25d6483a76a6fa4"
71163,1634796016368,"2021-10-21 06:00:16","Subscription for the Lazio Fan Token (LAZIO) Token Sale on Binance Launchpad Is Now Open","7062300c06bb405ba0725796e65a4cd6"
71268,1634814003632,"2021-10-21 11:00:03","Binance Completes the Lazio Fan Token Subscription Launchpad and Will Open Trading for LAZIO","c94a767e99244553b7a976ee8957a2c7"
71304,1634870199802,"2021-10-22 02:36:39","Binance Will List Tranchess (CHESS) in the Innovation Zone","75ee0166b3ec43aba2266ef98893dd56"
71321,1634873400243,"2021-10-22 03:30:00","Binance Adds FTM/AUD, FTM/BRL & SCRT/BUSD Trading Pairs","8d0eaa46e96e490999a7e1a5cd6bebcd"
71467,1635129503763,"2021-10-25 02:38:23","Binance Futures Will Launch USDT-Margined CTSI Perpetual Contracts with Up to 25X Leverage","aa4a4f5e4f1344ae921ad13c90d7a21f"
71904,1635406103372,"2021-10-28 07:28:23","Binance Adds CHESS on Isolated Margin, Stablecoins Annual Interest Rate Starts at 6.20%!","6ccecf57e6b24276a23ce49b77496efd"
71918,1635408006977,"2021-10-28 08:00:06","Introducing Mines of Dalarnia (DAR) on Binance Launchpool! Farm DAR By Staking BNB and BUSD","28c68286fe9340cd97740774b4e13af9"
71995,1635479659606,"2021-10-29 03:54:19","Binance Adds ADX/USDT, AUCTION/USDT, CELO/BUSD, FTM/RUB, NU/AUD, NU/RUB, REEF/BIDR & REEF/TRY Trading Pairs","eabde816eb1043f6b1cb04215902b7c1"
72200,1635757608847,"2021-11-01 09:06:48","Binance Adds SHIB/DOGE Trading Pair","e75ededcc356463a94786de743009a31"
72275,1635827480263,"2021-11-02 04:31:20","Binance Futures Will Launch Coin-Margined FTM Perpetual Contracts with Up to 20X Leverage","8f89686731e04da3b9a98e20a0897413"
72633,1636008945632,"2021-11-04 06:55:45","Binance Will List BinaryX (BNX) in the Innovation Zone","0337a0095c5b47f09a4882b6af624bdd"
72774,1636027171346,"2021-11-04 11:59:31","Binance Adds DOGE/BUSD Cross Margin & SHIB/DOGE Isolated Margin Pairs, Stablecoins Annual Interest Rate Starts at 6.20%!","1f01516fe1f64bd08ed5a9f4207a9e5b"
72789,1636078142923,"2021-11-05 02:09:02","Binance Will List Rari Governance Token (RGT)","f9e1123ffc12458795716a0e027ff07a"
72806,1636081921831,"2021-11-05 03:12:01","Binance Adds ALGO/RUB, AUD/USDC, LAZIO/BUSD, LUNA/BIDR, MANA/TRY, OXT/BUSD & SHIB/UAH Trading Pairs","5c649babec204c27b7d7b734dba937ee"
72876,1636106405164,"2021-11-05 10:00:05","Introducing the FC Porto Fan Token (PORTO) Token Sale on Binance Launchpad!","14e4354e11444c7092934e618f5eac64"
72913,1636110492152,"2021-11-05 11:08:12","Binance Adds BETA & BNX on Isolated Margin, Stablecoins Annual Interest Rate Starts at 6.20%!","b9fbcf46da3a4d7f8f2d1bf1bd874665"
72929,1636336753642,"2021-11-08 01:59:13","Binance Will List Moonriver (MOVR)","cfef2fc1127d4a9fbeb8f29f4f223cf8"
72963,1636358859333,"2021-11-08 08:07:39","Binance Futures Will Launch Coin-Margined SAND Perpetual Contracts with Up to 20X Leverage","3cc58db7ef894061b0e449e34b22265a"
73109,1636509782964,"2021-11-10 02:03:02","Binance Will List Manchester City Fan Token (CITY)","737d3e387d9c450e91621e65a1206a95"
73129,1636513929547,"2021-11-10 03:12:09","Binance Will List Ethereum Name Service (ENS)","6dcf651bba03484b87666d49474f8c07"
73148,1636515996878,"2021-11-10 03:46:36","Binance Futures Will Launch USDT-Margined LPT Perpetual Contracts with Up to 25X Leverage","3bb1893a459145eabd8e217486a8daa8"
73211,1636531203404,"2021-11-10 08:00:03","Introducing Manchester City Fan Token (CITY) on Binance Launchpool! Farm CITY by Staking BNB, CHZ and BUSD Tokens","fbc8651b81304e6196a3afa5b209614e"
73388,1636617663126,"2021-11-11 08:01:03","Binance Adds AXS, LRC, LUNA, MANA, SAND on Cross Margin, Stablecoins Annual Interest Rate Starts at 6.20%!","89017e3fa575423d8c86b8e6a9ae5037"
73542,1636697044730,"2021-11-12 06:04:04","Binance Adds ANKR/BUSD, DOT/ETH, KP3R/USDT, MANA/BRL, MATIC/ETH, SAND/ETH, SAND/TRY & STORJ/BUSD Trading Pairs","b5608a7f480b4348b8e29d6e7476c206"
73657,1636941505934,"2021-11-15 01:58:25","Binance Will List BENQI (QI)","2c26b9c367a34812bfd21722db38aba7"
73707,1636963209206,"2021-11-15 08:00:09","Introducing BENQI (QI) on Binance Launchpool! Farm QI by Staking BNB, AVAX and BUSD Tokens","b1ed4c326ca8403793a9cfbec11eb3f4"
73752,1637042401205,"2021-11-16 06:00:01","Subscription for the FC Porto Fan Token (PORTO) Token Sale on Binance Launchpad Is Now Open","7a27ce5d7e5c4510883825a6db7995a9"
73791,1637050961647,"2021-11-16 08:22:41","Binance Futures Will Launch Coin-Margined MANA Perpetual Contracts with Up to 20X Leverage","06b817690c894dbd94c9559983fd80b1"
73823,1637056833713,"2021-11-16 10:00:33","Binance Completes the FC Porto Fan Token Subscription Launchpad and Will Open Trading for PORTO","b4bdead0b59144aca40b9b39902c0c4b"
73903,1637114415113,"2021-11-17 02:00:15","Binance Adds POWR/BUSD and POWR/USDT Trading Pairs","0c574bdc22ce455d82c7d352eab13831"
74156,1637287204499,"2021-11-19 02:00:04","Binance Adds AVAX/ETH, CHR/ETH, FIS/BIDR, FIS/TRY, LRC/TRY & SLP/TRY Trading Pairs","fe46248dac19497997bd5213ac7aedd9"
74175,1637295303715,"2021-11-19 04:15:03","Binance Adds ENS on Margin, Launches Interest Rate Promotion!","baa2b4a6709f4e6885e93ec71acf8714"
74274,1637546417892,"2021-11-22 02:00:17","Binance Adds GALA/ETH and VGX/USDT Trading Pairs","ffdf598e6904480d886ca7b6b6cd3bd0"
74376,1637567982715,"2021-11-22 07:59:42","Binance Will List JasmyCoin (JASMY)","f86958f1977248a691d752da735be408"
74685,1637632759255,"2021-11-23 01:59:19","Binance Will List Amp (AMP) and PlayDapp (PLA)","a84409552a2e4e5bb8f0a0459facd3bd"
75118,1637898301794,"2021-11-26 03:45:01","Binance Will List Vulcan Forged PYR (PYR)","1be990aec041437baf2bd1b132c3992a"
75194,1637931603449,"2021-11-26 13:00:03","Introducing Santos FC Fan Token (SANTOS) on Binance Launchpool! Farm SANTOS By Staking BNB and BUSD","75b743ac71ea44be8eb5cac9848b859a"
75285,1637992664388,"2021-11-27 05:57:44","Binance Will List Render (RNDR)","75041025aefd416596f12fbdb90b3521"
75304,1638154059516,"2021-11-29 02:47:39","Binance Futures Will Launch USDT-Margined ENS Perpetual Contracts with Up to 25X Leverage","5b8aa52ccd5f486c850ca737f68ead65"
75502,1638237546799,"2021-11-30 01:59:06","Binance Will List Alchemix (ALCX)","946b303fef6c4b4386f9d06d5486c776"
75583,1638269536878,"2021-11-30 10:52:16","Binance Futures Will Launch Coin-Margined GALA Perpetual Contracts with Up to 20X Leverage","a018bb926d5f460ab0664038cb8a8b3e"
75817,1638417768146,"2021-12-02 04:02:48","Binance Will List Merit Circle (MC)","3a60c4b165264424a5690807a30bd40a"
75883,1638432029520,"2021-12-02 08:00:29","Introducing Merit Circle (MC) on Binance Launchpool! Farm MC by Staking BNB, MC and BUSD Tokens","abb604b11bc94a1291b463ba22e07cea"
75925,1638441647637,"2021-12-02 10:40:47","Binance Adds BEL/TRY, COCOS/BUSD, DENT/TRY, ENJ/TRY, NEO/RUB, SAND/AUD & SLP/BIDR Trading Pairs","fa74da59077c47ba92bacf373c7d1087"
76137,1638515384361,"2021-12-03 07:09:44","Binance Adds ANKR, DAR, ENJ, HIVE, ROSE, STPT on Cross Margin and AMP, DAR, RNDR on Isolated Margin, Stablecoins Annual Interest Rate Starts at 6.20%!","fb5712d3eb8f45fcae1701a2f00023e9"
76206,1638583296089,"2021-12-04 02:01:36","Binance Will List Anyswap (ANY)","331e59fda31149618f697f628d08b6e7"
76282,1638777606967,"2021-12-06 08:00:06","Introducing the Voxies (VOXEL) Token Sale on Binance Launchpad!","74919dcc12fa4c8984ab6ab781ea16b5"
76343,1638843308051,"2021-12-07 02:15:08","Binance Futures Will Launch Coin-Margined MATIC Perpetual Contracts with Up to 20X Leverage","239146239c2141aab4790d6784b756f2"
76630,1639014974947,"2021-12-09 01:56:14","Binance Will List Biconomy (BICO)","2bd41061311e4ae287ec3e21db9a1fcf"
76711,1639034724814,"2021-12-09 07:25:24","Binance Adds ALICE/TRY, FXS/USDT, GALA/BRL, GALA/TRY, LUNA/TRY, REQ/BUSD & SAND/BRL Trading Pairs","cb41b236c2174112be0a41be5d97fd5d"
76733,1639038829628,"2021-12-09 08:33:49","Binance Adds CHR, IDEX, MBOX, ONE, POLS, SUPER on Cross Margin and ANY, JASMY, KP3R, PLA, POWR, PYR, VGX on Isolated Margin, Stablecoins Annual Interest Rate Starts at 6.20%!","0e02e625f8c94fbeaf3eb479b7660c80"
76772,1639101539909,"2021-12-10 01:58:59","Binance Will List Flux (FLUX)","17855992b37d4057aba20eb8da980d68"
76920,1639377261977,"2021-12-13 06:34:21","Binance Futures Will Launch Coin-Margined NEAR Perpetual Contracts with Up to 20X Leverage","a1161df428274d6d9c71370b253ec2b5"
76976,1639461608545,"2021-12-14 06:00:08","Subscription for the Voxies (VOXEL) Token Sale on Binance Launchpad Is Now Open","1d8ce3f9ac1b4e94becdbe8121fe2969"
76999,1639476004684,"2021-12-14 10:00:04","Binance Completes the Voxies Subscription Launchpad and Will Open Trading for VOXEL","fdd89dcc0e6c488f8bda4910e9dd74f8"
77266,1639644993601,"2021-12-16 08:56:33","Binance Adds COS/BUSD, CTXC/BUSD, FTM/TRY, MANA/BNB, MINA/TRY & XTZ/TRY Trading Pairs","b2753e00b9f24ae3bf625cb61b1044b1"
77355,1639706209800,"2021-12-17 01:56:49","Binance Will List Highstreet (HIGH)","2647bcc9c3d6493680f287529e2d0ecc"
77430,1639728025155,"2021-12-17 08:00:25","Introducing Highstreet (HIGH) on Binance Launchpool! Farm HIGH by Staking BNB and BUSD Tokens","48ad3adac7c145758c789af7f3f4d2f5"
77611,1639971696134,"2021-12-20 03:41:36","Binance Adds ANT, CLV, MDT, MIR, NEAR & WAXP on Cross Margin and ALCX, BICO & ELF on Isolated Margin","57f4c0118a3e42e18d168899291197d8"
77660,1639981647404,"2021-12-20 06:27:27","Binance Futures Will Launch Coin-Margined ATOM Perpetual Contracts with Up to 20X Leverage","34e0e46d413a4eef92e7b760890579b7"
77753,1640063380867,"2021-12-21 05:09:40","Binance Futures Will List USDⓈ-M BTC & ETH Quarterly 0325 Futures Contracts","f2bdeaaf349443308979d4eb5bb5e73a"
78029,1640224995780,"2021-12-23 02:03:15","Binance Will List Convex Finance (CVX) and ConstitutionDAO (PEOPLE) in the Innovation Zone","52a591aab2a44b969187a00a15ca812e"
78171,1640253701765,"2021-12-23 10:01:41","Binance Futures Will Launch USDT-Margined PEOPLE Perpetual Contracts with Up to 25X Leverage","e8caf8581cb84df7b8acfefe74548119"
78187,1640254400737,"2021-12-23 10:13:20","Binance Adds COCOS/TRY, GXS/BNB, LINK/BNB, LUNA/ETH, MDT/BUSD & NULS/BUSD Trading Pairs","43b86f672cf94e23b2c46ed007cda804"
78225,1640311102391,"2021-12-24 01:58:22","Binance Will List Spell Token (SPELL) and TerraUSD (UST)","43d0f0d01c6a42a7941c9ecd1a1ae94b"
78263,1640316664860,"2021-12-24 03:31:04","Binance Futures Will Launch USDT-Margined ANT Perpetual Contracts with Up to 25X Leverage","9a55ed80fb3f4c72b257aaad09e697c0"
78345,1640339764028,"2021-12-24 09:56:04","Binance Adds BNX, KEEP, KLAY, MINA, TRIBE on Cross Margin and FLUX, PEOPLE, REQ, SUN, VOXEL on Isolated Margin","2bbd0f645cb4429f928d42ab7c5def7d"
78427,1640593583258,"2021-12-27 08:26:23","Binance Futures Will Launch Coin-Margined AAVE Perpetual Contracts with Up to 20X Leverage","59fb28b32f3649ca84b3db098100b671"
78447,1640667410829,"2021-12-28 04:56:50","Binance Will List JOE (JOE)","278d0e13f8484d2fb90d784b5277a0e5"
78545,1640774363591,"2021-12-29 10:39:23","Binance Futures Will List Coin-Margined Quarterly 0624 Futures Contracts","e67980b0a68a40e2b8538d097367e3f9"
78561,1640775587721,"2021-12-29 10:59:47","Binance Futures Will Launch USDT-Margined ROSE Perpetual Contracts with Up to 25X Leverage","ccbdacbe197945b4a062ca0e3c830c4a"
78736,1640942011029,"2021-12-31 09:13:31","Binance Adds AGLD, AUDIO, BICO, GTC, JASMY, LPT, QUICK, RNDR on Cross Margin and HIGH, MC, OOKI, SPELL on Isolated Margin","91cc37baab8344f3b7bb9d13be2a4aaa"
78808,1641283240624,"2022-01-04 08:00:40","Binance Adds ATOM/ETH, DUSK/BUSD, EGLD/ETH, ICP/ETH, LUNA/BRL, LUNA/UST, NEAR/ETH, ROSE/BNB & VOXEL/ETH Trading Pairs","1073531ba8ab4cabb2102cb507b7c318"
78831,1641351895874,"2022-01-05 03:04:55","Binance Futures Will Launch Coin-Margined CRV Perpetual Contracts with Up to 20X Leverage","9ddb3a74c1f344c29befd517546170c9"
79045,1641443265141,"2022-01-06 04:27:45","Binance Futures Will Launch USDT-Margined DUSK Perpetual Contracts with Up to 25X Leverage","b5c82d3590ea4087adeb15f8edcd8e1f"
79221,1641519695671,"2022-01-07 01:41:35","Binance Adds ALICE/BNB, ATOM/TRY, ETH/UST, GALA/AUD, LRC/BNB, ONE/ETH & OOKI/BNB Trading Pairs","6f8c41c26da04752a7bba9cf9a9803d4"
79339,1641555425450,"2022-01-07 11:37:05","Binance Adds CTXC, DUSK, GXS, HOT, LINA, SFP on Cross Margin and AUTO, CTXC, CVP, CVX, LSK, VIDT on Isolated Margin","acfd02a1602d484397a8330fbebeb418"
79380,1641794176091,"2022-01-10 05:56:16","Binance Will List Alchemy Pay (ACH) and Immutable X (IMX)","7a1f332b6a204dfda65840ae33047a0f"
79434,1641868441223,"2022-01-11 02:34:01","Binance Futures Will Launch Coin-Margined AXS Perpetual Contracts with Up to 20X Leverage","4969cbde46d44f65b712380f57d7ca3d"
79469,1641881720254,"2022-01-11 06:15:20","Binance Will List Glimmer (GLMR)","6a6a9b138e7549fb97379d89ef778cc0"
79506,1641888006553,"2022-01-11 08:00:06","Introducing the League of Kingdoms (LOKA) Token Sale on Binance Launchpad!","4875ad4e8084442a8831623cd7cccfb2"
79694,1642050594643,"2022-01-13 05:09:54","Binance Adds ATOM/BIDR, DYDX/ETH, FARM/ETH, FOR/BNB, ICP/TRY, JASMY/ETH, LINA/BNB, OOKI/ETH, ROSE/ETH, UMA/BUSD, UNI/ETH & XTZ/ETH Trading Pairs","b0b2f3c0ccd3483d9a0565956297a479"
80040,1642391169511,"2022-01-17 03:46:09","Binance Futures Will Launch Coin-Margined ROSE Perpetual Contracts with Up to 20X Leverage","a54389f63bea4883b18f666a211203cf"
80504,1642658402458,"2022-01-20 06:00:02","Subscription for the League of Kingdoms (LOKA) Token Sale on Binance Launchpad Is Now Open","b75ab1b24b4a4df29247706897091fc0"
80596,1642673590158,"2022-01-20 10:13:10","Binance Completes the League of Kingdoms Subscription Launchpad and Will Open Trading for LOKA","db548cd60c724930a293f120075b66d2"
80615,1642676236813,"2022-01-20 10:57:16","Binance Adds ATOM/BRL, BNB/UST, CRV/ETH, HIGH/BNB, NEAR/RUB, ROSE/TRY & SCRT/USDT Trading Pairs","836af23f13f24be08d99ec157ed1edac"
80692,1642737998183,"2022-01-21 04:06:38","Binance Adds CELO, COTI, FLUX, HBAR, ICX, POND, YGG on Cross Margin and BTC/USDC, CELO/BUSD, ETH/USDC, FTM/ETH, LINK/ETH, LUNA/ETH, POWR/ETH, SAND/ETH, SOL/ETH, SYS/USDT, XMR/ETH on Isolated Margin","418ae354683949dfbe88881c8b2236b9"
80650,1642746484252,"2022-01-21 06:28:04","Binance Will List API3 (API3)","43b644d339394646bf65bf5c1e70d031"
80831,1643076171074,"2022-01-25 02:02:51","Binance Will List Acala (ACA)","5242f6cd0f89435b8617512e0a8c26c3"
80890,1643086336145,"2022-01-25 04:52:16","Binance Will List Anchor Protocol (ANC)","25dfef7a745d4e9d9eef111ed054c3d4"
81024,1643108575964,"2022-01-25 11:02:55","Introducing Anchor Protocol (ANC) on Binance Launchpool! Farm ANC by Staking BNB, LUNA and BUSD Tokens","5faa6bc0dad5445a9bb0d431872ada91"
81370,1643277946850,"2022-01-27 10:05:46","Binance Adds COS/TRY, KAVA/ETH, MC/BNB & ONE/TRY Trading Pairs","7260fb8657f142ca9f6321ae24308cae"
81389,1643280904702,"2022-01-27 10:55:04","Binance Adds BDOT/DOT Trading Pair","c2e9a43244424e26a4f086ba798660d9"
81412,1643336631304,"2022-01-28 02:23:51","Binance Adds GLMR & SCRT on Isolated Margin, and BETA, DENT, POND, REEF, SLP & VOXEL on Cross Margin","3842c0e1641d44ed8d36ba291048037e"
81768,1644286833903,"2022-02-08 02:20:33","Binance Will List WOO Network (WOO)","8bd474c77c55450fbe828ec536963162"
81966,1644392528863,"2022-02-09 07:42:08","Binance Adds CELR/ETH, PEOPLE/BNB, SLP/BNB, SPELL/BNB, SPELL/TRY & TFUEL/BUSD Trading Pairs","4d3e3699c995412fa232395a2dc7136a"
81986,1644393004206,"2022-02-09 07:50:04","Binance Futures Will Launch USDT-Margined FLOW Perpetual Contracts with Up to 25X Leverage","4792aec2fe53444f87734e57bbb3038f"
82060,1644455657178,"2022-02-10 01:14:17","Binance Futures Will Launch USDT-Margined IMX Perpetual Contracts with Up to 25X Leverage","e6de0a1dca5e49bea0b334304535934a"
82244,1644555475667,"2022-02-11 04:57:55","Binance Futures Will Launch Coin-Margined XTZ Perpetual Contracts with Up to 20X Leverage","a633700a44fa4f879dde0873d209f308"
82258,1644556588358,"2022-02-11 05:16:28","Binance Adds BLZ, FET, MTL, PEOPLE on Cross Margin and ACA, IMX on Isolated Margin","c2302b0424864ac6a102411d1dee303e"
82639,1644915618985,"2022-02-15 09:00:18","Introducing the Alpine F1® Team Fan Token (ALPINE) Token Sale on Binance Launchpad!","fe1d19f71c6f48668c170fff27da795b"
82993,1645082598542,"2022-02-17 07:23:18","Binance Adds AXS/TRY, DAR/TRY, IDEX/BNB & NEAR/TRY Trading Pairs","17f221f4d10642268bbc7a11abdd9102"
83027,1645088631112,"2022-02-17 09:03:51","Binance Adds PYR, QNT, SUN on Cross Margin and BTTC, LOKA on Isolated Margin","18d45ae1e3524df29443c19a8832c3a0"
83198,1645417723129,"2022-02-21 04:28:43","Binance Futures Will Launch USDT-Margined API3 Perpetual Contracts with Up to 25X Leverage","3e091344eaaa4632bbdc1e5ded1237e1"
83215,1645423204964,"2022-02-21 06:00:04","Subscription for the Alpine F1® Team Fan Token (ALPINE) Token Sale on Binance Launchpad Is Now Open","7fcab3678b1e484892ba38c1d3946a4f"
83307,1645437604601,"2022-02-21 10:00:04","Binance Completes the Alpine F1® Team Fan Token Subscription Launchpad and Will Open Trading for ALPINE","7bfe31c5fa71411a897a2a2c601076f9"
83555,1645683906459,"2022-02-24 06:25:06","Binance Adds API3/BNB, BETA/ETH, INJ/TRY & TLM/BNB Trading Pairs","67d1382195d24b57892267440744d942"
83629,1646033043037,"2022-02-28 07:24:03","Binance Will List Astar (ASTR) in the Innovation Zone","e9542fb981594bb2831eedbd18056f6a"
83872,1646125235487,"2022-03-01 09:00:35","Introducing the STEPN (GMT) Token Sale on Binance Launchpad!","990c437588574f9c914de4c00679a7cd"
83933,1646200103010,"2022-03-02 05:48:23","Binance Adds HNT, KEY, PAXG, RARE, SKL, WAN on Cross Margin and ANC, API3, JOE, WOO on Isolated Margin","8ed0543339a04b87b0b1b7166f542ae1"
84052,1646302517727,"2022-03-03 10:15:17","Binance Adds API3/TRY, GLMR/BNB, MBOX/TRY & PAXG/BUSD Trading Pairs","f57e821bc3ad49e3a769f16286dcf1ce"
84192,1646632541556,"2022-03-07 05:55:41","Binance Futures Will Launch USDT-Margined ANC Perpetual Contracts with Up to 25X Leverage","8b6376b0ce804eb79017f35cb2eb9ac1"
84403,1646805604495,"2022-03-09 06:00:04","Subscription for the STEPN (GMT) Token Sale on Binance Launchpad Is Now Open","de8a89ac404240ef9fb3629664740285"
84485,1646820132231,"2022-03-09 10:02:12","Binance Completes the STEPN Subscription Launchpad and Will Open Trading for GMT","36b195f2288e467c9902f2fcb0f38544"
84617,1646898099647,"2022-03-10 07:41:39","Binance Adds ANC/BNB, ATOM/EUR, GALA/EUR, KSM/ETH & UMA/TRY Trading Pairs","79ec510f934149ce99bd565ef3a2b705"
84707,1646975827515,"2022-03-11 05:17:07","Binance Will List Kadena (KDA)","05519b80be9a48e188840f74b774469a"
84807,1646981244796,"2022-03-11 06:47:24","Binance Futures Will Launch Coin-Margined ICX & ALGO Perpetual Contracts with Up to 20X Leverage","c8ddc60746a64582875850b92d7e283c"
84885,1647231005908,"2022-03-14 04:10:05","Binance Futures Will Launch USDT-Margined GMT Perpetual Contracts with Up to 25X Leverage","b76223a20c604f718b1e124d1d049d0d"
84989,1647314142148,"2022-03-15 03:15:42","Binance Adds CVC, FRONT, QI, RAD, TWT on Cross Margin and BIDR, T on Isolated Margin","2955fe7b406a43f3bdc4cdd0b226734f"
85903,1647500570924,"2022-03-17 07:02:50","Binance Will List ApeCoin (APE)","089704e00ad1473dac72bf7bb9a5ce89"
85924,1647505204834,"2022-03-17 08:20:04","Binance Futures Will Launch USDT-Margined APE Perpetual Contracts with Up to 25X Leverage","bb98f3f2625143fc9d5d98c3aae55b1a"
85940,1647509521054,"2022-03-17 09:32:01","Binance Adds ALPINE/BUSD, LUNA/GBP, NEAR/EUR, TWT/TRY & WAVES/EUR Trading Pairs","ff79727f73ff4bbba6ed68c09062f809"
86101,1647606279035,"2022-03-18 12:24:39","Binance Adds APE/EUR, APE/GBP & APE/TRY Trading Pairs","fd002bea02c7425eb35e9b68bc680d11"
86128,1647832210548,"2022-03-21 03:10:10","Binance Futures Will List USDⓈ-M BTC & ETH Quarterly 0624 Futures Contracts","d9b6d29b1444429d8da9a347fd5c2be5"
86144,1647838867766,"2022-03-21 05:01:07","Binance Futures Will List Coin-Margined Quarterly 0930 Futures Contracts","ccd0c95685104110b28ae516c9aec5e4"
86180,1647846007775,"2022-03-21 07:00:07","Binance Adds RUNE, GMT, APE on Cross Margin and GMT, APE on Isolated Margin","a050aa3c441342ffbd72bc30feebed5e"
85800,1647855364219,"2022-03-21 09:36:04","Binance Will List Biswap (BSW) in the Innovation Zone","8cdabd95618c4e8aab7f0b9c347d8c70"
86433,1647919845505,"2022-03-22 03:30:45","Binance Futures Will Launch Coin-Margined RUNE Perpetual Contracts with Up to 20X Leverage","b93ecf5a15cb4667bf43e6c08ccac8c9"
86813,1648113330490,"2022-03-24 09:15:30","Binance Adds APE/BNB, GMT/BRL, GMT/ETH, JASMY/TRY & SANTOS/BUSD Trading Pairs","6300846efa0b4719a517b268118158ce"
86893,1648180806437,"2022-03-25 04:00:06","Binance Futures Will Launch Coin-Margined APE Perpetual Contracts with Up to 20X Leverage","9c9267d5d7354fadb5fd8754a1f9526d"
87073,1648525543810,"2022-03-29 03:45:43","Binance Futures Will Launch Coin-Margined VET Perpetual Contracts with Up to 20X Leverage","e05c77a2e545452db8f3ec421f398b43"
87277,1648697457847,"2022-03-31 03:30:57","Binance Futures Will Launch USDT-Margined BNX Perpetual Contracts with Up to 25X Leverage","e15fac275e7a4e858dc4bb79ffc24c50"
87401,1648716386577,"2022-03-31 08:46:26","Binance Adds APE/AUD, AVAX/GBP, BIFI/USDT, GMT/EUR, IMX/BNB & RUNE/ETH Trading Pairs","521e26076b1941c3b480b9c70102766c"
87979,1649213104218,"2022-04-06 02:45:04","Binance Futures Will Launch Coin-Margined ZIL Perpetual Contracts with Up to 20X Leverage","fd6ce097ae494459accdd431000af342"
88031,1649223613714,"2022-04-06 05:40:13","Binance Adds KDA, MBL on Cross Margin and KDA, IMX on Isolated Margin, Delisting HEGIC/BUSD Isolated Margin Pair","baa11155dadb452f84c4fef6448315b7"
88201,1649304062794,"2022-04-07 04:01:02","Binance Futures Will Launch USDT-Margined WOO Perpetual Contracts with Up to 25X Leverage","986ab98c6628449facdf21ae8dbd2356"
88331,1649314808507,"2022-04-07 07:00:08","Binance Adds APE/ETH, BSW/ETH, FIL/TRY, FTM/EUR, GMT/GBP & ZIL/TRY Trading Pairs","8037d966fe0241cdb6ccd90491d33817"
88805,1649728802817,"2022-04-12 02:00:02","Binance Futures Will Launch Coin-Margined KNC Perpetual Contracts and USDT-Margined FTT Perpetual Contracts","fa0b406da31f45deac32f95dcf400621"
88980,1649815802588,"2022-04-13 02:10:02","Binance to Delist UST/BTC Trading Pair and Add BTC/UST Trading Pair","c24b77f6b7f14f618676f416edfb07aa"
89179,1649919602737,"2022-04-14 07:00:02","Binance Adds GMT/TRY and WAVES/TRY Trading Pairs","52d23bdfc7b04ff1ab04a2eaaae7e0fe"
89377,1650337201630,"2022-04-19 03:00:01","Binance Futures Will Launch USDT-Margined JASMY Perpetual Contracts and Coin-Margined XMR Perpetual Contracts","e2086878df7041069aa3653501235e68"
89795,1650533289444,"2022-04-21 09:28:09","Binance Adds ASTR/BTC, ASTR/ETH, BSW/TRY, FTT/ETH, FUN/BNB, PORTO/BUSD, STEEM/USDT & ZIL/EUR Trading Pairs","ee7d5a9304884bf19350d69fdf105073"
89816,1650592802527,"2022-04-22 02:00:02","Binance Adds KNC on Cross Margin and ASTR on Isolated Margin","a68d4f150d9846669d2392a7bd95a17a"
89942,1650875102314,"2022-04-25 08:25:02","Binance Futures Will Launch Coin-Margined GMT Perpetual Contracts with Up to 20X Leverage","cad799ef45664d5ea428241df6319223"
90213,1651116006316,"2022-04-28 03:20:06","Binance Adds APE/BRL, AUDIO/TRY, BTTC/BUSD, GMT/AUD & MBL/BUSD Trading Pairs","dc0206ba982b4cb6b20694135c3a8131"
90285,1651132804681,"2022-04-28 08:00:04","Introducing Project Galaxy (GAL) on Binance Launchpool! Farm GAL By Staking BNB, BUSD and CAKE","ea7c702d59a84dc29e2ed7ab3ad24c38"
90345,1651143335256,"2022-04-28 10:55:35","Binance Futures Will Launch USDT-Margined DAR Perpetual Contracts with Up to 25X Leverage","a9b63a16b820474cb372f4cba557cf82"
90387,1651211915653,"2022-04-29 05:58:35","Binance Will List MobileCoin (MOB) and Nexo (NEXO)","1b82de6f419743e2ac940566e6639b8b"
90517,1651225219368,"2022-04-29 09:40:19","Nexo (NEXO) Listing Postponed","5c2010035fa54fbca3e61890403c67e2"
90701,1651629610558,"2022-05-04 02:00:10","Binance Adds API3, ASTR, CTK on Cross Margin and APE/BTC, APE/ETH Pairs on Isolated Margin","cdc889f936394679b2c45a4aa89dc6b0"
90853,1651730435679,"2022-05-05 06:00:35","Binance Futures Will Launch USDT-Margined GAL Perpetual Contracts with Up to 25X Leverage","ee776592d1714f4cb6a53db72350ac63"
90885,1651740822833,"2022-05-05 08:53:42","Binance Adds JASMY/EUR, KNC/BNB & SHIB/GBP Trading Pairs","28af344f45384769b90f3c06e8c7e788"
90971,1651802402829,"2022-05-06 02:00:02","Binance Adds GAL/EUR & GAL/TRY Trading Pairs","0e59b5400f1f48b1b56cb0f16154236c"
91157,1651834547669,"2022-05-06 10:55:47","Binance Adds GAL, MOB, NEXO, SRM, STX, WOO on Cross Margin and GAL, MOB, NEXO on Isolated Margin","77c4b6dfcb1043ef8ed4d4296e32dc40"
90740,1652079437647,"2022-05-09 06:57:17","Binance Will List Lido DAO (LDO)","b76eb4e952a94959afb5964c32ddbb7a"
91613,1652328906828,"2022-05-12 04:15:06","Binance Adds ALGO/ETH, DAR/ETH, DAR/EUR & ENS/TRY Trading Pairs","b4c35af3c1614616b5e06e7009bb9eb3"
91834,1652410967159,"2022-05-13 03:02:47","Binance Futures Will Launch BUSD-Margined AVAX Perpetual Contracts with Up to 20X Leverage","c6f4b9ca32374bd488af6fc050205bca"
92180,1652681469569,"2022-05-16 06:11:09","Binance Futures Will Cancel USDⓈ-M FTTBUSD Delisting and Launch Multiple USDⓈ-M  Perpetual Contracts","992804123d7f48d5a3824474097d46ec"
92564,1652936402272,"2022-05-19 05:00:02","Binance Adds ALGO/TRY & GAL/ETH Trading Pairs","e1c6acfe314a464088f6df0e7e2ad561"
92647,1653022889240,"2022-05-20 05:01:29","Binance Futures Will Launch Multiple BUSD-Margined Perpetual Contracts with Up to 20X Leverage","7c6445a5529a410982291d04f1304f93"
92663,1653026404865,"2022-05-20 06:00:04","Binance Adds DYDX, FTT, KAVA, VOXEL Cross Margin Pairs and TROY Isolated Margin Pair, Delisting YFI and YFII from Cross Margin","a84543906ea44685a22a74f79e3c395c"
92978,1653370515744,"2022-05-24 05:35:15","Binance Futures Will Launch BUSD-Margined ANC Perpetual Contracts with Up to 20X Leverage","9dc7a5fc770846699cf2e78b59e13eaf"
93157,1653541201881,"2022-05-26 05:00:01","Binance Adds AKRO/BUSD, CVC/BUSD, DREP/BUSD, GAL/BRL, PUNDIX/BUSD, REI/BUSD, RUNE/TRY & STEEM/BUSD Trading Pairs","6f592f86e048437688fdc28ff842401b"
93349,1653751029671,"2022-05-28 15:17:09","Binance Will List Terra 2.0 (LUNA) in the Innovation Zone *LUNA (old) Renamed as LUNC","d044a6742e484b77a170111460b0eed3"
93425,1653904367107,"2022-05-30 09:52:47","Binance Futures Will Launch BUSD-Margined 1000LUNC Perpetual Contracts with Up to 20X Leverage","a6256d9c348c43b4a97fb51facd02d2d"
93586,1653998893173,"2022-05-31 12:08:13","Binance Futures Will Launch BUSD-Margined LUNA2 Perpetual Contracts with Up to 20X Leverage","2806253154aa4c36bffdfe60c6afc85e"
93602,1654045214413,"2022-06-01 01:00:14","Binance Will List Optimism (OP)","5071ca5162df4f5696f93df1dacd260a"
93630,1654052402337,"2022-06-01 03:00:02","Binance Futures Will Launch USDT-Margined OP Perpetual Contracts with Up to 25x Leverage","ce9176af28a148d4993972a1caeffda0"
93690,1654061702170,"2022-06-01 05:35:02","Binance Adds ASR/BUSD, KEY/BUSD & OG/BUSD Trading Pairs","f702fe90059c4750b1080e9cdd6bb4df"
94151,1654506312707,"2022-06-06 09:05:12","Binance Futures Will Launch Multiple BUSD-Margined Perpetual Contracts with Up to 20X Leverage","f97292b6e2a04138a8519b53d68bb44e"
94230,1654574402367,"2022-06-07 04:00:02","Binance Adds ANC, MBL, OP on Cross Margin and AKRO, ANC, EPX, LUNA, LUNC, MBL, OP on Isolated Margin","247128d9db7447dc8f708109c070830c"
94973,1655370035533,"2022-06-16 09:00:35","Binance Adds BLZ/BUSD, FIRO/BUSD, NKN/BUSD, OP/BNB & OP/EUR Trading Pairs","0dc123652f5a4ad68aaec0f095c16041"
95038,1655448647564,"2022-06-17 06:50:47","Binance Futures Will List USDⓈ-M BTC & ETH Quarterly 0930 Futures Contracts","b76f8637a4f34169b53bcdba6167f686"
95156,1655701234372,"2022-06-20 05:00:34","Binance Adds HNT, PAXG Cross Margin Pairs and FIRO, PAXG on Isolated Margin","38be16c0dac640b5a1aaff7b78c5c81e"
95226,1655722619938,"2022-06-20 10:56:59","Binance Futures Will List Coin-Margined Quarterly 1230 Futures Contracts","bdee571482a749dab5f64b2dbf98deea"
95757,1655956814989,"2022-06-23 04:00:14","Binance Adds GTO/BUSD, SNX/ETH & WBTC/BUSD Trading Pairs","9c64c3f4e11b467e936080d54a798711"
96135,1656390607721,"2022-06-28 04:30:07","Binance Futures Will Launch BUSD-Margined WAVES and LINK Perpetual Contracts with Up to 20X Leverage","f23822acd32f48c994c92ced49866043"
96375,1656554454834,"2022-06-30 02:00:54","Binance Adds BEL/ETH & LIT/ETH Trading Pairs","64db682a4e184638931764e5fd836a97"
96898,1657001702382,"2022-07-05 06:15:02","Binance Futures Will Launch BUSD-Margined SAND and LTC Perpetual Contracts with Up to 20X Leverage","f901708ba7e94a0ba34f193f0ebe88d2"
97412,1657595118657,"2022-07-12 03:05:18","Binance Futures Will Launch BUSD-Margined MATIC and CVX Perpetual Contracts with Up to 20X Leverage","1312cb51a4714dc2aa7e0416f31fe420"
97721,1657779305217,"2022-07-14 06:15:05","Binance Adds BURGER/ETH, PEOPLE/ETH & UNFI/ETH Trading Pairs","e77da81577ce42c686e1942476fb5fc3"
97891,1658139959893,"2022-07-18 10:25:59","Binance Futures Will Launch BUSD-Margined FIL, 1000SHIB and LEVER Perpetual Contracts with Up to 20X Leverage","e52228090e8d45228c303dc00845eb90"
97906,1658196601823,"2022-07-19 02:10:01","Binance Adds LEVER, OGN, TVK on Cross Margin and LEVER on Isolated Margin","392f766609634bc5a11fa5c41bc3fea0"
98435,1658715003485,"2022-07-25 02:10:03","Binance Adds FIDA, LDO on Cross Margin and Isolated Margin, Lists New FLM, KMD Cross Margin Pairs","25d26195e571480bba4d77974fce8be1"
98543,1658892911770,"2022-07-27 03:35:11","Binance Futures Will Launch BUSD-Margined ETC Perpetual Contracts with Up to 20X Leverage","09231ee25f204de98513f9efe1ed9d38"
98650,1658973602242,"2022-07-28 02:00:02","Binance Adds BOND/ETH & STORJ/TRY Trading Pairs","64893dd3ade04ccb8329a2e5a80b21d2"
98698,1658986801678,"2022-07-28 05:40:01","Binance Futures Will Launch BUSD-Margined LDO Perpetual Contracts with Up to 20X Leverage","88690547058045ba99a87aeff796f215"
98808,1659067528329,"2022-07-29 04:05:28","Binance Futures Will Launch Coin-Margined OP Perpetual Contracts with Up to 20X Leverage","1a550bce8e114b0b8e7ff4263360bc61"
98827,1659081612543,"2022-07-29 08:00:12","Binance Adds BURGER/BUSD, BURGER/USDT Pairs on Cross Margin and ACH on Isolated Margin","2a116f5963de443e8bef4cf94e8be1b9"
98920,1659354924480,"2022-08-01 11:55:24","Binance Futures Will Launch Coin-Margined ENS Perpetual Contracts with Up to 20X Leverage","a8e6b5faf23e44c3a35c3e0741145720"
99087,1659515415405,"2022-08-03 08:30:15","Binance Futures Will Launch BUSD-Margined AUCTION and UNI Perpetual Contracts with Up to 20X Leverage","1856a69c25db4881a3fc6e214e8bb729"
99161,1659585922534,"2022-08-04 04:05:22","Binance Adds ETC/TRY & OP/ETH Trading Pairs","dd00c5beac8f4e0ba06fbbdef1e7c7ab"
99784,1660195988145,"2022-08-11 05:33:08","Binance Adds FIL/ETH & WING/ETH Trading Pairs","5e49c6249c9e4b0789fc5e5a0b76a565"
99904,1660284763048,"2022-08-12 06:12:43","Binance Adds AUCTION, PUNDIX on Cross Margin and PUNDIX/BUSD pair on Isolated Margin","2236d6c2b2bf4539877ee18b4006004f"
100063,1660632311350,"2022-08-16 06:45:11","Binance Futures Will Launch USDT-Margined INJ Perpetual Contracts with Up to 25X Leverage","c562f0d46b0e404c89d9eb8e56a70a2c"
100211,1660789210665,"2022-08-18 02:20:10","Binance Adds GLM/BUSD & SSV/BUSD Trading Pairs","efadac5f06a84803ab3b94723a007ce5"
100259,1660791902706,"2022-08-18 03:05:02","Binance Futures Will Launch Coin-Margined CHZ Perpetual Contracts with Up to 20X Leverage","ff20851c658a4f50b6f175e010aabcb2"
100349,1660889501192,"2022-08-19 06:11:41","Binance Will List Stargate (STG) in the Innovation Zone","04619e62e3784dc09b17fea81ad4d0fd"
100405,1660899498385,"2022-08-19 08:58:18","Binance Adds FIO, IMX & SPELL on Cross Margin","20fc9e8d5e4347299b03bfd5ba32d61e"
100765,1661392808979,"2022-08-25 02:00:08","Binance Adds ANKR/TRY, ARK/BUSD, BETH/BUSD, LOOM/BUSD & SNM/BUSD Trading Pairs","c5a7c1c7c04d46a195e481678226c986"
100808,1661401202619,"2022-08-25 04:20:02","Binance Futures Will Launch USDT-Margined STG Perpetual Contracts with Up to 25X Leverage","6d14423aa0034ae992c49f8b7340570b"
101217,1661926810688,"2022-08-31 06:20:10","Binance Futures Will Launch USDⓈ-M Binance Football Fan Token Index Perpetual Contracts with Up to 25X Leverage","645a4b2808bd497dbb28d433a3134a89"
101828,1662430503943,"2022-09-06 02:15:03","Binance Futures Will Launch USDⓈ-M SPELL Perpetual Contracts with Up to 25X Leverage","f132b42ab4af4a5bace989b62ce30b5a"
102082,1662614105529,"2022-09-08 05:15:05","Binance Futures Will Launch USDⓈ-M 1000LUNC Perpetual Contracts with Up to 25X Leverage","5b9bc7ef56834de895cf829af859207e"
102120,1662622216988,"2022-09-08 07:30:16","Binance Adds AMB/BUSD, LUNC/USDT & PHB/BUSD Trading Pairs","1e237033f63945d6b6acaf39f058d152"
103391,1662738959216,"2022-09-09 15:55:59","Binance Futures Will Launch USDⓈ-M LUNA2 Perpetual Contracts with Up to 25X Leverage","3b7184c80d544586993045a0e6e36e57"
103552,1663051505982,"2022-09-13 06:45:05","Binance Futures Will Launch USDⓈ-M AMB Perpetual Contracts with Up to 20x Leverage","721a24ce3a644ba69927261b80f06b26"
103743,1663210804396,"2022-09-15 03:00:04","Binance Adds GAS/BUSD, LUNA/TRY, NEBL/BUSD, PROS/BUSD & VIB/BUSD Trading Pairs","f8317be10f3743b4b303c6596165d73b"
103793,1663217406520,"2022-09-15 04:50:06","Binance Futures Will Launch USDⓈ-M PHB Perpetual Contracts with Up to 20x Leverage","54d8d3ad281140e09c38d27491c390a5"
121727,1663752003073,"2022-09-21 09:20:03","Binance Futures Will Launch USDⓈ-M LDO and CVX Perpetual Contracts with Up to 25X Leverage","d6c6c06ddb074c829d90155b0aba661b"
121781,1663811727830,"2022-09-22 01:55:27","Binance Futures Will List USDⓈ-M BTC & ETH Quarterly 1230 Futures Contracts","ec808a4af754402da024f42198a0d932"
122370,1664166019174,"2022-09-26 04:20:19","Binance Futures Will Launch USDⓈ-M ICP Perpetual Contracts with Up to 25X Leverage","adabdfbc53344094808a7bea464f101b"
122440,1664245833636,"2022-09-27 02:30:33","Binance Futures Will List Coin-Margined Quarterly 0331 Futures Contracts","93ba5570b4514ee6a8052a8b18560bb0"
122612,1664355903919,"2022-09-28 09:05:03","Binance Adds USTC & More Pairs on Cross Margin and Isolated Margin","317e5e8c862b4b52aacbdc4995436080"
122912,1664544007890,"2022-09-30 13:20:07","Binance Adds BTC/ZAR, ETH/ZAR & BUSD/ZAR Trading Pairs","e4b39f97b4884dffbb3e9bcd674279bb"
123079,1664949629449,"2022-10-05 06:00:29","Binance Will List GMX (GMX) in the Innovation Zone","766022428cf94796914209b44261d3a8"
123132,1665021606928,"2022-10-06 02:00:06","Binance Adds GMX, SNM & More Pairs on Cross Margin and Isolated Margin","b8e12b1f499d48258f2f8e5edcef099d"
123235,1665129606497,"2022-10-07 08:00:06","Binance Adds LAZIO, PORTO & More Pairs on Cross Margin and Isolated Margin","6e3a85cfa6094eb6b56dec971a41dd52"
123513,1665550847924,"2022-10-12 05:00:47","Binance Options Will Launch ETHUSDT Daily Options","42d1e6c46e3346bda9e9dd9ef88798ee"
123533,1665561640127,"2022-10-12 08:00:40","Binance Adds PROS on Isolated Margin, With New FORTH, KP3R, STRAX, TROY Margin Pairs","3ddf3bcb9f974cdb8e95cc83f6d948f9"
125621,1665627609832,"2022-10-13 02:20:09","Binance Adds AGIX/BUSD, NEBL/USDT & SNT/BUSD Trading Pairs","bbd519b952db40249b4ecc4643cb9021"
125902,1665735617174,"2022-10-14 08:20:17","Binance Adds New BSW, DODO, INJ, JST, MDX & MKR Cross Margin Pairs","80a929e59ef84770bb53f59fb104eec2"
126001,1666055040591,"2022-10-18 01:04:00","Binance Will List Aptos (APT)","1139c7e87dd84664abb62f73c5e1dea2"
126027,1666058405050,"2022-10-18 02:00:05","Binance Adds BTC/PLN, ETH/PLN & BUSD/PLN Trading Pairs","9228eb88c43a451a995dace84dc79d3f"
126099,1666072804317,"2022-10-18 06:00:04","Binance Futures Will Launch USDⓈ-M APT and QNT Perpetual Contracts with Up to 25X Leverage","f9df5bba5e1c4f1e9289240d0f9344e2"
126220,1666161303718,"2022-10-19 06:35:03","Binance Options Will Launch BTCUSDT Weekly Options","227969d0a422441f8c391dc67d08dfb1"
126292,1666176308817,"2022-10-19 10:45:08","Binance Adds APT/EUR & APT/TRY Trading Pairs","819f13c9aab64323945de6b31d3b82e6"
126403,1666335905097,"2022-10-21 07:05:05","Binance Adds POLYX & More Pairs on Cross Margin & Isolated Margin","e93663ed9c6e4ec1acff337567ada6a4"
126466,1666582622086,"2022-10-24 03:37:02","Binance Futures Will Launch USDⓈ-M APTBUSD and COIN-M APTUSD Perpetual Contracts","210bc4358f4b4a689d9fae1a1e2cec0f"
138962,1666836006219,"2022-10-27 02:00:06","Binance Adds APT/BRL & QKC/BUSD Trading Pairs","d799e4e698654287a0ca3e4375e6753e"
139161,1666929652539,"2022-10-28 04:00:52","Binance Will List Osmosis (OSMO) in the Innovation Zone","0c5d8ebc2ce1441ebb86c350a9950b65"
139815,1667208614827,"2022-10-31 09:30:14","Introducing Hashflow (HFT) on Binance Launchpool! Farm HFT by Staking BNB and BUSD","73d44e64598c446cb4ec2f83b776c2f0"
140449,1667351703733,"2022-11-02 01:15:03","Binance Options Will Launch BTCUSDT Monthly Options","766a6e85266a42b7b56822ac4e2890b8"
140491,1667359506468,"2022-11-02 03:25:06","Binance Futures Will Launch USDⓈ-M Binance Bluebird Index Perpetual Contracts with Up to 25X Leverage","6971c0a0c4fe43ef9969c1d6252dea74"
141905,1668656405971,"2022-11-17 03:40:05","Binance Adds ARPA/ETH, PHB/USDT & VITE/BUSD Trading Pairs","9f4c6848cdcc44fd9db7ce24327453b1"
142603,1669190410524,"2022-11-23 08:00:10","Introducing the Hooked Protocol (HOOK) Token Sale on Binance Launchpad!","6491cd5c4a9548cc9f8f5a40a31f1ec6"
143460,1669874842118,"2022-12-01 06:07:22","Subscription for the Hooked Protocol (HOOK) Token Sale on Binance Launchpad Is Now Open","3491fd71a33f4213ab2416c22c0e5629"
143569,1669896165754,"2022-12-01 12:02:45","Binance Completes the Hooked Protocol Subscription Launchpad and Will Open Trading for HOOK","83b63e73f63c476eb741e657849d3cea"
144731,1670583609768,"2022-12-09 11:00:09","Binance Adds BUSD/RON Fiat Trading Pair","6508f3c0526b448ea50fff51abc74373"
144791,1670818244836,"2022-12-12 04:10:44","Binance Will List Magic (MAGIC) in the Innovation Zone","d40748b0370b49a4a8fe46c73519005c"
145225,1671425411128,"2022-12-19 04:50:11","Binance Futures Will List USDⓈ-M BTC & ETH Quarterly 0331 Futures Contracts","c3aaab983cf54f83a25c78440c06701c"
145660,1672118382125,"2022-12-27 05:19:42","Binance Futures Will List Coin-Margined Quarterly 0630 Futures Contracts","877eef331e38480986e48e2c51cb0b84"
146750,1673589605774,"2023-01-13 06:00:05","Binance Futures Will Launch USDⓈ-M FET Perpetual Contracts with Up to 20X Leverage","92f8c95638d94627961641c0e6a9edef"
147013,1673949611412,"2023-01-17 10:00:11","Binance Futures Will Launch BUSD-Margined AGIX Perpetual Contracts","02ab9e3023f9472b9090e43d80fedd81"
147101,1674014406526,"2023-01-18 04:00:06","Binance Will List Rocket Pool (RPL) in the Innovation Zone","ee74e04671294f8786765415f8c287bb"
147191,1674025207791,"2023-01-18 07:00:07","Binance Adds HIFI on Isolated Margin","8b7c3b1febf143cb80eb3f9310b027a5"
147269,1674109257357,"2023-01-19 06:20:57","Binance Futures Will Launch USDⓈ-M FXS Perpetual Contracts with Up to 20X Leverage","8d0a29d6363e450db93e27f03287e81a"
147421,1674188403181,"2023-01-20 04:20:03","Binance Futures Will Launch USDⓈ-M HOOK Perpetual Contracts with Up to 20X Leverage","7ac9bbff06b94316af623560b3de21ad"
147554,1674462607907,"2023-01-23 08:30:07","Binance Futures Will Launch USDⓈ-M MAGIC Perpetual Contracts with Up to 20X Leverage","5d5f7e0d340a4a5699c80b0f5231ceb4"
147716,1674711008228,"2023-01-26 05:30:08","Binance Adds FET/TRY & PROS/USDT Trading Pairs","36e7a18248e74577adc31fadd89764e1"
147887,1675065905612,"2023-01-30 08:05:05","Binance Adds MAGIC on Cross Margin","57d6970884184c9c8f4ce777dd063cec"
147935,1675155019173,"2023-01-31 08:50:19","Binance Futures Will Launch USDⓈ-M Threshold (T) Perpetual Contracts with Up to 20X Leverage","8d0cc44cc5094586aacd30791e55dd97"
147986,1675221005578,"2023-02-01 03:10:05","Binance Adds HOOK on Cross Margin & Isolated Margin","8eca7fca1a454154ba6c85e9f2c0b7ca"
148006,1675224903734,"2023-02-01 04:15:03","Binance Options Will Launch BTCUSDT Daily Options","24f6a5472ad049dca43ea2cad5aac0ff"
148144,1675313403726,"2023-02-02 04:50:03","Binance Futures Will Launch USDⓈ-M RNDR Perpetual Contracts with Up to 20X Leverage","499af13827e04741999c15f9139ff3de"
148181,1675324827623,"2023-02-02 08:00:27","Binance Adds AGIX on Cross Margin & Isolated Margin","fd5bda2c37b34d12a5fe10ca2c931d72"
148274,1675408255005,"2023-02-03 07:10:55","Binance Futures Will Launch USDⓈ-M MINA and HIGH Perpetual Contracts with Up to 20X Leverage","0ba7a74822184f9bb183f502ee68e80e"
148665,1675774222333,"2023-02-07 12:50:22","Binance Options Will List Additional BTCUSDT Monthly Options","31165986e57f479196d30c884e9550bc"
149201,1676026803279,"2023-02-10 11:00:03","Binance Adds HFT, OCEAN on Cross Margin and HFT on Isolated Margin","1a36988e28f44e21b6ab1dc2b25bc823"
149398,1676282412174,"2023-02-13 10:00:12","Binance Futures Will Launch USDⓈ-M ASTR Perpetual Contracts with Up to 20X Leverage","e04cf4bc4fbd41cbae44fb4a31ddcee0"
149644,1676458803763,"2023-02-15 11:00:03","Binance Futures Will Launch USDⓈ-M AGIX and PHB Perpetual Contracts with Up to 20X Leverage","5f499de4a4d845adb7a8e472f151fa1a"
149702,1676523606351,"2023-02-16 05:00:06","Binance Adds BTC/RON, AGIX/USDT & APT/ETH Trading Pairs","d69904792a7a4d89aef5e96e81d104e8"
149763,1676547005690,"2023-02-16 11:30:05","Binance Futures Will Launch USDⓈ-M GMX Perpetual Contracts with Up to 20X Leverage","8ad0ecaa72ec43229bc32f8fc519e8ef"
149793,1676608803962,"2023-02-17 04:40:03","Binance Adds CELR & FET on Cross Margin","ea215ee7d77a482ea61e2ec0f556a9de"
149840,1676619260939,"2023-02-17 07:34:20","Binance Will List Gains Network (GNS) in the Innovation Zone","879934f2ae8c40b8a6fab68f713bb73a"
150004,1676871342290,"2023-02-20 05:35:42","Binance Futures Will Launch USDⓈ-M CFX Perpetual Contracts with Up to 20X Leverage","28408f1dd1ce440d874b795ccc40fe15"
150170,1676947519933,"2023-02-21 02:45:19","Binance Futures Will Launch USDⓈ-M STX and COCOS Perpetual Contracts with Up to 20X Leverage","e0aa73262d384ed3a616a4a66f59c9b5"
150331,1677034817321,"2023-02-22 03:00:17","Binance Futures Will Launch USDⓈ-M ACH Perpetual Contracts with Up to 20X Leverage","73fdad20457b41e09bda8c73c893b83d"
150337,1677047419653,"2023-02-22 06:30:19","Binance Will List Synapse (SYN) in the Innovation Zone","891a788211d9432e9c85b9b87f35ebfa"
150423,1677060904236,"2023-02-22 10:15:04","Binance Futures to Relaunch USDⓈ-M BNX Perpetual Contracts with Up to 20X Leverage","940d0e48493e4627889c3f46371df70b"
150510,1677121205546,"2023-02-23 03:00:05","Binance Adds SSV/USDT & VIB/USDT Trading Pairs","877c3a75c9294e72813b4de107cd1b09"
150556,1677128401738,"2023-02-23 05:00:01","Binance Futures Will Launch USDⓈ-M SSV Perpetual Contracts with Up to 20X Leverage","58ae6bab2d9249039cc65146d5af44a0"
150643,1677207905240,"2023-02-24 03:05:05","Binance Adds COCOS & KEY on Cross Margin & Isolated Margin","056c43c715e44e4094b6473a6a1c797e"
150801,1677492001679,"2023-02-27 10:00:01","Binance Futures Will Launch USDⓈ-M CKB Perpetual Contracts with Up to 20X Leverage","885443a304ba4193bf850f9ebd28408b"
150891,1677568518334,"2023-02-28 07:15:18","Binance Will List Liquity (LQTY) in the Innovation Zone","7600fd9241174af2832e055cdb333cfb"
151032,1677650408402,"2023-03-01 06:00:08","Binance Adds BNX, YFI & More Pairs on Cross Margin & Isolated Margin","c00dd30725044a53901ee7fe7c67668b"
151154,1677722268163,"2023-03-02 01:57:48","Binance Adds AMB/USDT & BETH/USDT Trading Pairs","c6157985e1d04bb89c85fa966dc46b26"
151435,1677832668013,"2023-03-03 08:37:48","Binance Adds LQTY, MDT, QUICK & More Pairs on Cross Margin & Isolated Margin","407efcb26d424045a6f92a634214f9de"
151454,1677834510093,"2023-03-03 09:08:30","Binance Futures Will Launch USDⓈ-M PERP Perpetual Contract with Up to 20X Leverage","e970674b8a4048f69088d21d53a11cb4"
151501,1678071991007,"2023-03-06 03:06:31","Binance Futures Will Launch USDⓈ-M TRU Perpetual Contract with Up to 20X Leverage","19b802c37d4946b1bba1c0e7b4b5a922"
151620,1678155635508,"2023-03-07 02:20:35","Binance Options Will List Additional BTCUSDT Monthly Options","9431a427329d48b2955853366f1e85a4"
151651,1678162095485,"2023-03-07 04:08:15","Binance Adds ALCX, DF & More Tokens on Cross Margin and DF on Isolated Margin","7df3140045c442269e474fce7da493f8"
151999,1678330804124,"2023-03-09 03:00:04","Binance Adds CFX/TRY, KEY/USDT, STX/TRY & USTC/USDT Trading Pairs","8ef61bec1227429a910877be141c5af3"
152025,1678335861744,"2023-03-09 04:24:21","Binance Futures Will Launch USDⓈ-M LQTY Perpetual Contract with Up to 20X Leverage","dc1fa8e36e8c4cbdb6f200bd3aac916e"
152163,1678438808772,"2023-03-10 09:00:08","Binance Adds TRU & More Pairs on Cross Margin","541daaa5499d4b34a737c97c50c8547e"
152239,1678592327732,"2023-03-12 03:38:47","Binance Adds BNB/USDC, BTC/USDC & ETH/USDC Trading Pairs","0f1a3f8a7af640b6bd296752ec3d0ada"
152267,1678633204322,"2023-03-12 15:00:04","Binance Futures Will Launch USDⓈ-M USDC Perpetual Contract with Up to 30x Leverage","b742a879db4e4e93aa24a11693ae8fc1"
152666,1678854008296,"2023-03-15 04:20:08","Binance Options Will Launch BTCUSDT and ETHUSDT Quarterly Options","4b1ce508219949bebb536542e777446d"
152771,1678893817127,"2023-03-15 15:23:37","Binance Adds USDC on Cross Margin & Isolated Margin","f7e4204b97504baba4672ed79b433c0e"
152818,1678935637964,"2023-03-16 03:00:37","Binance Adds GAS/USDT, GLM/USDT, PROM/USDT, QKC/USDT & UFT/USDT Trading Pairs","1aede0b598724f359c1e273c63568277"
152972,1678976674804,"2023-03-16 14:24:34","Introducing the Space ID (ID) Token Sale on Binance Launchpad!","81e9da9067c847dfa3afd959e521c32a"
153227,1679281524335,"2023-03-20 03:05:24","Binance Adds GNS and More Pairs on Cross Margin & Isolated Margin","14ffa2eb73474cf79f527109e2590a15"
153313,1679306561345,"2023-03-20 10:02:41","Binance Will List Arbitrum (ARB)","c9cae13aa4ed405e97af29da3e509b46"
153649,1679384707132,"2023-03-21 07:45:07","Binance Options Will List Additional BTCUSDT and ETHUSDT Quarterly Options","d1111775c644473cb9579a0f5a50c082"
153794,1679458517439,"2023-03-22 04:15:17","Binance Options Will Launch XRPUSDT Weekly Options","13fc2ddbf03948f2adc2721982e1f615"
153844,1679464827883,"2023-03-22 06:00:27","Subscription for the Space ID (ID) Token Sale on Binance Launchpad Is Now Open","0f491ef6e9be4e34bdbad7a609201a77"
153891,1679479216978,"2023-03-22 10:00:16","Binance Completes the Space ID Subscription Launchpad and Will Open Trading for ID","ce219e49278647849b232ab06be9c472"
153939,1679487302169,"2023-03-22 12:15:02","Binance Futures Will Launch USDⓈ-M ARB Perpetual Contract with Up to 50x Leverage","2698359b2ceb45ff94365f060d616b88"
153956,1679490004645,"2023-03-22 13:00:04","Binance Futures Will List USDⓈ-M BTC & ETH Quarterly 0630 Futures Contracts","cfb781b1726e46b19cd15e330ad67be9"
154027,1679541311099,"2023-03-23 03:15:11","Binance Adds AGIX/TRY, LOOM/USDT & OAX/USDT Trading Pairs","3ad55e9aa5ce48e99d0db51efeb6a460"
154057,1679544604676,"2023-03-23 04:10:04","Binance Adds JOE, RIF, RLC, SYN & More Pairs on Cross Margin & Isolated Margin","a74f935eaa2247889d58e33ec23313bb"
154077,1679548252598,"2023-03-23 05:10:52","Binance Futures Will Launch USDⓈ-M ID Perpetual Contract with Up to 20X Leverage","57cdabc4f2f94e04b0503eb31bf7bc3e"
154260,1679580874475,"2023-03-23 14:14:34","Arbitrum (ARB) Listing Will Be Advanced","87531c3b2e994f27a8640e903cf0443b"
154341,1679630876641,"2023-03-24 04:07:56","Binance Adds ARB/TUSD, ARB/EUR, ARB/TRY, ID/TUSD, ID/EUR & ID/TRY Trading Pairs","cf2bdd65fba346cfbf752746915c5abd"
154421,1679641503159,"2023-03-24 07:05:03","Binance Adds ARB, ID & More Pairs on Cross Margin & Isolated Margin","31eba1cb321240a887d7710a3aee3645"
154496,1679652901479,"2023-03-24 10:15:01","Auto-Invest Adds Arbitrum Portfolio and ARB, GMX, MAGIC, GNS Listings","24276535c8e14f97b2895ebe1f7c3bf1"
154678,1679968813126,"2023-03-28 02:00:13","Binance Adds LDO/TUSD, MATIC/TUSD, OP/TUSD, SOL/TUSD, SSV/TUSD & XRP/TUSD Trading Pairs","3771bdb298c648899ae8ebe224131455"
154814,1679990405272,"2023-03-28 08:00:05","Binance Futures Will Launch USDⓈ-M JOE Perpetual Contract with Up to 20X Leverage","e9113e48b61a46ca93632920de9b0d19"
154925,1680058218884,"2023-03-29 02:50:18","Binance Options Will List Additional BTCUSDT and ETHUSDT Quarterly Options (2023-03-30)","2e621e1ca6124ec08292cad4edd572c8"
154988,1680064512589,"2023-03-29 04:35:12","Binance Adds New ARB & BNB Trading Pairs on Cross Margin & Isolated Margin","9ff1072d65eb4648bbc699c300869ce6"
155119,1680072005077,"2023-03-29 06:40:05","Binance Futures Will List Coin-Margined Quarterly 0929 Futures Contracts","76d937da154c45e3b94b2b4159b5b276"
155271,1680087603472,"2023-03-29 11:00:03","Binance Futures Will Launch USDT-Margined AMB, LEVER and TLM Perpetual Contracts with Up to 20X Leverage","bd18df283ead40d09fd60c8eab984e41"
155416,1680146454557,"2023-03-30 03:20:54","Binance Will List Radiant Capital (RDNT) in the Innovation Zone","2fc7b93cb25040cea40a6c6e24573cce"
155770,1680162643161,"2023-03-30 07:50:43","Introducing Radiant Capital (RDNT) on Binance Launchpool! Farm RDNT by Staking BNB and TUSD","5a2799614fe74897aa1c77d1100805c6"
155876,1680176402521,"2023-03-30 11:40:02","Binance Adds ARB & ID Trading Pairs on Spot Grid","47265ba66f9e4b31ae73405535c718cc"
156002,1680246611081,"2023-03-31 07:10:11","Binance Adds OAX & RDNT on Cross Margin & Isolated Margin","8a8dce1efc6c4b66a51a0d1249202eb1"
156323,1680593107593,"2023-04-04 07:25:07","Binance Futures Will Launch USDⓈ-M RDNT Perpetual Contract with Up to 20X Leverage","264deffb7b1a4606867c760af485e81e"
156438,1680667216261,"2023-04-05 04:00:16","Binance Adds NKN, ZRX & More Pairs on Cross Margin","e5ec690833b64bba9b37b0d13c20948a"
156498,1680682504912,"2023-04-05 08:15:04","Binance Futures Will Launch USDⓈ-M HFT Perpetual Contract with Up to 20X Leverage","8a9f1c722e8c4a91830cd84d29ee5e3e"
157065,1681200003896,"2023-04-11 08:00:03","Binance Adds ERN & STPT on Cross Margin and OG on Isolated Margin","23e4bcbf223d4189a7c43c166859911e"
157152,1681269904257,"2023-04-12 03:25:04","Binance Futures Will Launch USDⓈ-M XVS Perpetual Contract with Up to 20X Leverage","7d5bc005a0ab4a82a6a4c08d5cee15ed"
157322,1681358415728,"2023-04-13 04:00:15","Binance Adds ARB/RUB, JOE/TRY, MAGIC/TRY & USDT/PLN Trading Pairs","68937eb0f35a430f9b8e54f92b87432b"
157727,1681718404971,"2023-04-17 08:00:04","Binance Adds MC & XVS on Cross Margin","80cc88c330d24038b0fd757efe045100"
157781,1681786854071,"2023-04-18 03:00:54","Binance Adds ACH/TRY & XVS/TRY Trading Pairs","c17c28bda0df4d63bac9a59d27de5534"
158150,1681964111566,"2023-04-20 04:15:11","Binance Adds EGLD/RON & USDT/RON Trading Pairs","409dfa08eacb43b79be3a1195b099324"
158228,1681971009404,"2023-04-20 06:10:09","Binance Adds CTSI on Cross Margin and USDP on Isolated Margin","cf8dd1d5d3cf49b9a796b75f39fe9d6b"
158336,1682063199330,"2023-04-21 07:46:39","Introducing the Open Campus (EDU) Token Sale on Binance Launchpad!","1d762131ed2c434fa78044ab69d6b099"
158597,1682312726534,"2023-04-24 05:05:26","Binance Options Will Launch BNBUSDT Daily Options","fe45d25c344c40c7bd65932d81ca3227"
159130,1682564408683,"2023-04-27 03:00:08","Binance Adds DOGE/TUSD, USDT/ARS & WBTC/USDT Trading Pairs","23630cd14227410fae3543c6effad115"
159292,1682598365486,"2023-04-27 12:26:05","Binance Futures Will Launch USDⓈ-M BLUR Perpetual Contract with Up to 20X Leverage","00b84a2f4a9b44e184722acdbb6d2629"
159542,1682661642588,"2023-04-28 06:00:42","Subscription for the Open Campus (EDU) Token Sale on Binance Launchpad Is Now Open","67b5985c1f0b411d8b5885d4045576aa"
159573,1682668311943,"2023-04-28 07:51:51","WBTC/USDT Trading Postponed","12b982c86f9d42558c78144e4784abfa"
159616,1682676023060,"2023-04-28 10:00:23","Binance Completes the Open Campus Subscription Launchpad and Will Open Trading for EDU","f344e1bdfbe24f3ab067c22ec6d0b1a9"
159689,1682693154008,"2023-04-28 14:45:54","Binance Futures Will Launch USDⓈ-M EDU Perpetual Contract with Up to 20X Leverage","e41c706aa7a7445f9848f1305f2b3e7f"
159735,1682820778986,"2023-04-30 02:12:58","Binance Adds EDU/EUR & EDU/TRY Trading Pairs","5b08521001724e2f9892b58b706e7fcf"
159763,1682870431481,"2023-04-30 16:00:31","Introducing Sui (SUI) on Binance Launchpool! Farm SUI by Staking BNB and TUSD","f76980d5d5e54d80b1348fd446e8f5d3"
159924,1683009063503,"2023-05-02 06:31:03","Binance Futures Will Launch USDⓈ-M IDEX Perpetual Contract With Up to 20X Leverage","c43f0ab6145d47ce832234cb4be13816"
160049,1683097345887,"2023-05-03 07:02:25","Binance Will Open Trading for SUI","0c5cae80f4ea42a79e9c92c1f7a25d6f"
160121,1683108925603,"2023-05-03 10:15:25","Sui (SUI) Listing Will Be Advanced","926445f1d3ef4fdbb2c505dc1fe4e741"
160161,1683127802372,"2023-05-03 15:30:02","Binance Futures Will Launch USDⓈ-M SUI Perpetual Contract With Up to 50X Leverage","ac46aeff860747119efefe75df9854a1"
160179,1683165627332,"2023-05-04 02:00:27","Binance Adds EDU & SUI on Cross Margin & Isolated Margin","46731f5e2b9446c8aae6837d9d013b9a"
160199,1683169205961,"2023-05-04 03:00:05","Binance Adds AERGO/USDT & RNDR/TRY Trading Pairs","c4a4c03539c6428396fc40f058c02332"
160484,1683285604106,"2023-05-05 11:20:04","Binance Will List FLOKI (FLOKI) and Pepe (PEPE) in the Innovation Zone","f68a3bc6eb014ed9bacf1d6c71dc1134"
160527,1683288919381,"2023-05-05 12:15:19","Binance Futures Will Launch USDⓈ-M 1000PEPE Perpetual Contract With Up to 20X Leverage","41993e3389654713946bcb6b9b032eaf"
160544,1683295450484,"2023-05-05 14:04:10","FLOKI (FLOKI) and Pepe (PEPE) Listing Will Be Postponed","d6c343fed9e24988a0815e400ad85501"
160631,1683379411473,"2023-05-06 13:23:31","Binance Futures Will Launch USDⓈ-M 1000FLOKI Perpetual Contract With Up to 20x Leverage","cb89820730db4065b1d406350f6c0d9d"
160804,1683601206666,"2023-05-09 03:00:06","Binance Adds OG/TRY & PEPE/TRY Trading Pairs","0e342d798bcc44649b614e4dbe12f136"
160879,1683611724559,"2023-05-09 05:55:24","Binance Adds FLOKI & PEPE on Cross Margin","9ec8210edf1c41eb9f11bdbaf412a105"
160899,1683615009386,"2023-05-09 06:50:09","Binance Futures Will Launch USDⓈ-M RAD Perpetual Contract With Up to 20X Leverage","81c80244a5fb4bfab3cea51cd2ed325b"
160973,1683630617763,"2023-05-09 11:10:17","Binance Futures Will Launch USDⓈ-M UMA Perpetual Contract With Up to 20X Leverage","43b65b11d6ec4583ab47b3ff72b67601"
161233,1683774032462,"2023-05-11 03:00:32","Binance Adds CVC/USDT & WBETH/ETH Trading Pairs","c968644475a74284a292ecd3af39e6ff"
161490,1683863114601,"2023-05-12 03:45:14","Binance Options Will Launch Additional BTCUSDT and ETHUSDT Daily Options","15974bb3a80441e5bc7d6755e55512ec"
161830,1684148405332,"2023-05-15 11:00:05","Binance Adds UMA on Cross Margin, PEPE & SUI Pairs on Isolated Margin","cbc939a65e1645a197e64a1def0b8a19"
162671,1684380903403,"2023-05-18 03:35:03","Binance Adds AST/USDT & SNT/USDT Trading Pairs","75627aa89f604ea5892568fac4db5ff8"
163328,1684812903617,"2023-05-23 03:35:03","Binance Adds CITY/TRY & FLOKI/TRY Trading Pairs","bac55e7e2ba3481983a27c218bdf9ad2"
163438,1684838742835,"2023-05-23 10:45:42","Binance Futures Will Launch USDⓈ-M KEY Perpetual Contract With Up to 20X Leverage","90d4d1d939444d73b88309ea656a57ef"
164121,1685415946631,"2023-05-30 03:05:46","Binance Adds ADA/TUSD, LTC/TUSD & TUSD/BUSD Trading Pairs","98f1744496e143a4bd1e1eafc9dd73af"
164565,1685615673769,"2023-06-01 10:34:33","Binance Futures Will Launch USDⓈ-M COMBO Perpetual Contract With Up to 20X Leverage","e3ac2a89692c4f31a1d9daca616b6ce9"
165055,1686028215425,"2023-06-06 05:10:15","Binance Adds LTC/TRY and RAD/TRY Trading Pairs","d6385f78651f415f829bbe7e72243d79"
165119,1686053083324,"2023-06-06 12:04:43","Binance Futures Will Update the Leverage & Margin Tiers of USDⓈ-M MTLUSDT Perpetual Contract","c7e821badb7d44969e8a346551382a3c"
165190,1686105905918,"2023-06-07 02:45:05","Binance Adds COMBO & More Pairs on Cross Margin & Isolated Margin","c168677ec865400191c9088cace0a602"
165419,1686203705268,"2023-06-08 05:55:05","Binance Adds BTC/NGN & USDT/ZAR Trading Pairs","8353eb8639814e0c90197422837d17e4"
165961,1686657300877,"2023-06-13 11:55:00","Introducing Maverick Protocol (MAV) on Binance Launchpool! Farm MAV by Staking BNB and TUSD","a28d005ed545464cbb9a3661c26e6b38"
166802,1687230603750,"2023-06-20 03:10:03","Binance Adds BTC/ARS, OP/TRY & PAXG/TRY Trading Pairs","52856d6e5ec9455db5aeb23581bd41c8"
166989,1687334423410,"2023-06-21 08:00:23","Binance Futures Will Launch USDⓈ-M NMR Perpetual Contract With Up to 20X Leverage","3e95295a2c554f87b27e7ecf544e1e61"
167114,1687422606785,"2023-06-22 08:30:06","Binance Futures Will List USDⓈ-M BTC & ETH Quarterly 0929 Futures Contracts","abdd54ff45164dca9f78668a002fd3b0"
167262,1687829708001,"2023-06-27 01:35:08","Binance Futures Will List Coin-Margined Quarterly 1229 Futures Contracts","5bf60d75d57a45f0bce9b32acb91f667"
167392,1687856418603,"2023-06-27 09:00:18","Binance Will Open Trading for Maverick Protocol (MAV)","d4694febb3dd45da81348502484bf154"
167573,1687940132338,"2023-06-28 08:15:32","Binance Futures Will Launch USDⓈ-M MAV Perpetual Contract With Up to 20x Leverage","cd356f940975408a8931e4768206a82e"
167725,1688010626715,"2023-06-29 03:50:26","Binance Adds BCH/TUSD & CFX/TUSD Trading Pairs","71de25c84f5b4333a5dc49a583b8fc27"
167756,1688022100973,"2023-06-29 07:01:40","Binance Futures Will Launch USDⓈ-M MDT Perpetual Contract With Up to 20x Leverage","dd177db1a04e4c0ea6c1569b63bed988"
167902,1688355004449,"2023-07-03 03:30:04","Binance Adds MAV on Cross Margin & Isolated Margin","e080cbc6425f40d196c8aa0954cf3af4"
167951,1688365335567,"2023-07-03 06:22:15","Binance Will List Pendle (PENDLE) in the Innovation Zone","56c9c5899f3747b2b9a0452450f5eb24"
168008,1688378424526,"2023-07-03 10:00:24","Introducing Pendle (PENDLE) on Binance Launchpool! Farm PENDLE by Staking BNB and TUSD","8baee8ca20d64074ba503aa3963e952e"
168234,1688468407961,"2023-07-04 11:00:07","Binance Futures Will Launch USDⓈ-M XVG Perpetual Contract With Up to 20x Leverage","673af51d78494b5c945dadba6e5072b3"
168470,1688612403406,"2023-07-06 03:00:03","Binance Adds XVG on Isolated Margin","580de383967f459ba1306d67886d5978"
168491,1688616035956,"2023-07-06 04:00:35","Binance Adds MAV/TRY, OCEAN/TRY & TUSD/TRY Trading Pairs","37d877e144b74989ba89d77d3ca21e0f"
169002,1688980869723,"2023-07-10 09:21:09","Introducing the Arkham (ARKM) Token Sale on Binance Launchpad!","6ad1921b56fb4b369f9cf3e4449e62e2"
169152,1689045317826,"2023-07-11 03:15:17","Binance Adds PENDLE, STORJ, XEC & XVG on Cross Margin","d96ded5f2e274480b7d51281481ea709"
169475,1689217203103,"2023-07-13 03:00:03","Binance Adds ARB/ETH, BCH/TRY, XVG/TRY & XVG/TUSD Trading Pairs","41f4659c881e41a0924a77c9356272c9"
169808,1689573633422,"2023-07-17 06:00:33","Subscription for the Arkham (ARKM) Token Sale on Binance Launchpad Is Now Open","60ca3aab48464625bdb79716f5b2c0b0"
169928,1689652808987,"2023-07-18 04:00:08","Binance Adds WBETH/USDT Trading Pair and Launches WBETH Zero Maker Fee Promotion","7d6520bcf5b44af1a585ee0f27e16e10"
169975,1689663609545,"2023-07-18 07:00:09","Binance Completes the Arkham Subscription Launchpad and Will Open Trading for ARKM","bd7486abdcbc4099b7ce6fb484052e05"
170292,1689746526360,"2023-07-19 06:02:06","Binance Adds ACA/TRY, AVAX/TUSD, COMP/TUSD, COMP/TRY & XEC/TRY Trading Pairs","dffb35cdd38c493096d240d25c09b3e4"
170612,1689819008196,"2023-07-20 02:10:08","Binance Adds ARKM on Cross Margin & Isolated Margin","1836f94c48c247599a3bc71fe2e2a850"
171023,1690175407719,"2023-07-24 05:10:07","Binance Options Will Launch Additional BNBUSDT Weekly Options","8c76a7c17e2f4a68801bea7fe2192284"
171042,1690182131620,"2023-07-24 07:02:11","Binance Will List Worldcoin (WLD)","9bc08522433c44b1b0b9978d65c4f5e5"
171131,1690192820157,"2023-07-24 10:00:20","Binance Futures Will Launch USDⓈ-M WLD Perpetual Contract With Up to 20x Leverage","cb44d15ae417474ab97cbdb37072f39f"
171474,1690344003220,"2023-07-26 04:00:03","Binance Will List First Digital USD (FDUSD) and Introduce FDUSD Zero Trading Fee Promotions","065a0d561cc147ffaa74554360b9a042"
171542,1690354533864,"2023-07-26 06:55:33","Binance Adds QUICK, WLD on Cross Margin and QUICK on Isolated Margin","56ecbb392932454c831c44013a138a06"
171585,1690363301774,"2023-07-26 09:21:41","First Digital USD (FDUSD) Listing Will Be Postponed","bfc419cb1d144fad93d6478ee8981188"
171773,1690424401834,"2023-07-27 02:20:01","Binance Futures Will Launch USDⓈ-M PENDLE Perpetual Contract With Up to 20x Leverage","abd47df1217646639b297b8b9850d7db"
171790,1690426809820,"2023-07-27 03:00:09","Binance Adds ARKM/RUB, WLD/RUB & WLD/TRY Trading Pairs","b3d53ad6c7174cd28ea32dba855b6018"
171898,1690455603284,"2023-07-27 11:00:03","Binance Futures Will Launch USDⓈ-M ARKM Perpetual Contract With Up to 20x Leverage","25df92f5680242f3a45dd8fc53969830"
172146,1690540819158,"2023-07-28 10:40:19","Binance Futures Will Launch USDⓈ-M AGLD Perpetual Contract With Up to 20x Leverage","7bf08e1f38ed4316a9c5477bfbe21889"
172463,1690794989130,"2023-07-31 09:16:29","Binance Adds AGLD, T on Cross Margin & New ARKM, AUCTION Isolated Margin Pairs","0d27f50f166a4671bbc251454ecd806c"
172638,1690858803022,"2023-08-01 03:00:03","Binance Adds AMP/TRY & OGN/TRY Trading Pairs","4caebdacf4e245fab763acf20fbb899d"
172715,1690873404537,"2023-08-01 07:03:24","Introducing Sei (SEI) on Binance Launchpool! Farm SEI by Staking BNB, TUSD and FDUSD","b1d3b4df9cb34f679783a4fdb891f643"
172718,1690873435121,"2023-08-01 07:03:55","Introducing CyberConnect (CYBER) on Binance Launchpool! Farm CYBER by Staking BNB, TUSD and FDUSD","7d1f62e7483d406584a754a38094358a"
172922,1691035203113,"2023-08-03 04:00:03","Binance Adds BTC/FDUSD & ETH/FDUSD Trading Pairs and Updates the Zero-Fee Bitcoin Trading Program","0e4155610e6f4e8bbaaa332545dc43a2"
173055,1691121643089,"2023-08-04 04:00:43","Binance Adds XEM on Cross Margin","70dae2e0c9924fba8d9ff0cfbf3bf14d"
173121,1691152225448,"2023-08-04 12:30:25","Binance Futures Will Launch USDⓈ-M YGG Perpetual Contract With Up to 20x Leverage","41f762a6369445e9ae67b3766447552e"
173281,1691402103041,"2023-08-07 09:55:03","Binance Futures Will Launch USDⓈ-M DODO Perpetual Contract With Up to 20x Leverage","a5d54915771e4ec58aa835cebc7e314f"
173298,1691409003749,"2023-08-07 11:50:03","Binance Will Open Spot Grid Trading for ARKM/USDT, PEPE/USDT, USTC/USDT & WLD/USDT Trading Pairs, and Delist Selected Spot Grid Trading Pairs","38376f9e7814466dbff49586c6e2e1cf"
173386,1691467204322,"2023-08-08 04:00:04","Binance Adds ASR/TRY, ATM/TRY, ACM/TRY, BAR/TRY, JUV/TRY & PSG/TRY Trading Pairs","940e11e3c0614bf6ba2f9f8dad0f921d"
173486,1691546584430,"2023-08-09 02:03:04","Binance Adds FDUSD & More Pairs on Cross Margin and Isolated Margin","9348b94883bc4076ae46e89551aeb083"
173526,1691553667224,"2023-08-09 04:01:07","Binance Futures Will Launch USDⓈ-M BNT Perpetual Contract With Up to 20x Leverage","e59b61e52ad24b43bd1032052ea3a025"
173562,1691561025278,"2023-08-09 06:03:45","Binance Options Will Launch DOGEUSDT Weekly Options","52400d42b35a4bb6bfff5aa6cfd62054"
173724,1691661026947,"2023-08-10 09:50:26","Binance Futures Will Launch USDⓈ-M OXT Perpetual Contract With Up to 20x Leverage","9d9f7625bf284091a590aff1e308f3d9"
173967,1691982500188,"2023-08-14 03:08:20","Binance Will Open Trading for CyberConnect (CYBER) and Sei (SEI)","fe281e1fa6e7493788969242995ba04a"
174106,1692068707492,"2023-08-15 03:05:07","Binance Adds BNT, FRONT, OXT, RPL on Cross Margin and New FRONT Isolated Margin Pair","58ced5df814d4dcf967d89fbcc04565b"
174273,1692170102871,"2023-08-16 07:15:02","Binance Futures Will Launch USDⓈ-M BTC & ETH Quarterly 1229 Delivery Contracts With Up to 25x Leverage","7eaa9e064862424c95164cb98a03c078"
174336,1692183328493,"2023-08-16 10:55:28","Binance Futures Will Launch USDⓈ-M SEI Perpetual Contract With Up to 20x Leverage","c2d4706a8bcc4fe9954cf044172e4ec2"
174415,1692245402830,"2023-08-17 04:10:02","Binance Adds ATA, SEI on Cross Margin and SEI on Isolated Margin","51b83e8da3bd44cf937ce355f6a05691"
174562,1692518157094,"2023-08-20 07:55:57","Binance Futures Will Launch USDⓈ-M CYBER Perpetual Contract With Up to 20x Leverage","524035d6614b448981533ce5f723d4da"
174782,1692676871303,"2023-08-22 04:01:11","Binance Adds CYBER/TUSD, LPT/TRY, SEI/TUSD & UNI/TRY Trading Pairs","85f3671364dd4561b54fb26bacd57ccf"
174840,1692756323986,"2023-08-23 02:05:23","Binance Adds CYBER & New SEI Pairs on Cross Margin & Isolated Margin","85d0097e44614a678b6256a07604b879"
175347,1693279802901,"2023-08-29 03:30:02","Binance Options Will Launch Additional BNBUSDT Daily Options","175fddea47fd4a99b89216a2b77c77c8"
176250,1693969203313,"2023-09-06 03:00:03","Binance Adds DOGE/FDUSD, SOL/FDUSD, TOMO/TRY, UNFI/TRY & XRP/FDUSD Trading Pairs","bdf3c05fdcee4456984aa18079a6e8a8"
176459,1694155841169,"2023-09-08 06:50:41","Binance Adds BAND, FLM, STMX on Cross Margin & New ADX, PROM, PROS Isolated Margin Pairs","c16772de2b3d4507b5530c9b4d8d5335"
177142,1694836831060,"2023-09-16 04:00:31","Binance Futures Will Launch USDⓈ-M HIFI Perpetual Contract with Up to 20X Leverage","60e59bfb64ce4f76a1cf22d5cb7282aa"
177379,1695111607962,"2023-09-19 08:20:07","Binance Futures Will Launch USDⓈ-M ARK Perpetual Contract With Up to 10x Leverage","fc3bcf1121494924a67be78e81060ec4"
177524,1695189604405,"2023-09-20 06:00:04","Binance Adds CYBER/ETH & MTL/TRY Trading Pairs","4f503ab813f048739d96d2ca793e88fb"
177645,1695270606604,"2023-09-21 04:30:06","Notice of Addition & Removal of Trading Pairs - 2023-09-22","fe93095a80944d31b42fa7eb2afdb12c"
177797,1695365702930,"2023-09-22 06:55:02","Binance Futures Will Launch USDⓈ-M FRONT Perpetual Contract With Up to 10x Leverage","c6c680eb50fb4dc9b565a8522c49ffa6"
177884,1695632760634,"2023-09-25 09:06:00","Binance Futures Will List USDⓈ-M & COIN-M Quarterly 0329 Futures Delivery Contracts","1d6cd066484e4748b1951ba62597aa26"
177903,1695645506665,"2023-09-25 12:38:26","Binance Futures Will Launch USDⓈ-M GLMR Perpetual Contract With Up to 10x Leverage","155dd1d3b26d48918d75d263833a5d1d"
177970,1695693936984,"2023-09-26 02:05:36","Binance Adds VTHO/USDT Cross Margin Pair","9ab1323dc5c94857bf4f74bb50b6b42c"
178439,1695870605650,"2023-09-28 03:10:05","Binance Futures Will Launch USDⓈ-M BICO Perpetual Contract With Up to 10x Leverage","9d38d2eb114b441ead0fc90a75893235"
178766,1696388429254,"2023-10-04 03:00:29","Binance Adds ARB/FDUSD, FDUSD/TRY, FRONT/TRY, LINK/TUSD & SUI/FDUSD Trading Pairs","4a16b06709594e0c851aed0fdccd016b"
178959,1696827003651,"2023-10-09 04:50:03","Binance Adds WBETH & More Pairs on Cross Margin & Isolated Margin","bd158e431cd24479811b777132583880"
179100,1696923917379,"2023-10-10 07:45:17","Binance Will List Neutron (NTRN) with Seed Tag Applied","51b509f93a3245738b0c4ec2d64d1fa8"
179134,1696931539024,"2023-10-10 09:52:19","Introducing Neutron (NTRN) on Binance Launchpool! Farm NTRN by Staking BNB, TUSD and FDUSD","ae2def9640ef49c1979e1d995d32cd77"
179161,1696936465219,"2023-10-10 11:14:25","Binance Futures Will Launch USDⓈ-M STRAX Perpetual Contract With Up to 10x Leverage","b64ac7bcfca54d2b8042c7aa0cfc5afe"
179344,1696990532517,"2023-10-11 02:15:32","Binance Adds New SEI & WBETH Pairs on Cross Margin","01c84ac73fb442bdbeb2463ade2347f6"
179364,1696993228097,"2023-10-11 03:00:28","Binance Adds ADA/FDUSD, FIL/FDUSD, FRONT/TUSD, LEVER/TRY, LTC/FDUSD, RUNE/TUSD & TRB/TRY Trading Pairs","9ef0c43e0c06499a8cca5081883825c8"
179392,1696997177546,"2023-10-11 04:06:17","Binance Futures Will Launch USDⓈ-M LOOM Perpetual Contract With Up to 10x Leverage","59cba52c3bab4059897ae88d9bbb31cf"
179699,1697109442199,"2023-10-12 11:17:22","Binance Futures Will Launch USDⓈ-M BIGTIME Perpetual Contract With Up to 20x Leverage","d956c31e085444c2ba4d97c554318476"
179775,1697173875790,"2023-10-13 05:11:15","Binance Adds NTRN on Margin","b4eb91b68a1a4dc1b2a2f45d7b8f1a1e"
179943,1697345978273,"2023-10-15 04:59:38","Binance Futures Will Launch USDⓈ-M BOND Perpetual Contract With Up to 50x Leverage","175604613129423199f61fda5ffe3615"
180014,1697506436276,"2023-10-17 01:33:56","Binance Futures Will Launch USDⓈ-M ORBS Perpetual Contract With Up to 20x Leverage","93710257326b4f33aed7d8b7b73746d1"
180152,1697606833266,"2023-10-18 05:27:13","Binance Futures Will Launch USDⓈ-M STPT and WAXP Perpetual Contracts With Up to 50x Leverage","5d2d3a74fe6c4c89ac8eaac2959383d6"
180188,1697612405894,"2023-10-18 07:00:05","Notice on New Trading Pairs & Trading Bots Services on Binance Spot - 2023-10-19","b68013d4a1b14c82bb019eabcc13391a"
180281,1697688013854,"2023-10-19 04:00:13","Binance Adds ARK, OMG & More Pairs on Cross Margin & Isolated Margin","afd04e47bab84bdab855f7698bf40fb5"
180345,1697771703998,"2023-10-20 03:15:03","Binance Futures Will Launch USDⓈ-M BSV Perpetual Contract With Up to 50x Leverage","21802d4be7ce4e4a880e2990a6775422"
180616,1697862003215,"2023-10-21 04:20:03","Binance Futures Will Launch USDⓈ-M RIF Perpetual Contract With Up to 50x Leverage","cdeaa008a1484ba0974f4359a31d29c3"
180905,1698151948683,"2023-10-24 12:52:28","Binance Futures Will Launch USDⓈ-M POLYX and GAS Perpetual Contracts With Up to 50x Leverage","d8b596b131b64130940798961d73a8b5"
180971,1698204603826,"2023-10-25 03:30:03","Notice on New Trading Pairs & Trading Bots Services on Binance Spot - 2023-10-26","6cdb1faca0e44c188ab680494c3bfa11"
181213,1698321002985,"2023-10-26 11:50:02","Binance Futures Will Launch USDⓈ-M POWR Perpetual Contract With Up to 50x Leverage","c40a1707de63466f9aa14fd046c75e81"
181301,1698415749172,"2023-10-27 14:09:09","Introducing Memecoin (MEME) on Binance Launchpool! Farm MEME by Staking BNB, TUSD and FDUSD","90ccca2c5d6946ef9439dae41a517578"
181387,1698638428354,"2023-10-30 04:00:28","Binance Adds ACA, GHST, VIDT and More Pairs on Cross Margin & Isolated Margin","8e7a24082b4f4ab39229b05cadbfce0a"
181434,1698671932206,"2023-10-30 13:18:52","Binance Will List Celestia (TIA) with Seed Tag Applied","4492f05f8b0e40f2a6dc9321aba0ba27"
181463,1698731158402,"2023-10-31 05:45:58","Binance Futures Will Launch USDⓈ-M SLP Perpetual Contract With Up to 50x Leverage","5d8c7476197344d087b5af436bfc74ae"
181528,1698768499741,"2023-10-31 16:08:19","Binance Futures Will Launch USDⓈ-M TIA Perpetual Contract With Up to 50x Leverage","5e5eab2a19d444898e6961ba33d04849"
181727,1698892513670,"2023-11-02 02:35:13","Binance Futures Will Launch USDⓈ-M SNT Perpetual Contract With Up to 50x Leverage","2e53db8e7af34d7dae7310e4a4336cdd"
181791,1698910232851,"2023-11-02 07:30:32","Binance Futures Will Launch USDⓈ-M CAKE Perpetual Contract With Up to 50x Leverage","a33e70c5215841299b4d4614918b93a5"
181807,1698912078594,"2023-11-02 08:01:18","Binance Will Open Trading for Memecoin (MEME)","b8163f2f29654c2eb758d576bef95515"
181836,1698918303755,"2023-11-02 09:45:03","Binance Adds TIA, SNT, STEEM and More Pairs on Cross Margin & Isolated Margin","b8ace6ade44740e6afc21a3e355fdac1"
181878,1698988203438,"2023-11-03 05:10:03","Binance Futures Will Launch USDⓈ-M TWT Perpetual Contract With Up to 50x Leverage","a45e7c4a2ca44921b13da66f291e22b8"
181934,1699003203190,"2023-11-03 09:20:03","Binance Futures Will Launch USDⓈ-M MEME Perpetual Contract With Up to 50x Leverage","afcf1ccc7978458d8474f500da91a00d"
181951,1699008602884,"2023-11-03 10:50:02","Binance Futures Will Launch USDⓈ-M TOKEN Perpetual Contract With Up to 50x Leverage","d047f1923f8a40be8aedcc74387f09dc"
182168,1699339453500,"2023-11-07 06:44:13","Binance Will List ORDI (ORDI) with Seed Tag Applied","4bd64404aa384fe5a00e0f9b131035db"
182201,1699342203152,"2023-11-07 07:30:03","Binance Futures Will Launch USDⓈ-M ORDI Perpetual Contract With Up to 50x Leverage","5b64c7eaf295445584f222adfbf8d723"
182171,1699346703988,"2023-11-07 08:45:03","Binance Adds MEME, MULTI, UFT and More Pairs on Cross Margin & Isolated Margin","75e3a7471697451c8ef75c037f93082a"
182420,1699431187566,"2023-11-08 08:13:07","Binance Futures Will Launch USDⓈ-M STEEM Perpetual Contract With Up to 50x Leverage","cc99eaae257f4443bfcee68d39092620"
182452,1699437614062,"2023-11-08 10:00:14","Notice on New Trading Pairs & Trading Bots Services on Binance Spot - 2023-11-09","742c9bbb9ebf4f68b0ca372615e86ee7"
182549,1699499194853,"2023-11-09 03:06:34","Binance Adds AST, GNO, ORDI and More Pairs on Cross Margin & Isolated Margin","995efa57e37241a6a73c9e1fcd9e4ced"
182569,1699503088430,"2023-11-09 04:11:28","Binance Futures Will Launch USDⓈ-M BADGER Perpetual Contract With Up to 50x Leverage","ed2fd215f6884f14a0a321e70f1fa5be"
182707,1699613867763,"2023-11-10 10:57:47","Binance Futures Will Launch USDⓈ-M ILV Perpetual Contract With Up to 50x Leverage","7af5eefa0e1c433c996aadce389bafe5"
182837,1699929174947,"2023-11-14 02:32:54","Binance Futures Will Launch USDⓈ-M NTRN Perpetual Contract With Up to 50x Leverage","ef915dd89edb4fa7a7438362bfb146d2"
182853,1699933803477,"2023-11-14 03:50:03","Binance Adds FIS and More Pairs on Cross Margin","d79d3c8148194528865eff197578f803"
182945,1699956293099,"2023-11-14 10:04:53","Binance Futures Will Launch USDⓈ-M MBL Perpetual Contract With Up to 50x Leverage","d7e84d0cbade4525bd55e61e7ee0f83a"
183037,1700035809038,"2023-11-15 08:10:09","Notice on New Trading Pairs on Binance Spot - 2023-11-16","c2a6e8df46de4105b0ccb607b6260b8c"
183194,1700104203117,"2023-11-16 03:10:03","Binance Adds BEAMX and More Pairs on Cross Margin and Isolated Margin","1280c17d1e504bbf86b7a85ca6ae3649"
183275,1700141887548,"2023-11-16 13:38:07","Binance Futures Will Launch USDⓈ-M KAS Perpetual Contract With Up to 50x Leverage","7cda5be3429d4e1da2ad8e23c120a7fb"
183310,1700187322012,"2023-11-17 02:15:22","Binance Adds ACA, AMP, GHST & More Pairs on Cross Margin and Isolated Margin","104db5d54d024410bfb3ec21b33aa010"
183383,1700203809901,"2023-11-17 06:50:09","Binance Futures Will Launch USDⓈ-M BEAMX Perpetual Contract With Up to 50x Leverage","25c05ab82d674c7396eab887d1384b05"
183519,1700532306626,"2023-11-21 02:05:06","Binance Adds CVC, ELF, FARM & More Pairs on Cross Margin and Isolated Margin","8294e4e62bf5459fb6035156437ab995"
183670,1700638507088,"2023-11-22 07:35:07","Notice on New Trading Pairs & Trading Bots Services on Binance Spot - 2023-11-23","399c3f8b867141eebf84c86b3d66ae7b"
183700,1700649023889,"2023-11-22 10:30:23","Binance Futures Will Launch USDⓈ-M 1000BONK and PYTH Perpetual Contracts With Up to 50x Leverage","7b3f500e0eec40f380023b4ff0ccca18"
183919,1700806187186,"2023-11-24 06:09:47","Binance Will List Blur (BLUR) with Seed Tag Applied","85306854c60347a6a4131493ec8d26a6"
184042,1700988341945,"2023-11-26 08:45:41","Binance Futures Will Launch USDⓈ-M SUPER Perpetual Contract With Up to 50x Leverage","0712d23fc1934e17996a8c7a58716d30"
184139,1701066903333,"2023-11-27 06:35:03","Binance Futures Will Launch USDⓈ-M USTC Perpetual Contract With Up to 50x Leverage","91deccb2e146483383617db8b8fcaba1"
184205,1701081932675,"2023-11-27 10:45:32","Binance Futures Will Launch USDⓈ-M ONG Perpetual Contract With Up to 50x Leverage","fc5b48ff9a6f4d01abd2acff0eee0c83"
184222,1701137106893,"2023-11-28 02:05:06","Binance Adds BLUR, VIC & More Pairs on Cross Margin and Isolated Margin","7eac169f9d4041bc8c5955778ca85467"
184271,1701154262129,"2023-11-28 06:51:02","Binance Futures Will Launch USDⓈ-M ETHW Perpetual Contract With Up to 50x Leverage","57d1c97e35d84f278b071bd092626f51"
184341,1701234023462,"2023-11-29 05:00:23","Notice on New Trading Pairs on Binance Spot - 2023-11-30","72a2e4427f84455d8d0bbd0a0f4e557a"
184701,1701403803065,"2023-12-01 04:10:03","Binance Adds GFT & More Pairs on Cross Margin and Isolated Margin","1bbc5f62d1444d7197e4a3bbf27f28c2"
184909,1701663251934,"2023-12-04 04:14:11","Binance Will List Anchored Coins EUR (AEUR) and Introduce AEUR Zero Trading Fee Promotions","e1f106b5767546faa4c16751d8410a89"
185030,1701684035267,"2023-12-04 10:00:35","Notice on New Trading Pairs on Binance Spot - 2023-12-05","84ca9ad73b3643beba825689409e053a"
185449,1701950138787,"2023-12-07 11:55:38","Binance Will List Jito (JTO) with Seed Tag Applied","6282d0aaa23040b6a68c1b9ad9fc3e74"
185541,1702008905169,"2023-12-08 04:15:05","Binance Adds PIVX & More Pairs on Cross Margin and Isolated Margin","430e685c1f1349a1b8979600a2046277"
185602,1702020007305,"2023-12-08 07:20:07","Binance Futures Will Launch USDⓈ-M JTO Perpetual Contract With Up to 50x Leverage","af3cc81ea3fe4547a221244c53c68837"
185740,1702296311083,"2023-12-11 12:05:11","Introducing Fusionist (ACE) on Binance Launchpool! Farm ACE by Staking BNB and FDUSD","2cb7b8a617b548e5b765bcb0f3beb680"
185818,1702361370579,"2023-12-12 06:09:30","Binance Will List BRC-20 Sats (1000SATS) with Seed Tag Applied","67d516a4ecec4c3ca17760d9afe04570"
185871,1702368945949,"2023-12-12 08:15:45","Binance Futures Will Launch USDⓈ-M 1000SATS Perpetual Contract With Up to 50x Leverage","a86323c8ac774e85ba77a497f8f88e7f"
186039,1702450522628,"2023-12-13 06:55:22","Notice on New Trading Pairs & Trading Bots Services on Binance Spot - 2023-12-14","0825589159a241d2af92fa61102ec0df"
186068,1702462503005,"2023-12-13 10:15:03","Binance Adds AEUR, 1000SATS & More Pairs on Cross Margin and Isolated Margin","e8a243ffd6dd4d968636b8db1279589e"
186245,1702612713180,"2023-12-15 03:58:33","Binance Will List Bonk (BONK) with Seed Tag Applied","1592b7a6ec9a408daf4b778f50ab1ca6"
186301,1702632304955,"2023-12-15 09:25:04","Binance Futures Will Launch USDⓈ-M AUCTION Perpetual Contract With Up to 50x Leverage","bc79a7505e2e432b87dfa1e3f4e59f5c"
186342,1702640460408,"2023-12-15 11:41:00","Binance Futures Will Launch USDⓈ-M 1000RATS Perpetual Contract With Up to 50x Leverage","c6eb2557f7a94f8db24ffda21ef0346e"
186399,1702876230074,"2023-12-18 05:10:30","Binance Options Will Launch Additional BTCUSDT & ETHUSDT Weekly Options","d278dcbec2d448efa3e3109e7fd42a4e"
186443,1702883703825,"2023-12-18 07:15:03","Binance Futures Will Launch USDⓈ-M ACE Perpetual Contract With Up to 50x Leverage","e580de0ab2644098bafa59a8eebc1a6a"
186571,1702982259023,"2023-12-19 10:37:39","Introducing NFPrompt (NFP) on Binance Launchpool Fair Mode! Farm NFP by Staking BNB, FDUSD and TUSD","a5cb4da2b55b401fb0a9c32ca15e9ebd"
186615,1702987181592,"2023-12-19 11:59:41","Binance Margin Adds ACE, BONK, XNO & More Pairs","8507df5dbb344e92b99ed01bb51840b0"
186639,1703039403058,"2023-12-20 02:30:03","Notice on New Trading Pairs & Trading Bots Services on Binance Spot - 2023-12-21","59e16f064d6549f3a2a3c3eb56a9c9fe"
186836,1703213730169,"2023-12-22 02:55:30","Binance Futures Will List USDⓈ-M & COIN-M Quarterly 0628 Delivery Contracts","775834d281a4472a952b13adb10e0b4e"
186884,1703471883795,"2023-12-25 02:38:03","Binance Margin Adds ADA, DOGE, MATIC & More Pairs","f748751c5fdb40118597a815a2755e24"
187010,1703572503164,"2023-12-26 06:35:03","Binance Copy Trading Adds USDⓈ-M ORDI and 1000SATS Contracts","f048bfe84fb843b49790651137562ef1"
187023,1703575533016,"2023-12-26 07:25:33","Binance Futures Will Launch USDⓈ-M MOVR Perpetual Contract With Up to 50x Leverage","711588ec360e460d840d7a18472c9617"
187039,1703585038087,"2023-12-26 10:03:58","Introducing Sleepless AI (AI) on Binance Launchpool! Farm AI by Staking BNB, FDUSD and TUSD","1c5f644e22b44e0f90404e0aea216525"
187255,1703662811402,"2023-12-27 07:40:11","Notice on New Trading Pairs on Binance Spot - 2023-12-28","6c2fd758669944fb9b11689ebb49070e"
187298,1703673305599,"2023-12-27 10:35:05","Binance Futures Will Launch USDⓈ-M NFP Perpetual Contract With Up to 50x Leverage","c4617b2b970b46e5ad70c9c44cb0f6f2"
187437,1703757026947,"2023-12-28 09:50:26","Binance Futures Will Launch USDC-Margined BTC, ETH, BNB, SOL and XRP Perpetual Contracts: Enjoy 10% Off When Trading on USDC-Margined Futures!","4ff3534898ab4ea09afb450a94f20afe"
187661,1704258903096,"2024-01-03 05:15:03","Binance Margin Adds NFP, MLN & More Pairs","96e0b5370c9a49fbb5d66613b0d7ddf1"
187730,1704274564258,"2024-01-03 09:36:04","Introducing Xai (XAI) on Binance Launchpool! Farm XAI by Staking BNB, FDUSD and TUSD","dae94618815044679412f00409625d0a"
187835,1704355207494,"2024-01-04 08:00:07","Notice on New Trading Pairs & Trading Bots Services on Binance Spot - 2024-01-05","e993090f69c44738bc8385e797d441a1"
188176,1704702616193,"2024-01-08 08:30:16","Binance Will Launch Sleepless AI (AI) on Margin & Futures","4667a7247a3e4e899bd11a7b10fae837"
188258,1704798001525,"2024-01-09 11:00:01","Binance Adds Xai (XAI) on Earn, Convert, Margin, Futures & Auto-Invest","0a1398fc202a4f23886083c93ced2637"
188338,1704857735309,"2024-01-10 03:35:35","Notice on New Trading Pairs & Trading Bots Services on Binance Spot - 2024-01-11","ba8a13be212d4c4a97b18595217f5c16"
188646,1705039819669,"2024-01-12 06:10:19","Binance Margin Adds DOCK & More ARB, OP and SOL Pairs","b03d6f33cd7e40a3bef774112306e645"
188822,1705321485397,"2024-01-15 12:24:45","Introducing Manta (MANTA) on Binance Launchpool! Farm MANTA by Staking BNB and FDUSD","d408406a0b594b2d82206f7ea9ca60bc"
189158,1705470605053,"2024-01-17 05:50:05","Binance Futures Will Launch USDC-Margined DOGE Perpetual Contract With Up to 75x Leverage","692f5286b6824e08a40acc71c66659a3"
189178,1705491410042,"2024-01-17 11:36:50","Introducing AltLayer (ALT) on Binance Launchpool! Farm ALT by Staking BNB and FDUSD","8415d71c5cce481fb8bdec3651972366"
189215,1705547711039,"2024-01-18 03:15:11","Notice on New Trading Pairs & Trading Bots Services on Binance Spot - 2024-01-19","2e222a57895942bfbecd0d4dadf2ae83"
189242,1705562715644,"2024-01-18 07:25:15","Binance Futures Will Launch USDⓈ-M WIF Perpetual Contract With Up to 50x Leverage","5c6cb594550247aea7c93a47c0156b17"
189284,1705576221799,"2024-01-18 11:10:21","Binance Adds Manta (MANTA) on Earn, Convert, Margin & Futures","01c6447e090045dba9ebf72a24884047"
189333,1705635003514,"2024-01-19 03:30:03","Binance Margin Adds ALPINE, BAR, CITY, PSG & More Pairs","3fc2f02aef2d4d3fbac2524f301027a2"
189387,1705748720362,"2024-01-20 11:05:20","Binance Futures Will Launch USDⓈ-M ONDO Perpetual Contract With Up to 50x Leverage","af6c1bbbe6ec406c8b2d087fe47c5554"
189553,1705995609675,"2024-01-23 07:40:09","Notice on New Trading Pairs & Trading Bots Services on Binance Spot - 2024-01-24","41aa1f6328f546e39c298dd07e86a23c"
189688,1706155245970,"2024-01-25 04:00:45","Notice on New Trading Pairs & Trading Bots Services on Binance Spot - 2024-01-26","57f2350688e94131bdb225a1f8cd89a8"
189715,1706164815354,"2024-01-25 06:40:15","Binance Futures Will Launch USDⓈ-M LSK Perpetual Contract With Up to 50x Leverage","835091458d704f878ccdc17c287df31b"
189780,1706181013169,"2024-01-25 11:10:13","Binance Adds AltLayer (ALT) on Earn, Convert, Margin & Futures","7f2ed2cb72024d7884dfe9bc4af72dfe"
190111,1706670625137,"2024-01-31 03:10:25","Binance Margin Adds DCR & More FDUSD and USDT Pairs","07d0c50b9bff4e92a8035d158aa94dd4"
190187,1706684813622,"2024-01-31 07:06:53","Binance Will List Jupiter (JUP) with Seed Tag Applied","7b5c643c3d8a4c9a9d443b1ceefb0015"
190315,1706719222049,"2024-01-31 16:40:22","Binance Adds Jupiter (JUP) on Earn, Convert, Margin & Futures","63ee70ab6e1541a59c8c4e45660fb82d"
190392,1706771740937,"2024-02-01 07:15:40","Notice on New Trading Pairs & Trading Bots Services on Binance Spot - 2024-02-02","3eb7a6881fda4aa795b8d415442d5e79"
190486,1706847302780,"2024-02-02 04:15:02","Binance Futures Will Launch USDⓈ-M ZETA Perpetual Contract With Up to 50x Leverage","527d78a22905461f84c8c85e8b938d4d"
190559,1706857203654,"2024-02-02 07:00:03","Binance Margin Adds CREAM, IRIS & More FDUSD and USDC Pairs","5df2fbaa6747450b943dfa1361fbe19f"
190521,1706860207072,"2024-02-02 07:50:07","Binance Will List Pyth Network (PYTH) with Seed Tag Applied","f36074f9caa6474fa44fdb18503183d6"
190693,1706880006052,"2024-02-02 13:20:06","Binance Adds Pyth Network (PYTH) on Earn, Convert & Margin","ff5230c2b9fd41d98dac5cb5aa75909a"
190767,1707124296210,"2024-02-05 09:11:36","Binance Will List Ronin (RONIN) with Seed Tag Applied","dfea1e2ae7fd475196b215e673193c63"
190813,1707143521999,"2024-02-05 14:32:01","Binance Adds Ronin (RONIN) on Earn, Convert, Margin & Futures","98684ea54d8145c98d86bf80a723c00f"
190925,1707199539841,"2024-02-06 06:05:39","Notice on New Trading Pairs & Trading Bots Services on Binance Spot - 2024-02-07","75f3297929f94cd1af9e378a775360a6"
190993,1707210078405,"2024-02-06 09:01:18","Binance Futures Will Launch USDC-Margined SUI Perpetual Contract With Up to 50x Leverage","b73b590d0ccc4501b49b4ac688ade357"
191009,1707211617933,"2024-02-06 09:26:57","Binance Will List Dymension (DYM) with Seed Tag Applied","00095277601046a38159f649b5f0e55b"
191174,1707285913249,"2024-02-07 06:05:13","Binance Adds Dymension (DYM) on Margin & Futures","f5602f51a5fe46e6bff70e741ab02df5"
191240,1707359753017,"2024-02-08 02:35:53","Introducing Pixels (PIXEL) on Binance Launchpool! Farm PIXEL by Staking BNB and FDUSD","c055fa89dda84402b7b662f13b80fffe"
191434,1707801308559,"2024-02-13 05:15:08","Binance Futures Will Launch USDⓈ-M OM Perpetual Contract With Up to 50x Leverage","8a72fa2ab4cd474f8e5d62c6158eaeef"
191520,1707901821297,"2024-02-14 09:10:21","Binance Futures Will Launch USDC-Margined LINK Perpetual Contract With Up to 75x Leverage","3c1eb1074e1b4555ad73eb33734e8541"
191907,1708327504879,"2024-02-19 07:25:04","Binance Futures Will Launch USDC-Margined ORDI Perpetual Contract With Up to 75x Leverage","f5317e4c17a14f0c822441904dc9ae3c"
191961,1708340422556,"2024-02-19 11:00:22","Binance Adds Pixels (PIXEL) on Earn, Convert, Margin & Futures","3ebaf75d84274f799dcf28e666c478d9"
192059,1708395922135,"2024-02-20 02:25:22","Binance Will List Starknet (STRK) with Seed Tag Applied","cb15311b17c440d0b0cf077a9b9979a3"
192126,1708412705927,"2024-02-20 07:05:05","Binance Options Will Launch T+4 BTCUSDT Daily Options","dd8e180b94c84d53a5a93f7b99d1bd08"
192240,1708491029077,"2024-02-21 04:50:29","Binance Futures Will Launch USDⓈ-M MAVIA Perpetual Contract With Up to 50x Leverage","521a6a71b21046f2b07b021edfd41b9f"
192296,1708501813542,"2024-02-21 07:50:13","Introducing Portal (PORTAL) on Binance Launchpool! Farm PORTAL by Staking BNB and FDUSD","0620f90f55f2420b89158808380b6c9d"
192382,1708571418267,"2024-02-22 03:10:18","Binance Margin Adds ACM, FIO, IQ & More USDT and USDC Pairs","32cce2a500ef4af5be01c8edf02977f3"
192404,1708574741551,"2024-02-22 04:05:41","Binance Futures Will Launch USDⓈ-M GLM Perpetual Contract With Up to 50x Leverage","876c56d9ebbb4b7c8857c3ac766fa141"
192447,1708596620824,"2024-02-22 10:10:20","Notice on New Trading Pairs & Trading Bots Services on Binance Spot - 2024-02-23","a3a805c8038545098c34df652cd35d93"
192763,1709024423609,"2024-02-27 09:00:23","Notice on New Trading Pairs & Trading Bots Services on Binance Spot - 2024-02-28","3790dd23e35b4ad38a9fce412cbe301d"
192814,1709087134343,"2024-02-28 02:25:34","Binance Margin Adds More FDUSD and USDT Pairs","cc897d1544a341c2ae598f594dd9835c"
192974,1709204383007,"2024-02-29 10:59:43","Binance Adds Portal (PORTAL) on Earn, Convert, Margin & Futures","0c9f51c7f9a14266a2ee85eaf36135d1"
193112,1709269504921,"2024-03-01 05:05:04","Binance Futures Will Launch USDⓈ-M TON Perpetual Contract With Up to 50x Leverage","57bb7f41d63a44b090b27c3df483344b"
193153,1709277537028,"2024-03-01 07:18:57","Binance Will List Axelar (AXL) with Seed Tag Applied","2eb66d061d214c31a096cff35ede9360"
193208,1709296113334,"2024-03-01 12:28:33","Binance Adds Axelar (AXL) on Earn, Convert, Margin & Futures","4ec6916d881444c0949ab906352043cc"
193395,1709538945082,"2024-03-04 07:55:45","Notice on New Trading Pairs on Binance Spot - 2024-03-05","b2cc7b70220b45cc8a9daf7e47ed5997"
193491,1709608503469,"2024-03-05 03:15:03","Binance Copy Trading Adds New USDⓈ-M Contracts (2024-03-05)","fb2941dfefc441ad8cc6c6109fdeee8b"
193509,1709616923762,"2024-03-05 05:35:23","Binance Futures Will Launch MYROUSDT and 1000PEPEUSDC Perpetual Contracts With Up to 50x Leverage","aa4f26d44f5546c5b6695533b2e9279a"
193543,1709632897364,"2024-03-05 10:01:37","Binance Will List Dogwifhat (WIF) with Seed Tag Applied","90ad67fe5be7483ea058191bfde677e4"
193626,1709652007053,"2024-03-05 15:20:07","Binance Adds Dogwifhat (WIF) on Earn, Convert & Margin","cfb53ea0b3164637b4d32a075e967d31"
193841,1709720755241,"2024-03-06 10:25:55","Introducing AEVO (AEVO) on Binance Launchpool! Farm AEVO by Staking BNB and FDUSD","3ff4cb81f21346a4a6b1c966e0b797f0"
193868,1709725251502,"2024-03-06 11:40:51","Notice on New Trading Pairs & Trading Bots Services on Binance Spot - 2024-03-07","ecd5240ac636424a853875d97b53f30a"
193917,1709787611180,"2024-03-07 05:00:11","Binance Adds BNB/JPY, BTC/JPY & ETH/JPY Trading Pairs and Launches Zero-Fee Trading for JPY Spot Trading Pairs","c5699841e8a749ce9c5f57bc18b5db8f"
194068,1709897109545,"2024-03-08 11:25:09","Binance Options RFQ Will Launch XRPUSDT Options","46a0372dab2e496c9e0f164a8c2cc819"
194176,1710143970976,"2024-03-11 07:59:30","Binance Will List Metis (METIS) with Seed Tag Applied","a73748f501dc48f6ba3d68d724052492"
194207,1710162035327,"2024-03-11 13:00:35","Binance Adds Metis (METIS) on Earn, Convert & Margin","427993711da348d59b910d7142fa5939"
194299,1710217805954,"2024-03-12 04:30:05","Binance Futures Will Launch METISUSDT and WLDUSDC Perpetual Contracts With Up to 75x Leverage","7f840e0a2d964bf2bac08cb421ad88eb"
194408,1710234930148,"2024-03-12 09:15:30","Notice on New Trading Pairs & Trading Bots Services on Binance Spot - 2024-03-13 & 2024-03-14","7c2462b71eea403e8735731becd0208d"
194456,1710253801152,"2024-03-12 14:30:01","Introducing ether.fi (ETHFI) on Binance Launchpool! Farm ETHFI by Staking BNB and FDUSD","043436c6551d4f67bf1565a253039b39"
194601,1710327333224,"2024-03-13 10:55:33","Binance Adds AEVO (AEVO) on Earn, Convert, Margin & Futures","ca4f62fa29c44d778160a60a6a760406"
194632,1710338706348,"2024-03-13 14:05:06","Binance Futures Will Launch USDⓈ-M VANRY Perpetual Contract With Up to 50x Leverage","de48474029954b2bb4c479251dbd6a01"
194851,1710564310142,"2024-03-16 04:45:10","Binance Futures Will Launch USDⓈ-M BOME Perpetual Contract With Up to 50x Leverage","543fca9191ba4f3d937d56035a60699a"
194867,1710581406588,"2024-03-16 09:30:06","Binance Will List BOOK OF MEME (BOME) with Seed Tag Applied","bca0f355cf004367b90d7e48fee3470c"
194971,1710747006169,"2024-03-18 07:30:06","Binance Futures Will Launch USDC-Margined AVAX Perpetual Contract With Up to 75x Leverage","0e830f621fa1424b8f9315c6e3a49bd5"
195017,1710766220799,"2024-03-18 12:50:20","Binance Adds ether.fi (ETHFI) on Earn, Convert, Margin & Futures","190bfe3d310c461dbca7c6bd5152512e"
195141,1710828913565,"2024-03-19 06:15:13","Binance Copy Trading Adds New USDⓈ-M Contracts (2024-03-19)","7e8fa8f2c5214f788860e2b4f3e1a012"
195269,1710904829478,"2024-03-20 03:20:29","Notice on New Trading Pairs & Trading Bots Services on Binance Spot - 2024-03-21","b89e1973281648959d3477b3082b33bc"
195454,1711077367727,"2024-03-22 03:16:07","Binance Futures Will List USDⓈ-M & COIN-M Quarterly 0927 Delivery Contracts","d46721f327df4d61bd72878ee9092ac0"
195668,1711435928007,"2024-03-26 06:52:08","Binance Futures Will Launch USDC-Margined 1000SHIB Perpetual Contract With Up to 50x Leverage","28ca126f6a1e4f17a7915d8be309c32d"
195688,1711447990332,"2024-03-26 10:13:10","Notice on New Trading Pairs & Trading Bots Services on Binance Spot - 2024-03-27","0f3ce0f5305e47659ca47d42d0c5cd91"
195749,1711509004008,"2024-03-27 03:10:04","Binance Margin Adds DCR, LTO, MLN, WBTC & More FDUSD, USDC and USDT Pairs","6674719e209641bda688729852d35fb5"
196073,1711686374921,"2024-03-29 04:26:14","Introducing Ethena (ENA) on Binance Launchpool! Farm ENA by Staking BNB and FDUSD","6c216f219f0e42adb1849759dee3fbd9"
196256,1712029227845,"2024-04-02 03:40:27","Binance Futures Will Launch USDC-Margined BCH and WIF Perpetual Contracts With Up to 75x Leverage","6f3b713762a24d8e99edb096582bab3e"
196294,1712040305073,"2024-04-02 06:45:05","Notice on New Trading Pairs & Trading Bots Services on Binance Spot - 2024-04-03","4415b0754bd343798f5391a4d212e923"
196327,1712048111048,"2024-04-02 08:55:11","Binance Adds Ethena (ENA) on Earn, Convert, Margin & Futures","db4b4fc4fd0349a892eca0c47293d136"
196322,1712054366812,"2024-04-02 10:39:26","Binance Will List Wormhole (W) with Seed Tag Applied","49b5a226723e407cb7044d749bfda5b2"
196686,1712197944107,"2024-04-04 02:32:24","Introducing Saga (SAGA) on Binance Launchpool! Farm SAGA by Staking BNB and FDUSD","22674210af2b4d35b7ddc62c243d66fa"
196759,1712223112512,"2024-04-04 09:31:52","Notice on New Trading Pairs & Trading Bots Services on Binance Spot - 2024-04-05","e71d0476100548dd9646726cfd10843b"
196865,1712268000000,"2024-04-04 22:00:00","Binance Adds USDT/MXN Spot Trading Pair with Trading Bots Services Enabled","6dfb96852fc24202b105149d3ed191dd"
197041,1712570121077,"2024-04-08 09:55:21","Binance Adds USDT/CZK Trading Pair on Spot, with Trading Bots Services Enabled","38ecd940af1f468ab4e2c65f67369ee4"
197057,1712576657942,"2024-04-08 11:44:17","Binance Will List Tensor (TNSR) with Seed Tag Applied","6eeb77d6863948eb8e79fc40bacabdbc"
197122,1712593208630,"2024-04-08 16:20:08","Binance Adds Tensor (TNSR) on Earn, Convert, Margin & Futures","a7a37939798040aa86fd0561b3b6e6b2"
197195,1712635225663,"2024-04-09 04:00:25","Binance Futures Will Launch USDC-Margined LTC and NEAR Perpetual Contracts With Up to 75x Leverage","984e858adc314bc59076e238670da557"
197218,1712652062778,"2024-04-09 08:41:02","Binance Adds Saga (SAGA) on Earn, Convert, Margin & Futures","bbacdc0772cc4e839d8faeb71e90e56c"
197268,1712721426021,"2024-04-10 03:57:06","Binance Margin Adds ASR, ATM, FIO, JUV, WAN & More BTC, FDUSD and USDC Pairs","f16274ce06dc4884a291751e040b337e"
197362,1712736004152,"2024-04-10 08:00:04","Notice on New Trading Pairs & Trading Bots Services on Binance Spot - 2024-04-11","13fc02bf6f30438f848a5f73357356f1"
197420,1712817838489,"2024-04-11 06:43:58","Binance Will List Bittensor (TAO) with Seed Tag Applied","dd856efc9c1a4a209eb48992e190e4d6"
197472,1712840407024,"2024-04-11 13:00:07","Binance Adds Bittensor (TAO) on Earn, Convert, Margin & Futures","2f3614471b344673841fbee7966e8ed5"
197537,1712901164069,"2024-04-12 05:52:44","Introducing Omni Network (OMNI) on Binance Launchpool! Farm OMNI by Staking BNB and FDUSD","3954d04933da443ab539ca38616013de"
197863,1713243610654,"2024-04-16 05:00:10","Binance Futures Will Launch USDC-Margined ARB, NEO, and FIL Perpetual Contracts With Up to 75x Leverage","5f6454cb55cd4ad6948225350d6ebc3a"
197880,1713252609016,"2024-04-16 07:30:09","Notice on New Trading Pairs & Trading Bots Services on Binance Spot - 2024-04-17","dd0fd6ed7c7947aea3b4d67dd3801a90"
198134,1713357604090,"2024-04-17 12:40:04","Binance Adds Omni Network (OMNI) on Earn, Buy Crypto, Convert, Margin & Futures","0ab649331e4746638d8c31bad9f233b3"
198184,1713409218694,"2024-04-18 03:00:18","Binance Margin Adds New USDC Pairs - 2024-04-18","faabbc275a5f4dd9b3182df915432fbb"
198346,1713423603192,"2024-04-18 07:00:03","Notice on New Trading Pairs & Trading Bots Services on Binance Spot - 2024-04-19","d31b198db53844a9b4197c5ec24624dd"
198394,1713429038704,"2024-04-18 08:30:38","Binance Launches Megadrop: A Token Launch Platform with Airdrops and Web3 Quests","748b7181f5d14d6fb2add4048374d646"
198653,1713841238631,"2024-04-23 03:00:38","Binance Margin Adds ALPINE, BAR, CITY & More FDUSD, USDC and BTC Pairs","620f56a1c05840c6b2c5de54ea29443e"
198715,1713855628868,"2024-04-23 07:00:28","Notice on New Trading Pairs & Trading Bots Services on Binance Spot - 2024-04-24","3741f1d3928b4da88b765d81f2ffd979"
198753,1713867723174,"2024-04-23 10:22:03","Introducing Renzo (REZ) on Binance Launchpool! Farm REZ by Staking BNB and FDUSD","b1e64410cc9c4ab29687392f5581a61b"
198842,1713927628256,"2024-04-24 03:00:28","Binance Futures Will Launch USDC-Margined BOME, TIA, and MATIC Perpetual Contracts With Up to 75x Leverage","686612ddcd824cd493963371eac1a80b"
199061,1714032057557,"2024-04-25 08:00:57","Notice on New Trading Pairs & Trading Bots Services on Binance Spot - 2024-04-26","62faed659e60433f9203e8d654a1d8ba"
199064,1714033831996,"2024-04-25 08:30:31","BounceBit (BB) Megadrop Is Now Open: Subscribe to BNB Locked Products or Complete Web3 Quests to Participate!","a0a11e79467e4ee6a937348005f7c84f"
199187,1714374014640,"2024-04-29 07:00:14","Notice on New Trading Pairs & Trading Bots Services on Binance Spot - 2024-04-30","a6458369650445e4aebe208e1e14da89"
199239,1714449621471,"2024-04-30 04:00:21","Binance Futures Copy Trading Adds New USDⓈ-M Contracts (2024-04-30)","5a08e2ca72b74ceeae1320b823e6a8d6"
199251,1714456808602,"2024-04-30 06:00:08","Binance Futures Will Launch USDC-Margined ENA, ETHFI, and 1000BONK Perpetual Contracts With Up to 50x Leverage","5cbb189860c3412e8d526c7da7dae8c6"
199289,1714480333322,"2024-04-30 12:32:13","Binance Adds Renzo (REZ) on Earn, Buy Crypto, Convert, Margin & Futures","224f99b426e24c118e9ea00dae17446d"
199587,1715066119590,"2024-05-07 07:15:19","Notice on New Trading Pairs & Trading Bots Services on Binance Spot - 2024-05-08","fb150d24be2543229be84104258f8a2b"
199818,1715268300343,"2024-05-09 15:25:00","Introducing Notcoin (NOT) on Binance Launchpool! Farm NOT by Staking BNB and FDUSD","b78921ecf7c94e50973850fc47f497b9"
200004,1715597409947,"2024-05-13 10:50:09","Binance Adds BounceBit (BB) on Earn, Buy Crypto, Convert, Margin & Futures","7c0192c1c335464eb34596782d0022dc"
200120,1715673606116,"2024-05-14 08:00:06","Notice on New Trading Pairs & Trading Bots Services on Binance Spot - 2024-05-15","7dc77c7970b64299824baab0c9d51a90"
200160,1715680870580,"2024-05-14 10:01:10","Binance Futures Copy Trading Adds New USDⓈ-M Contracts (2024-05-14)","a3de0afbd69942b49275cdc3e5389672"
200456,1715846408830,"2024-05-16 08:00:08","Notice on New Trading Pairs & Trading Bots Services on Binance Spot - 2024-05-17","d670b4798af841be8bbc99ab832b89d8"
200507,1715862608558,"2024-05-16 12:30:08","Binance Adds Notcoin (NOT) on Earn, Buy Crypto, Convert, Margin & Futures","015be2e1ba0f4f9b808e382778ff927a"
200862,1716343210029,"2024-05-22 02:00:10","Notice on New Trading Pairs & Trading Bots Services on Binance Spot - 2024-05-23","f7c6bd7931db40aa83931556b5a43565"
201028,1716438981742,"2024-05-23 04:36:21","Introducing Lista (LISTA) on Binance Megadrop! Lock Your BNB and Complete Web3 Quests for Airdrop","1d721573862848678686e1b310ba80fc"
201086,1716516001720,"2024-05-24 02:00:01","Binance Adds USDC/TRY Spot Trading Pair with Trading Bots Services Enabled","8beda0700d01427b9290f88a275ecc79"
201394,1716890569458,"2024-05-28 10:02:49","Lista (LISTA) Megadrop Is Now Open: Subscribe to BNB Locked Products or Complete Web3 Quests to Participate!","181a7b54486d4d1a8f06d82567f5cf12"
201417,1716908402696,"2024-05-28 15:00:02","Notice on New Trading Pairs & Trading Bots Services on Binance Spot - 2024-05-29","fc696cf1f0824e67ba47c64b0257e8f2"
201543,1716975423550,"2024-05-29 09:37:03","Notice on New Trading Pairs & Trading Bots Services on Binance Spot - 2024-05-30","98f9b9c9349647d191c87701d5ec03ef"
201658,1717052402916,"2024-05-30 07:00:02","Binance Adds USDT/COP Spot Trading Pair with Trading Bots Services Enabled","6dee757613ae487eba9df39c74818a99"
201663,1717075701188,"2024-05-30 13:28:21","Binance Futures Will Launch USDT-Margined TURBO Perpetual Contract With Up to 50x Leverage","03b61187504b4a6fb6b48b63c47f6440"
201986,1717493420530,"2024-06-04 09:30:20","Notice on New Trading Pairs & Trading Bots Services on Binance Spot - 2024-06-05","4ed662d670cd4ee7a49fbb62f410f2be"
202145,1717567201921,"2024-06-05 06:00:01","Notice on New Trading Pairs Services on Binance Spot Copy Trading - 2024-06-07","5f0ef824e63b4eb4b60e608f213a4651"
202260,1717648566493,"2024-06-06 04:36:06","Introducing IO.NET (IO) on Binance Launchpool! Farm IO by Staking BNB and FDUSD","6556e3b5aae54c76adb0fd267b105a15"
202441,1718085691869,"2024-06-11 06:01:31","Binance Futures Copy Trading Adds New USDⓈ-M Contracts (2024-06-11)","d07f522c79c54d56ae7c2256cdc7c8ec"
202473,1718109021402,"2024-06-11 12:30:21","Binance Adds IO.NET (IO) on Earn, Buy Crypto, Convert, Margin & Futures","fe0705593c6a4e6a89151aa58c8e343e"
202634,1718179211366,"2024-06-12 08:00:11","Notice on New Trading Pairs & Trading Bots Services on Binance Spot - 2024-06-13","e37f12aebb9d412ca22a5492bc76599c"
203002,1718589610865,"2024-06-17 02:00:10","Binance Will List ZKsync (ZK) with ZK Token Distribution Program","d87a9b01d6634ad1a36d984cc54595ee"
203108,1718620201835,"2024-06-17 10:30:01","Binance Adds ZKsync (ZK) on Earn, Margin & Futures","930d39a6eb144517ab7c39ee559c689a"
203135,1718625601864,"2024-06-17 12:00:01","Binance Futures Will Launch USDⓈ-M MEW Perpetual Contract With Up to 50x Leverage","a24509568bee43f48fa46501ecfb2264"
203163,1718679607875,"2024-06-18 03:00:07","Binance Margin Adds New FDUSD, USDC, and USDT Pairs - 2024-06-18","d9aba607bf2f4d41ac97d1c22ea41dea"
203249,1718762409875,"2024-06-19 02:00:09","Notice on New Trading Bots Services on Binance Spot - 2024-06-20","f5aaef217151492fa27deff928fc9a89"
203303,1718769601758,"2024-06-19 04:00:01","Binance Futures Will List USDⓈ-M & COIN-M Quarterly 1227 Delivery Contracts","41d6514883444ea39b7324859e937c31"
203612,1718864370953,"2024-06-20 06:19:30","Binance Will List LayerZero (ZRO) with Seed Tag Applied","28a21b10ed23416386b40d263b71cd99"
203678,1718879401842,"2024-06-20 10:30:01","Binance Adds Lista (LISTA) on Earn, Buy Crypto, Convert, Margin & Futures","6f7bdac5744c4a109b1042496764df91"
203707,1718890204024,"2024-06-20 13:30:04","Binance Adds LayerZero (ZRO) on Earn, Buy Crypto, Convert, Margin & Futures","09bdfa5901c94bf6a4e60ab66078a75c"
203734,1718892010510,"2024-06-20 14:00:10","Notice on New Trading Pairs & Trading Bots Services on Binance Spot - 2024-06-21","40379d0ab5d74070b4f22a648d34b507"
203998,1719284408864,"2024-06-25 03:00:08","Binance Futures Copy Trading Adds New USDⓈ-M Contract (2024-06-25)","97acab6abe1641669c1c1ccf34dd0ee6"
204172,1719540001487,"2024-06-28 02:00:01","Binance Margin Adds New FDUSD Pairs - 2024-06-28","8cc00ce19059474c8f41bd00c04da22e"
204334,1719824419063,"2024-07-01 09:00:19","Binance Futures Will Launch USDC-Margined CRV Perpetual Contract With Up to 25x Leverage","122a108c48cf4903bb110719820d0d46"
204430,1719892809548,"2024-07-02 04:00:09","Binance Futures Copy Trading Adds New USDⓈ-M Contract (2024-07-02)","9094a346e748430ab65a864f01ac8755"
204479,1719919686593,"2024-07-02 11:28:06","Notice on New Trading Pairs & Trading Bots Services on Binance Spot - 2024-07-03","3e8e2c2f5a264d51aa9370bfc7c86479"
204954,1720494002020,"2024-07-09 03:00:02","Binance Margin Adds New USDC Pairs - 2024-07-09","f3a9ec262a2843d1932104bffd1454e9"
205283,1720683003148,"2024-07-11 07:30:03","Notice on New Trading Pairs & Trading Bots Services on Binance Spot - 2024-07-12","1c535caf1d4b4df4abe14c50a85e3eac"
205654,1721095210497,"2024-07-16 02:00:10","Binance Futures Will Launch WIFUSD COIN-M Perpetual Contract with up to 20x Leverage","64930299daa74858b00fa06f73d823b2"
205884,1721224018872,"2024-07-17 13:46:58","Notice on New Trading Pairs & Trading Bots Services on Binance Spot - 2024-07-18","3d90de1ef48149d0bb176879433b6856"
206015,1721271602678,"2024-07-18 03:00:02","Binance Margin Adds New USDC Pairs - 2024-07-18","8d1fb50cdcf04e5881c194e8113e002f"
206046,1721321160825,"2024-07-18 16:46:00","Introducing Banana Gun (BANANA) on Binance HODLer Airdrops! Subscribe your BNB to Simple Earn","252eaa5e7a8646e6a4461f6057a06af4"
206173,1721377802780,"2024-07-19 08:30:02","Binance Adds Gravity (G) on Earn, Buy Crypto, Convert, & Margin","afd89bb89101418eb73f3815ffc4347f"
206255,1721468102444,"2024-07-20 09:35:02","Binance Adds Banana Gun (BANANA) on Earn, Buy Crypto, Convert & Margin","54c26f0a5b454530a7573f8317b5a334"
206383,1721703611603,"2024-07-23 03:00:11","Binance Options Will List BTCUSDT and ETHUSDT 2024-11-08 Expiry Options","09bc413524f04c6296e2b009b498c805"
206452,1721793607759,"2024-07-24 04:00:07","Binance Margin Adds New USDC Pairs - 2024-07-24","6c5b18de5a434337ab52d80d5fb6c03f"
206604,1721982605766,"2024-07-26 08:30:05","Binance Adds Render (RENDER) on Earn, Buy Crypto, Convert, Margin & Futures","3e0b3e47a09c4e7ea6963d467c1eec28"
206789,1722391202937,"2024-07-31 02:00:02","Binance Margin Adds New USDC Pairs - 2024-07-31","38d1ffe3bdc34e3fac7ce611bbd5d989"
207258,1722913201749,"2024-08-06 03:00:01","Binance Futures Copy Trading Adds New USDⓈ-M Contract (2024-08-06)","fd93247c0c6345aeb6d2d1d340787dcf"
207355,1723095568744,"2024-08-08 05:39:28","Binance Will List Toncoin (TON) with Seed Tag Applied","abba626aa0974b828f91c166bdc12afd"
207354,1723104057596,"2024-08-08 08:00:57","Binance Futures Will Launch SOLUSD COIN-M Quarterly and Bi-Quarterly Contracts with up to 20x Leverage","d823b1dff6284729b9a56d0a2ea208ef"
207430,1723113005368,"2024-08-08 10:30:05","Binance Adds Toncoin (TON) on Earn, Buy Crypto, Convert & Margin","de3c049923cc4a17a7e36cc16959469f"
207714,1723551163618,"2024-08-13 12:12:43","Introducing Toncoin (TON) on Binance Launchpool and Super Earn! Farm TON by Staking BNB, FDUSD, and TON","94400db7b1934344aadf944166015715"
207775,1723597201352,"2024-08-14 01:00:01","Notice on New Trading Pairs & Trading Bots Services on Binance Spot - 2024-08-16","a9146c3d828b4caf978023bf9c169409"
207888,1723636805633,"2024-08-14 12:00:05","Binance Futures Will Launch USDⓈ-M BANANA Perpetual Contract With Up to 50x Leverage","78925b1330584febb9baca0b45ac8e40"
207979,1723712406380,"2024-08-15 09:00:06","Binance Futures Will Launch USDⓈ-Margined G and RARE Perpetual Contracts With Up to 50x Leverage","44bfa36ce0014714bbe2ee096d94d982"
208136,1723797002091,"2024-08-16 08:30:02","Binance Futures Will Launch USDⓈ-Margined SYN Perpetual Contract With up to 50x Leverage","016d5773ad3b4d27bb17266161e130a3"
208212,1724050808420,"2024-08-19 07:00:08","Binance Futures Will Launch USDⓈ-Margined SYS Perpetual Contract With up to 50x Leverage","c580a3bfd1624636849e277ac9b97a4f"
208450,1724142606175,"2024-08-20 08:30:06","Binance Futures Will Launch USDⓈ-Margined VOXEL Perpetual Contract With up to 50x Leverage","e1ed21ef41494e02ae5c2c4cde57c766"
208476,1724144406102,"2024-08-20 09:00:06","Binance Futures Will Launch USDⓈ-Margined BRETT Perpetual Contract With up to 50x Leverage","679489378226489d8247e4bd3cd5352a"
208504,1724172121684,"2024-08-20 16:42:01","Introducing Dogs (DOGS) on Binance Launchpool! Farm DOGS by Staking BNB and FDUSD","fc967d5825774984829b96943a42fadf"
208539,1724205602004,"2024-08-21 02:00:02","Notice on New Trading Pairs & Trading Bots Services on Binance Spot - 2024-08-22","1d8ee71334c64195bee82d96f1f4ee47"
208718,1724315403052,"2024-08-22 08:30:03","Binance Futures Will Launch USDⓈ-Margined ALPACA Perpetual Contract With up to 75x Leverage","f8b2f7930f6149f29a6dbc3452da0820"
208745,1724325882887,"2024-08-22 11:24:42","Binance Futures Will Launch USDⓈ-Margined POPCAT and SUN Perpetual Contracts With Up to 75x Leverage","adac46dd47b142aebfa1c003c17af568"
208820,1724398202567,"2024-08-23 07:30:02","Binance Futures Will Launch USDⓈ-Margined VIDT Perpetual Contract With up to 75x Leverage","a4e1e35e26b34b6ebbf808cb8ac676d2"
208960,1724655603568,"2024-08-26 07:00:03","Binance Will List Eurite (EURI) and Introduce EURI Zero Trading Fee Promotions","e8c6134371e945df961ae1854e863a62"
208987,1724657401732,"2024-08-26 07:30:01","Binance Futures Will Launch USDⓈ-Margined NULS and DOGS Perpetual Contracts With up to 75x Leverage","54cf9ec60fc244e3af12beb950e764bd"
209057,1724676031569,"2024-08-26 12:40:31","Binance Adds Dogs (DOGS) on Earn, Buy Crypto, Convert & Margin","a0a390548cb64c47a97fef0958270f3b"
209225,1724756404423,"2024-08-27 11:00:04","Notice on New Trading Pairs & Trading Bots Services on Binance Spot - 2024-08-28","4d161380c70044f98a24bd23ae840b9c"
209368,1724833804725,"2024-08-28 08:30:04","Binance Futures Will Launch USDⓈ-Margined MBOX Perpetual Contract With up to 75x Leverage","6d9d629b06cc4e958ff964000f7e0dfd"
209462,1724913004048,"2024-08-29 06:30:04","Binance Futures Will Launch USDⓈ-Margined CHESS Perpetual Contract With up to 75x Leverage","93680bfd97264b48ae322fddd9f76723"
209576,1724983202100,"2024-08-30 02:00:02","Binance Margin Adds New Trading Pairs - 2024-08-30","6d101ebc8ec44e079eff3708e5275ddf"
209683,1725007887444,"2024-08-30 08:51:27","Binance Adds Self Chain (SLF) on Earn, Buy Crypto, Convert & Margin","f4d0fc9e26a448f0bae93d490f11f7e3"
209982,1725343224305,"2024-09-03 06:00:24","Binance Futures Will Launch USDⓈ-Margined FLUX Perpetual Contract With up to 75x Leverage","a94c75d222eb4eeab209f805ecc1dd85"
210009,1725350404008,"2024-09-03 08:00:04","Notice on New Trading Pairs & Trading Bots Services on Binance Spot - 2024-09-04","876b3108970d44d8925d005d624ff16b"
210298,1725512404575,"2024-09-05 05:00:04","Binance Futures Will Launch USDⓈ-Margined BSW Perpetual Contract With up to 75x Leverage","8313dd4c2dcd4285806f9b57c063154a"
210350,1725523209634,"2024-09-05 08:00:09","Binance Futures Will Launch DOGSUSD COIN-M Perpetual Contract with up to 20x Leverage","13f1544b6ee84b0baa9a6d94fba1d024"
210403,1725595201777,"2024-09-06 04:00:01","Binance Futures Will Launch USDⓈ-Margined QUICK Perpetual Contract With up to 75x Leverage","bf54c97c02e146848eb2c4584849a207"
210555,1725609608250,"2024-09-06 08:00:08","Binance Margin Adds New Trading Pairs - 2024-09-06","834fdaa57a6846dc8e6ee87a61c6316a"
210618,1725627615089,"2024-09-06 13:00:15","Binance Futures Will Launch USDⓈ-Margined NEIROETH Perpetual Contract With up to 75x Leverage","30544d1d081a440eb05b576f4c80158c"
210740,1725877801244,"2024-09-09 10:30:01","Binance Futures Will Launch USDⓈ-Margined RPL Perpetual Contract With up to 75x Leverage","1aa255e593f140c3a7d76f543ed4a540"
210784,1725948005849,"2024-09-10 06:00:05","Binance Futures Copy Trading Adds New USDⓈ-M Contract (2024-09-10)","f4fd3168e4a54dd0950bc5d0b3af085b"
210814,1725963306091,"2024-09-10 10:15:06","Binance Futures Will Launch USDⓈ-Margined AERGO Perpetual Contract With up to 75x Leverage","de870af81e8d42cd903b84a97fa5bc91"
211052,1726124406011,"2024-09-12 07:00:06","Notice on New Trading Bots Services on Binance Spot - 2024-09-13","8ad95a9dd0c04b6fbe41beb7372175d9"
211120,1726151408197,"2024-09-12 14:30:08","Binance Futures Will Launch SUIUSD COIN-M Perpetual Contract With up to 20x Leverage","5e66b14b9d66442b9d10e087779a8a1b"
211155,1726153299022,"2024-09-12 15:01:39","Introducing Hamster Kombat (HMSTR) on Binance Launchpool and Super Earn!","4ff1ed79c8e44acfba1d8f4e5a23dd64"
211209,1726219804612,"2024-09-13 09:30:04","Binance Will Add Polygon (POL) on Earn, Buy Crypto, Convert, Margin & Futures","36118ab7d3684330ac7113fe489b4827"
211264,1726230768590,"2024-09-13 12:32:48","Introducing Catizen (CATI) on Binance Launchpool! Farm CATI by Locking BNB and FDUSD","03b4921a44644da2880a290c0e254140"
211291,1726405472169,"2024-09-15 13:04:32","Binance Futures Will Launch USDⓈ-Margined UXLINK Perpetual Contract With up to 75x Leverage","9b691e1dece149c08d5fc0918d4bb9fb"
211378,1726465502167,"2024-09-16 05:45:02","Binance Will List First Neiro on Ethereum (NEIRO), Turbo (TURBO), and Baby Doge Coin (1MBABYDOGE) with Seed Tag Applied","4336ae4908154736acff8302509f7a05"
211431,1726475435843,"2024-09-16 08:30:35","Binance Futures Will Launch USDⓈ-Margined NEIROUSDT and 1MBABYDOGEUSDT Perpetual Contracts With up to 75x Leverage","7fc53c11624b4d788fa97521a3480cda"
211457,1726479005742,"2024-09-16 09:30:05","Binance Will Add First Neiro on Ethereum (NEIRO), Turbo (TURBO) and Baby Doge Coin (1MBABYDOGE) on Earn, Buy Crypto, Convert & Margin","fd53073fa21b4b389c989b4654b219f1"
211484,1726482602376,"2024-09-16 10:30:02","Binance Futures Will Launch USDⓈ-Margined CATIUSDT and HMSTRUSDT Perpetual Contracts With up to 75x Leverage","cc509cb14e244c4b9be2cea3b0998bcd"
211820,1726659001250,"2024-09-18 11:30:01","Binance Futures Will Launch USDⓈ-Margined KDAUSDT Perpetual Contract With up to 75x Leverage","abfcc4f0f4424827925ab6280e02d989"
211991,1726741822746,"2024-09-19 10:30:22","Binance Futures Will Launch USDⓈ-Margined FIDAUSDT Perpetual Contract With up to 75x Leverage","967f02731484419086c460185c1be4f8"
212069,1726808422146,"2024-09-20 05:00:22","Binance Futures Will List USDⓈ-M & COIN-M Quarterly 0328 Delivery Contracts","f2338846942d48daa4f9395173727f4c"
212122,1726822804324,"2024-09-20 09:00:04","Binance Will Add Catizen (CATI) on Earn, Buy Crypto, Convert & Margin","5e1c8e274e92474b9110518b94df49ac"
212125,1726824612129,"2024-09-20 09:30:12","Binance Futures Will Launch USDⓈ-Margined FIOUSDT Perpetual Contract With up to 75x Leverage","6313150ba4994a3db95d7685931e81be"
212426,1727089206478,"2024-09-23 11:00:06","Binance Futures Will Launch USDⓈ-Margined GHSTUSDT Perpetual Contract With up to 75x Leverage","5525973324074b1bb539bbf44ced52af"
212504,1727170211745,"2024-09-24 09:30:11","Binance Futures Will Launch USDⓈ-Margined LOKAUSDT Perpetual Contract With up to 75x Leverage","c89673cbbb594b24b4b00e482c65b694"
212528,1727172009113,"2024-09-24 10:00:09","Notice on New Trading Pairs & Trading Bots Services on Binance Spot - 2024-09-25","0ce0987bef4f4be0b9e63aa40b5a1b04"
212774,1727350206921,"2024-09-26 11:30:06","Binance Will Add Hamster Kombat (HMSTR) on Earn, Buy Crypto, Convert & Margin","079dd8fb383a49c698ac7a07e2164bcc"
212985,1727409606613,"2024-09-27 04:00:06","Binance Futures Will Launch WLDUSD COIN-M Perpetual Contract with up to 20x Leverage","34fc911f43354c4bb61c18e580405c48"
213035,1727427603823,"2024-09-27 09:00:03","Binance Futures Will Launch USDⓈ-Margined REIUSDT Perpetual Contract With up to 75x Leverage","a066420d0be84b5c9318e6603c33974e"
213198,1727684397115,"2024-09-30 08:19:57","Binance Will List EigenLayer (EIGEN) with Seed Tag Applied","29494a3db1034233b65522b9e122d079"
213249,1727692857877,"2024-09-30 10:40:57","Binance Futures Will Launch USDⓈ-Margined COSUSDT Perpetual Contract With up to 75x Leverage","525dd04788a54d1eb762330ab7808b82"
213298,1727755206794,"2024-10-01 04:00:06","Binance Will Add EigenLayer (EIGEN) on Earn, Buy Crypto, Convert, Margin & Futures","f48ad0ca3f934e578fda9cd4c8b64b74"
213377,1727776800000,"2024-10-01 10:00:00","Notice on New Trading Pairs & Trading Bots Services on Binance Spot - 2024-10-02","c695fd51898341b0bfd6aa02a805015f"
213581,1727865144788,"2024-10-02 10:32:24","Binance Futures Will Launch USDⓈ-Margined DIAUSDT Perpetual Contract With up to 75x Leverage","b2552cf226ed409990663ea2a8fc089f"
214094,1728375333000,"2024-10-08 08:15:33","Introducing Scroll (SCR) on Binance Launchpool and Pre-Market!","22df1ba38f4a4033924a1adecf93735e"
214289,1728457213876,"2024-10-09 07:00:13","Binance Will List Binance Staked SOL (BNSOL) and Introduce BNSOL Boosted APR Promotion","56398cfbd9c4419d9c0b54a0d1da2a7b"
214361,1728545405645,"2024-10-10 07:30:05","Binance Will Add Binance Staked SOL (BNSOL) on Earn, Convert & Margin","f6d2a85234594827b9e078bfed5e72c3"
214390,1728614289121,"2024-10-11 02:38:09","Notice on New Trading Bots Services on Binance Spot - 2024-10-11","3e2d0a814a344e71b8e59e2e82bde6ab"
214550,1728979209984,"2024-10-15 08:00:09","Notice on New Trading Pairs & Trading Bots Services on Binance Spot - 2024-10-16","60c0525da44448f9907322f23098c045"
214749,1729062001941,"2024-10-16 07:00:01","Notice on New Trading Pairs & Trading Bots Services on Binance Spot and Margin - 2024-10-17","b1e67c2d4e8e4807a5592ccd6c559155"
214841,1729214529998,"2024-10-18 01:22:09","Binance Will End the Scroll (SCR) Pre-Market and List Scroll (SCR) with Seed Tag Applied","765ca1b5b58848fd88c9ee3684b91201"
214915,1729238405403,"2024-10-18 08:00:05","Binance Has Added Binance Staked SOL (BNSOL) on Auto-Invest, Buy Crypto & Loans","31020fc6cfab4ff18867a0dc3c33e52f"
214941,1729240205707,"2024-10-18 08:30:05","Binance Will Add Lumia (LUMIA) on Earn, Buy Crypto, Convert & Margin","a6d2ae0b765c4bb79b192f3904fc5757"
215164,1729506638455,"2024-10-21 10:30:38","Binance Futures Will Launch USDⓈ-Margined 1000CATUSDT Perpetual Contract With up to 75x Leverage","ed43b9b4d8f8471087b6d200bffcb4ff"
215222,1729585806416,"2024-10-22 08:30:06","Binance Will Add Scroll (SCR) on Earn, Buy Crypto, Convert, Margin & Futures","4e1e3eda477349068ecec191a7b16c5b"
215677,1729769672095,"2024-10-24 11:34:32","Binance Futures Will Launch USDⓈ-Margined GOATUSDT Perpetual Contract With up to 75x Leverage","ff1a4c64f1aa4fef870adc7ef802d700"
215707,1729843231189,"2024-10-25 08:00:31","Binance Futures Will Launch USDⓈ-Margined MOODENGUSDT Perpetual Contract With up to 75x Leverage","5e93f7cd3f9a47e194085f969ac57b85"
215763,1729852200674,"2024-10-25 10:30:00","Binance Futures Will Launch USDⓈ-Margined SAFEUSDT Perpetual Contract With up to 75x Leverage","7b091f5c38324434a9bdd252e4788442"
215898,1730116800976,"2024-10-28 12:00:00","Binance Futures Will Launch USDⓈ-Margined SANTOSUSDT Perpetual Contract With up to 75x Leverage","dbd05b4f89ae4974912d790eba516b4c"
215934,1730167208125,"2024-10-29 02:00:08","Binance Futures Copy Trading Adds New USDⓈ-M Perpetual Contracts (2024-10-29)","1956ee23ec9f49eab2323a33852caf3b"
216184,1730359816080,"2024-10-31 07:30:16","Binance Will Add Kaia (KAIA) on Earn, Buy Crypto, Convert, and Margin","d898f94ad35b478a8f60e12025c8ea2b"
216263,1730372403363,"2024-10-31 11:00:03","Binance Futures Will Launch USDⓈ-Margined TROYUSDT Perpetual Contract With up to 75x Leverage","bab086aed6a2414a8de85e45b6f54714"
216392,1730716223083,"2024-11-04 10:30:23","Binance Futures Will Launch USDⓈ-Margined PONKEUSDT Perpetual Contract With up to 75x Leverage","a55d38732b34452ab9f78ac8832af59c"
216417,1730790010168,"2024-11-05 07:00:10","Binance Futures Copy Trading Adds New USDⓈ-M Perpetual Contracts (2024-11-05)","2f31d829c9154042888b906d8b04f004"
216473,1730869807602,"2024-11-06 05:10:07","Binance Will List Cow Protocol (COW) and Cetus Protocol (CETUS) with Seed Tag Applied","2faa229be2ba4b758bbeb1859f63ba36"
216599,1730892607366,"2024-11-06 11:30:07","Binance Will Add Cow Protocol (COW) and Cetus Protocol (CETUS) on Earn, Buy Crypto, Convert, Margin & Futures","d19f7ec8ab8349fba6fd3749a80e07c9"
216744,1730975333236,"2024-11-07 10:28:53","Binance Futures Will Launch USDⓈ-Margined 1000000MOGUSDT Perpetual Contract With up to 75x Leverage","209355888f0042f788899dd1a04a0052"
216852,1731074582460,"2024-11-08 14:03:02","Binance Futures Will Launch USDⓈ-Margined GRASSUSDT, DRIFTUSDT, and SWELLUSDT Perpetual Contracts With up to 75x Leverage","8f3b03e494c94360b9985edc5402fbac"
216994,1731303569462,"2024-11-11 05:39:29","Binance Will List Act I : The AI Prophecy (ACT) and Peanut the Squirrel (PNUT) with Seed Tag Applied","d16d96c136154680a6373225d592bca1"
217041,1731317423797,"2024-11-11 09:30:23","Binance Will Add Act I : The AI Prophecy (ACT) and Peanut the Squirrel (PNUT) on Earn, Buy Crypto, Convert, Margin & Futures","f689ebe21cdb4eda91bd0071de48e6f8"
217145,1731402006478,"2024-11-12 09:00:06","Notice on New Trading Pairs & Trading Bots Services on Binance Spot - 2024-11-13","59687cb3396e469cb602d286e8d74088"
217261,1731493800839,"2024-11-13 10:30:00","Binance Futures Will Launch USDⓈ-Margined HIPPOUSDT and 1000XUSDT Perpetual Contract With up to 75x Leverage","220339ba12bd451c8362ad8501ea87e9"
217379,1731569529354,"2024-11-14 07:32:09","Introducing Usual (USUAL) on Binance Launchpool and Pre-Market!","7c4bf0dac2de4842984fc7c066204b05"
217413,1731574815563,"2024-11-14 09:00:15","Notice on New Trading Pairs & Trading Bots Services on Binance Spot - 2024-11-15","b50b0a2d80024a8b8765af2eb8560cd0"
217499,1731663013144,"2024-11-15 09:30:13","Binance Futures Will Launch USDⓈ-Margined DEGENUSDT Perpetual Contract With up to 75x Leverage","e25f171ca86342e9b7c160cc1697a090"
217573,1731906001533,"2024-11-18 05:00:01","Binance Margin Adds New USDC Pairs - 2024-11-18","8061c9b481244c88be73a68980db5761"
217630,1731922212272,"2024-11-18 09:30:12","Binance Futures Will Launch USDⓈ-Margined BANUSDT and AKTUSDT Perpetual Contracts With up to 75x Leverage","f6577bdd30d542e0af4f76a14dfeb241"
217727,1732006802967,"2024-11-19 09:00:02","Notice on New Trading Pairs & Trading Bots Services on Binance Spot - 2024-11-20","67e7da69b8e541c1bfacac7f43f75d78"
217887,1732096809305,"2024-11-20 10:00:09","Notice on New Trading Pairs & Trading Bots Services on Binance Spot - 2024-11-22","72ba79e3212848bcb6aba53eb6e55d4c"
217985,1732181402071,"2024-11-21 09:30:02","Binance Futures Will Launch USDⓈ-Margined SLERFUSDT and SCRTUSDT Perpetual Contracts With up to 75x Leverage","c214b24b9f004196aa12fb1e6736572b"
218065,1732501821187,"2024-11-25 02:30:21","Binance Margin Adds New USDC Pairs - 2024-11-25","cb5e509a881640938eaa1eca26b4b413"
218165,1732510801511,"2024-11-25 05:00:01","Binance Options Will Launch BNBUSDT and SOLUSDT Monthly Options","02067834ba564042aa7e5f0d30eb2731"
218188,1732527302268,"2024-11-25 09:35:02","Binance Futures Will Launch USDⓈ-Margined 1000WHYUSDT and 1000CHEEMSUSDT Perpetual Contracts With up to 75x Leverage","3dd2c1e3f5f040ac9f7a94c6597ef842"
218294,1732607852153,"2024-11-26 07:57:32","Introducing Thena (THE) on Binance HODLer Airdrops! Subscribe your BNB to Simple Earn","7c06e61804694408b3401e0a380f954f"
218416,1732694432674,"2024-11-27 08:00:32","Notice on New Trading Pairs and Trading Bots Services on Binance Spot - 2024-11-28 and 2024-11-29","87748909170b4c0bada2aeac2447aa70"
218444,1732699831890,"2024-11-27 09:30:31","Binance Will Add Thena (THE) on Earn, Buy Crypto, Convert, Margin & Futures","e5a9c33ac55043808e202dde68774ac2"
218471,1732710701624,"2024-11-27 12:31:41","Binance Futures Will Launch USDⓈ-Margined MORPHOUSDT and CHILLGUYUSDT Perpetual Contracts With up to 75x Leverage","7700345477ea4c0fb89b1ddce0d28979"
218915,1733211012825,"2024-12-03 07:30:12","Binance Futures Copy Trading Adds New USDⓈ-M Perpetual Contracts (2024-12-03)","c04318cda6bc4fa6865235f1dfa77dba"
218928,1733212803588,"2024-12-03 08:00:03","Notice on New Trading Pairs & Trading Bots Services on Binance Spot - 2024-12-04","6be3b4cf73684f4a89be236abb0fe61f"
219071,1733313823583,"2024-12-04 12:03:43","Binance Futures Will Launch USDⓈ-Margined KAIAUSDT and AEROUSDT Perpetual Contracts With up to 75x Leverage","beac1e0a0edf4fe69d5e5c45f9d60343"
219122,1733385601771,"2024-12-05 08:00:01","Notice on New Trading Pairs & Trading Bots Services on Binance Spot - 2024-12-06","aa40cb409c5444068432164c3c916f3a"
219276,1733474058953,"2024-12-06 08:34:18","Binance Will List Across Protocol (ACX) and Orca (ORCA) with Seed Tag Applied","b8b988973b88493192f2e43ba26da331"
219327,1733488747249,"2024-12-06 12:39:07","Binance Will Add Across Protocol (ACX) and Orca (ORCA) on Earn, Buy Crypto, Convert, Margin & Futures","bb1e28bf562341cfbd67791081533fa0"
219471,1733732956897,"2024-12-09 08:29:16","Introducing Movement (MOVE) on Binance HODLer Airdrops! Subscribe your BNB to Simple Earn","8a585286abc547d293e269beeb6b9bf3"
219510,1733744707679,"2024-12-09 11:45:07","Movement (MOVE) Listing Will Be Advanced","601c0c23d12e40ee80310ac5e7c6369e"
219513,1733746147487,"2024-12-09 12:09:07","Binance Will Add Movement (MOVE) on Earn, Buy Crypto, Convert, Margin & Futures","5cbdc8e506644364a281d614a19afbb6"
219677,1733815340546,"2024-12-10 07:22:20","Binance Will List Magic Eden (ME) with Seed Tag Applied","d4f72bdd82d44a0591ee40d41f0b44d5"
219709,1733822380056,"2024-12-10 09:19:40","Binance Futures Will Launch USDⓈ-Margined RAYSOLUSDT, KOMAUSDT, VIRTUALUSDT, and SPXUSDT Perpetual Contracts With up to 75x Leverage","43f5771df16344a8b5ce26f67d21fc0d"
219706,1733824810548,"2024-12-10 10:00:10","Notice on New Trading Pairs & Trading Bots Services on Binance Spot - 2024-12-11","051dfa3148cb43b5a607ca7a1346fbbf"
219757,1733841398159,"2024-12-10 14:36:38","Binance Will Add Magic Eden (ME) on Earn, Buy Crypto, Convert, Margin & Futures","be101092b6504392b745ec749af79031"
220110,1733994012484,"2024-12-12 09:00:12","Notice on New Trading Pairs & Trading Bots Services on Binance Spot - 2024-12-13","0c818324015c433792de5049cd5d0f40"
220167,1733996345064,"2024-12-12 09:39:05","Binance Will End the Usual (USUAL) Pre-Market and List Usual (USUAL) with Seed Tag Applied","6ee682ab593846d9be3e5cffcf7cfc8b"
220224,1734077277826,"2024-12-13 08:07:57","Binance Will List Velodrome Finance (VELODROME) with Seed Tag Applied","4f8e9e0b5dd54e9095b7d718f289d9d4"
220274,1734080388395,"2024-12-13 08:59:48","Introducing Vana (VANA) on Binance Launchpool! Farm VANA by Locking BNB and FDUSD","f6c4a4567f5c42d2b0f632bfcdf89093"
220330,1734086380907,"2024-12-13 10:39:40","Binance Futures Will Launch USDⓈ-Margined AVAUSDT and DEGOUSDT Perpetual Contracts With up to 75x Leverage","a0f34963d1024f0b898eedc18f45d416"
220356,1734096627605,"2024-12-13 13:30:27","Binance Will Add Velodrome Finance (VELODROME) on Earn, Buy Crypto, Convert, Margin & Futures","d45af0db38904614a6575400b3602940"
220594,1734340783453,"2024-12-16 09:19:43","Binance Futures Will Launch USDⓈ-Margined MOCAUSDT Perpetual Contract With up to 75x Leverage","ac2a521d90164583bffd0a1be79e4d1f"
220591,1734346825106,"2024-12-16 11:00:25","Binance Will Add Vana (VANA) on Earn, Buy Crypto, Convert, Margin & Futures","24f9e187cbe845feba3e6e615c64e3c3"
220669,1734352605627,"2024-12-16 12:36:45","Introducing Simon's Cat (1000CAT) and Pudgy Penguins (PENGU) on Binance HODLer Airdrops!","b60b629a7396476ba3c3391b016074e1"
220761,1734424208879,"2024-12-17 08:30:08","Binance Will Add Simon's Cat (1000CAT) and Pudgy Penguins (PENGU) on Earn, Buy Crypto, Convert, Margin & Futures","c669e07a85214c55a4f15af7717675c6"
220963,1734507029325,"2024-12-18 07:30:29","Binance Futures Copy Trading Adds New USDⓈ-M Perpetual Contracts (2024-12-18)","24e4975699364cd59cfaf9dc70a6ca8f"
221018,1734512409815,"2024-12-18 09:00:09","Notice on New Trading Pairs & Trading Bots Services on Binance Spot - 2024-12-19","6ff8d2ec712e4ac99d2bb04eba20c6f6"
221079,1734514149028,"2024-12-18 09:29:09","Binance Futures Will Launch USDⓈ-Margined LUMIAUSDT Perpetual Contract With up to 75x Leverage","c6420ba80fe54282970e1d69cafa56a4"
221045,1734517803199,"2024-12-18 10:30:03","Binance Will Add Usual (USUAL) on Earn, Buy Crypto, Convert, Margin & Futures","c5454fe49a4343eb9a49b0e0350ce085"
221313,1734660004661,"2024-12-20 02:00:04","Binance Futures Will List USDⓈ-M & COIN-M Quarterly 0627 Delivery Contracts","b325289a041d497c8aa82a028d7ef49e"
221412,1734710650493,"2024-12-20 16:04:10","Binance Futures Will Launch USDⓈ-Margined AIXBTUSDT, FARTCOINUSDT, KMNOUSDT and CGPTUSDT Perpetual Contracts With up to 75x Leverage","804bea6cf51a4edc9079962ff77bb3b1"
221532,1734945318480,"2024-12-23 09:15:18","Binance Futures Will Launch USDⓈ-Margined HIVEUSDT Perpetual Contract With up to 75x Leverage","3711e9a08327401780ef31aea01ead1b"
221560,1734949152975,"2024-12-23 10:19:12","Introducing BIO Protocol (BIO) on Binance Launchpool! Farm BIO by Locking BNB and FDUSD","f4717985d5d549c8adf284ef4fbd9107"
221735,1735031705604,"2024-12-24 09:15:05","Binance Futures Will Launch USDⓈ-Margined DEXEUSDT Perpetual Contract With up to 75x Leverage","a9c8bddb0f544726b4401718ee116ba7"
221988,1735550106345,"2024-12-30 09:15:06","Binance Futures Will Launch USDⓈ-Margined PHAUSDT and DFUSDT Perpetual Contracts With up to 75x Leverage","17af86f7c0c645be8e37b5546279eca2"
222012,1735554177872,"2024-12-30 10:22:57","Introducing Solv Protocol (SOLV) on Binance Megadrop! Lock Your BNB and Complete Web3 Quests for Airdrop","9b675da32bea4c7d96e999e450e8a229"
222286,1735815037626,"2025-01-02 10:50:37","Binance Futures Will Launch USDⓈ-Margined GRIFFAINUSDT, AI16ZUSDT and ZEREBROUSDT Perpetual Contracts With up to 75x Leverage","2e58ae9924344fbf878fcd559bfdec81"
222488,1735896622068,"2025-01-03 09:30:22","Binance Will Add BIO Protocol (BIO) on Earn, Buy Crypto, Convert, Margin & Futures","18d55e705049436391711d031382860a"
222687,1736148898028,"2025-01-06 07:34:58","Solv Protocol (SOLV) Megadrop Is Now Open: Subscribe to BNB Locked Products or Complete Web3 Quests to Participate!","a8eebdf7ca1248f6923f98c8356ac2de"
222717,1736218809567,"2025-01-07 03:00:09","Binance Adds New JPY Spot Trading Pairs and Launches Zero Maker Fee Promotion","98ac4f6421514af08b064af39970a599"
222747,1736236804457,"2025-01-07 08:00:04","Notice on New Trading Pairs & Trading Bots Services on Binance Spot - 2025-01-08","d148374089e7453baf42e788c251245b"
222775,1736240280965,"2025-01-07 08:58:00","Binance Futures Will Launch USDⓈ-Margined COOKIEUSDT, ALCHUSDT, and SWARMSUSDT Perpetual Contracts With up to 75x Leverage","681bdbc5f5aa4f24bad0f4cd931c0670"
222844,1736312068898,"2025-01-08 04:54:28","Binance Futures Will Launch USDⓈ-Margined SONICUSDT Perpetual Contract With up to 75x Leverage","6bc1e2d898e7449da0f94fb63b7ff952"
222969,1736407805054,"2025-01-09 07:30:05","Binance Will Add Dar Open Network (D) on Earn, Buy Crypto, Convert, Margin & Futures","f65e93aea58b4b4398d89fd34eeaca10"
223008,1736416810331,"2025-01-09 10:00:10","Notice on New Trading Pairs & Trading Bots Services on Binance Spot - 2025-01-10","771899128b31492086b50c7b4b8e02d4"
223089,1736499327639,"2025-01-10 08:55:27","Binance Will List aixbt by Virtuals (AIXBT), ChainGPT(CGPT), Cookie DAO(COOKIE) with Seed Tag Applied","6a15c90f03434e5a8ff710b07ec9519e"
223117,1736512210013,"2025-01-10 12:30:10","Binance Will Add aixbt by Virtuals (AIXBT), ChainGPT (CGPT) and Cookie DAO (COOKIE) on Earn, Buy Crypto, Convert & Margin","fb01f607cf68476dbd22d88542026c10"
223231,1736827208343,"2025-01-14 04:00:08","Binance Options RFQ Adds SOLUSDT Options","2e211c0bc75244399f03acfb57b21bd3"
223237,1736838025041,"2025-01-14 07:00:25","Binance Futures Copy Trading Adds New USDⓈ-M Perpetual Contracts (2025-01-14)","b70c08ad32ac4816a4f283a3f31f2add"
223488,1736937009822,"2025-01-15 10:30:09","Binance Futures Will Launch USDⓈ-Margined PROMUSDT Perpetual Contract With up to 75x Leverage","cdaaf231d42d4946a755b31a85019526"
223546,1737012604757,"2025-01-16 07:30:04","Binance Will Add Sonic (S) on Earn, Buy Crypto, Convert, Margin & Futures","05b9dc1671fd4285b00268143d7894cc"
223751,1737106205001,"2025-01-17 09:30:05","Binance Will Add Solv Protocol (SOLV) on Earn, Buy Crypto, Convert, Margin & Futures","adec6c06e09549b69e2bea57b71530d7"
223855,1737108423396,"2025-01-17 10:07:03","Binance Futures Will Launch USDⓈ-Margined ARCUSDT and AVAAIUSDT Perpetual Contracts With up to 25x Leverage","8a43963ad2a748179893ed0b43e194ff"
223942,1737196991591,"2025-01-18 10:43:11","Binance Futures Will Launch USDⓈ-Margined TRUMPUSDT Perpetual Contract With up to 25x Leverage","82ac4437417c4876895c7262a4245bf0"
223961,1737259542151,"2025-01-19 04:05:42","Binance Will List OFFICIAL TRUMP (TRUMP) with Seed Tag Applied","098d3a7afe5244b5ba6ea728f933817f"
223988,1737274502690,"2025-01-19 08:15:02","Binance Will Add OFFICIAL TRUMP (TRUMP) on Earn, Buy Crypto, Convert & Margin","013d50a11bea4e0aaaed44d0a82e0aff"
224099,1737356113731,"2025-01-20 06:55:13","Binance Futures Will Launch USDⓈ-Margined MELANIAUSDT Perpetual Contract With up to 25x Leverage","4587fb07ff3d42af85f5ccfa94c2e97c"
224202,1737367204081,"2025-01-20 10:00:04","Notice on New Trading Pairs & Trading Bots Services on Binance Spot - 2025-01-21","cb593f11065649c19af3fdcff45b4e64"
224286,1737424802180,"2025-01-21 02:00:02","Binance Futures Copy Trading Adds New USDⓈ-M Perpetual Contracts (2025-01-21)","f270b39e583245ab9346369e9de191d2"
224401,1737531016033,"2025-01-22 07:30:16","Binance Futures Will Launch USDⓈ-Margined VTHOUSDT Perpetual Contract With up to 75x Leverage","8fec694cfde14cc281e66970b1ebb065"
224502,1737540163943,"2025-01-22 10:02:43","Introducing Animecoin (ANIME) on Binance HODLer Airdrops! Earn ANIME With Retroactive BNB Simple Earn Subscriptions","fe1f135ebcfd4668af8b4b8c629fbaf8"
224557,1737642618313,"2025-01-23 14:30:18","Binance Will Add Animecoin (ANIME) on Earn, Buy Crypto, Convert, Margin & Futures","eea7dab3f25d496c9762032957c15e56"
224634,1737702606449,"2025-01-24 07:10:06","Binance Futures Will Launch USDⓈ-Margined VINEUSDT and PIPPINUSDT Perpetual Contracts With up to 25x Leverage","75d358bf598e4c8d9b841961d78c14c2"
224864,1738129940129,"2025-01-29 05:52:20","Binance Futures Will Launch USDⓈ-Margined VVVUSDT Perpetual Contract With up to 25x Leverage","d07c58c0c6c6475f891161e77b4e6153"
225084,1738724435666,"2025-02-05 03:00:35","Notice on New Trading Bots Services on Binance Spot","3e12817dc6324ec18644b3b63ef9e9c6"
225175,1738757946573,"2025-02-05 12:19:06","Introducing Berachain (BERA) on Binance HODLer Airdrops! Earn BERA With Retroactive BNB Simple Earn Subscriptions","5a3a946a51674cc09132696645b42d79"
225224,1738845009657,"2025-02-06 12:30:09","Binance Will Add Berachain (BERA) on Earn, Buy Crypto, Convert, Margin & Futures","a670523adb5c4cd0b5b0df7ee3d79071"
225296,1739085031264,"2025-02-09 07:10:31","Binance Will List Cheems (1000CHEEMS) and Test (TST) with Seed Tag Applied","8aa1b6610a534fcb95b46956f2ed4391"
225322,1739097008532,"2025-02-09 10:30:08","Binance Will Add Cheems (1000CHEEMS) and Test (TST) on Earn, Buy Crypto, Convert, Margin & Futures","5c6d784eaa0845fb85625cacbce01821"
225453,1739250016796,"2025-02-11 05:00:16","Notice on New Trading Pairs & Trading Bots Services on Binance Spot - 2025-02-12","2f82fae4442e4240aaf7fb2759a62441"
225484,1739256209498,"2025-02-11 06:43:29","Introducing Solayer (LAYER) on Binance HODLer Airdrops! Subscribe your BNB to Simple Earn","f039547b84974b688a549d14779cebc4"
225510,1739280669974,"2025-02-11 13:31:09","Binance Will Add Solayer (LAYER) on Earn, Buy Crypto, Convert, Margin & Futures","70bd5e8039e94f60b7a34de4ff899d4a"
225745,1739431808945,"2025-02-13 07:30:08","Binance Will Add Heima (HEI) on Earn, Buy Crypto, Convert, Margin & Futures","60cb027222954753a79071e800303ae1"
225801,1739439910452,"2025-02-13 09:45:10","Binance Futures Will Launch USDⓈ-Margined B3USDT Perpetual Contract With up to 25x Leverage","10e7ffb4ea4c4b93a70b0fa55fbed8ce"
225900,1739459091469,"2025-02-13 15:04:51","Binance Futures Will Launch USDⓈ-Margined IPUSDT Perpetual Contract With up to 25x Leverage","1282745acaba40c78f68b6adbefe3bc9"
226097,1739761201071,"2025-02-17 03:00:01","Binance Adds New JPY Spot Trading Pairs and Launches Zero Maker Fee Promotion - 2025-02-20","f9349feb7cdd47deb88bb75cc0d5a703"
226229,1739786402921,"2025-02-17 10:00:02","Notice on New Trading Pairs & Trading Bots Services on Binance Spot - 2025-02-18","821e46444f9a4ed49af799dfba5b9dac"
226329,1739804936220,"2025-02-17 15:08:56","Binance Futures Will Launch USDⓈ-Margined GPSUSDT and SHELLUSDT Perpetual Contracts With up to 25x Leverage","11ee45a06d054e698f18fe1ed964b401"
226651,1739961066825,"2025-02-19 10:31:06","Introducing KAITO (KAITO) on Binance HODLer Airdrops! Earn KAITO With Retroactive BNB Simple Earn Subscriptions","270d00295b854230a4fae344b64f36b4"
226682,1740034816538,"2025-02-20 07:00:16","Binance Futures Copy Trading Adds New USDⓈ-M Perpetual Contracts (2025-02-20)","b27600586df14b3da0bdfc69cbc9dcda"
226768,1740054624762,"2025-02-20 12:30:24","Binance Will Add KAITO (KAITO) on Earn, Buy Crypto, Convert, Margin & Futures","58bb27fd01724c0e9fd575d97220a128"
226910,1740380401485,"2025-02-24 07:00:01","Notice on New Trading Pairs & Trading Bots Services on Binance Spot - 2025-02-25","a333ad23837648d78f6488c9dadef09e"
227075,1740474674392,"2025-02-25 09:11:14","Introducing RedStone (RED) on Binance Launchpool and Price Cap Mechanism for Binance Pre-Market","5e1eb05676a0492f889db144b46d439b"
227335,1740633320602,"2025-02-27 05:15:20","Introducing MyShell (SHELL) on Binance HODLer Airdrops! Earn SHELL With Retroactive BNB Simple Earn Subscriptions","ad59b678944f4f83a45119b984fa28db"
227476,1740659409887,"2025-02-27 12:30:09","Binance Will Add MyShell (SHELL) on Earn, Buy Crypto, Convert & Margin","fa99e46390d540c7adabea69ef5e0735"
227577,1740729609214,"2025-02-28 08:00:09","Binance Futures Will Launch USDⓈ-Margined Multiple Perpetual Contracts With up to 25x Leverage","79460a05e2194d44bf05d083563f4cf4"
227900,1741064401587,"2025-03-04 05:00:01","Notice on New Trading Bots Services on Binance Spot - 2025-03-05","acbb9ca588ab4f2c9d69d4d52cce6783"
227938,1741065531742,"2025-03-04 05:18:51","Introducing GoPlus Security (GPS) on Binance HODLer Airdrops! Earn GPS With Retroactive BNB Simple Earn Subscriptions","63c1fcf1009e4bf08dc486c0ef10917b"
227998,1741091406409,"2025-03-04 12:30:06","Binance Will Add GoPlus Security (GPS) on Earn, Buy Crypto, Convert & Margin","544ec0cc95b24e7b9c5936008a1fa5e9"
228182,1741162502003,"2025-03-05 08:15:02","Binance Will End the RedStone (RED) Pre-Market and List RedStone (RED) with Seed Tag Applied","8665b792cf804a57bb01b6ea11772746"
228414,1741272949812,"2025-03-06 14:55:49","Binance Will Continue to List RedStone (RED)","bae31a13e0834bdfaa5ccb867f11e691"
228385,1741275013807,"2025-03-06 15:30:13","Binance Will Add RedStone (RED) on Earn, Buy Crypto, Convert, Margin & Futures","0eea4776207b4e27b8cf15d917bdc94c"
228628,1741597207932,"2025-03-10 09:00:07","Notice on New Trading Pairs & Trading Bots Services on Binance Spot - 2025-03-11","cafff638487a46e7a83c6527635cc0c4"
228941,1741762801732,"2025-03-12 07:00:01","Notice on New Trading Pairs & Trading Bots Services on Binance Spot - 2025-03-13","6856c8862afd406f92fe8efe6f9bc6b6"
229013,1741791567497,"2025-03-12 14:59:27","Binance Futures Will Launch USDⓈ-Margined VICUSDT Perpetual Contract With Up To 75x Leverage","08e0ea0b2c534dffab50f42c3776895c"
229132,1741851013944,"2025-03-13 07:30:13","Binance Will Add Epic Chain (EPIC) on Earn, Buy Crypto, Convert, Margin & Futures","5b3221ba1f494e57a005d8dd8695e135"
229501,1742194803529,"2025-03-17 07:00:03","Binance Will List StraitsX USD (XUSD) and Introduce XUSD Zero Trading Fee Promotion","65af5039eae04563b47e424b9cae77ed"
229518,1742198404073,"2025-03-17 08:00:04","Notice on New Trading Pairs & Trading Bots Services on Binance Spot - 2025-03-18","849c0364fdc64cf38d3bf8a68fa70ba8"
229569,1742211060548,"2025-03-17 11:31:00","Binance Futures Will Launch USDⓈ-Margined BMTUSDT and MUBARAKUSDT Perpetual Contracts With up to 25x Leverage","b4a7eb2646c640b39eab0e329a0d656b"
229691,1742291525581,"2025-03-18 09:52:05","Introducing Bubblemaps (BMT) on Binance HODLer Airdrops! Earn BMT With Retroactive BNB Simple Earn Subscriptions","6539265e571540298fa4b7943140469d"
229761,1742308228248,"2025-03-18 14:30:28","Binance Will Add Bubblemaps (BMT) on Earn, Buy Crypto, Convert & Margin","abaf814363f14e429c68ee385fdd68d5"
229896,1742367602547,"2025-03-19 07:00:02","Notice on New Trading Pairs & Trading Bots Services on Binance Spot - 2025-03-20","49d9f5fa7c904f59bd77ae3535f699f0"
229923,1742369411614,"2025-03-19 07:30:11","Binance Will Add StraitsX USD (XUSD) and Four (FORM) on Earn, Buy Crypto, Margin, Convert & Futures","917a66f6d8654c2695d858db6b7f1bff"
230109,1742456964296,"2025-03-20 07:49:24","Binance Futures Will Launch Multiple USDⓈ-Margined Perpetual Contracts With up to 25x Leverage","347f9455d9b94d258498df2e2d5e56a7"
230132,1742465679371,"2025-03-20 10:14:39","Introducing Nillion (NIL) on Binance Launchpool! Farm NIL by Locking BNB, FDUSD, and USDC","2608d3a348a44a33b04a133b90d45dc2"
230201,1742522417107,"2025-03-21 02:00:17","Binance Futures Will List USDⓈ-M & COIN-M Quarterly 0926 Delivery Contracts","03d4fc147cd5421681219eac7ac8eea9"
230352,1742553975638,"2025-03-21 10:46:15","Binance Futures Will Launch USDⓈ-Margined BRUSDT and PLUMEUSDT Perpetual Contracts With up to 25x Leverage","35c693260c6b44169e7dfbc40f454cca"
230563,1742806808667,"2025-03-24 09:00:08","Notice on New Trading Pairs & Trading Bots Services on Binance Spot - 2025-03-25","d47d09515317401c90baead0a01fd38a"
230595,1742819418720,"2025-03-24 12:30:18","Binance Will Add Nillion (NIL) on Earn, Buy Crypto, Convert, Margin & Futures","6ddc69d48ff34b26b906f492e0794e22"
230645,1742831808230,"2025-03-24 15:56:48","Introducing  Particle Network (PARTI) on Binance HODLer Airdrops! Earn PARTI With Retroactive BNB Simple Earn Subscriptions","3ec6cdfea3394ffa9ce6bfeabe8191e5"
230771,1742905804808,"2025-03-25 12:30:04","Binance Will Add Particle Network (PARTI) on Earn, Buy Crypto, Convert, Margin & Futures","fece84a5029b41519f4b837ae9e1f7ab"
230941,1743002170581,"2025-03-26 15:16:10","Binance Futures Will Launch USDⓈ-Margined JELLYJELLYUSDT and MAVIAUSDT Perpetual Contracts","815acb27cc2146d2b3f2a4fe933f11d9"
230982,1743059245182,"2025-03-27 07:07:25","Binance Futures Will Launch USDⓈ-Margined PAXGUSDT Perpetual Contract","407190c3e5894c679fb4dc1cd7de5982"
231008,1743082161025,"2025-03-27 13:29:21","Introducing GUNZ (GUN) on Binance Launchpool! Farm GUN by Locking BNB, FDUSD and USDC","d9d307783a144d9b81772bc690454ba3"
231037,1743083983691,"2025-03-27 13:59:43","Binance Futures Will Launch USDⓈ-Margined WALUSDT Perpetual Contract","3175d8e47b044b48be5439c14f32b194"
231118,1743096432114,"2025-03-27 17:27:12","Binance Announced the First Batch of Vote to List Results and Will List Mubarak (MUBARAK), CZ'S Dog (BROCCOLI714), Tutorial (TUT), and Banana For Scale (BANANAS31) With Seed Tags Applied","6e3391cffa774b2a9711e8597a618edb"
231168,1743132602087,"2025-03-28 03:30:02","Binance Adds Mubarak (MUBARAK), CZ'S Dog (BROCCOLI714), Tutorial (TUT), and Banana For Scale (BANANAS31) on Earn, Buy Crypto, Convert & Margin","df7ba16ec4174d0e8c04f593eab2cf61"
231408,1743404526565,"2025-03-31 07:02:06","Binance Futures Will Launch USDⓈ-Margined FUNUSDT and MLNUSDT Perpetual Contracts","08f802493a6a424db8906c07c0c0eb17"
231436,1743424200000,"2025-03-31 12:30:00","Binance Will Add GUNZ (GUN) on Earn, Buy Crypto, Convert, Margin & Futures","42a55175bf804cbd84f2e3a6a0547d27"
231582,1743496977029,"2025-04-01 08:42:57","Introducing KernelDAO (KERNEL) on Binance Megadrop! Lock Your BNB and Complete Web3 Quests for Airdrop","fcb0aca70fe7458197d653f63117d8ff"
231779,1743577211477,"2025-04-02 07:00:11","Notice on New Trading Pairs & Trading Bots Services on Binance Spot - 2025-04-03","a00280f52ce44c5b8dc500bf5e44277d"
231807,1743596829538,"2025-04-02 12:27:09","Binance Introduces the 2nd Batch of Vote to List Campaign","8c015531bfc34ac3bebfc15b939e4647"
231833,1743601087323,"2025-04-02 13:38:07","Binance Futures Will Launch USDⓈ-Margined ATHUSDT Perpetual Contract","6fa586322cfa4cdf899255841fee5a94"
232085,1743848691819,"2025-04-05 10:24:51","Binance Futures Will Launch USDⓈ-Margined BABYUSDT Perpetual Contract Pre-Market Trading","20d2a2ba45124c0ebab5c95b771c4337"
232234,1744005606563,"2025-04-07 06:00:06","Notice on New Trading Pairs & Trading Bots Services on Binance Spot - 2025-04-08","7ae81367e9254b8d975289bc3628f9a0"
232324,1744081527591,"2025-04-08 03:05:27","KernelDAO (KERNEL) Megadrop Is Now Open: Subscribe to BNB Locked Products or Complete Web3 Quests to Participate!","85a30db60120420785629cfd93b9a82d"
232377,1744093268604,"2025-04-08 06:21:08","Binance Futures Will Launch USDⓈ-Margined FORTHUSDT Perpetual Contract","05d2c3270470451bb1238132dc93cf34"
232630,1744188137154,"2025-04-09 08:42:17","Introducing Babylon (BABY) on Binance HODLer Airdrops! Earn BABY With Retroactive BNB Simple Earn Subscriptions","a2a116f48c0d412b9001d29ddf876464"
232920,1744278497069,"2025-04-10 09:48:17","Babylon (BABY) Listing Will Be Postponed","3a5583acaad84236acd5135b2ea61717"
232923,1744280106069,"2025-04-10 10:15:06","Introducing WalletConnect (WCT) on Binance Launchpool! Farm WCT by Locking BNB, FDUSD and USDC","5a1eedebf6e54c418c326e44df8775b2"
232936,1744281003357,"2025-04-10 10:30:03","Binance Will Add Babylon (BABY) on Earn, Buy Crypto, Convert, Margin & Futures","c5049497aa06456cafeeb2a3817e3f24"
233024,1744346116906,"2025-04-11 04:35:16","Binance Futures Will Launch USDⓈ-Margined PROMPTUSDT Perpetual Contract","37d3b9a537ad4edfa5d847877c2bce32"
233046,1744366114456,"2025-04-11 10:08:34","Binance Announced the Second Batch of Vote to List Results and Will List Ondo (ONDO), Big Time (BIGTIME), and Virtuals Protocol (VIRTUAL) With Seed Tags Applied","2216f0665d9542f69b2957933ad551d4"
233080,1744377313517,"2025-04-11 13:15:13","Binance Futures Will Launch USDⓈ-Margined XCNUSDT Perpetual Contract","c3f1c445148049f8a5cbe3c152753fea"
233078,1744378207180,"2025-04-11 13:30:07","Binance Adds Ondo (ONDO), Big Time (BIGTIME), and Virtuals Protocol (VIRTUAL) on Earn, Buy Crypto, Convert & Margin","7855fe2d2f724744975aad89f73b40e9"
233269,1744617627330,"2025-04-14 08:00:27","Notice on New Trading Pairs & Trading Bots Services on Binance Spot - 2025-04-15","d133901f72594972adf90f16013f302e"
233299,1744630214007,"2025-04-14 11:30:14","Binance Will Add KernelDAO (KERNEL) on Earn, Buy Crypto, Convert, Margin & Futures","1b2844192ae8427c8ff2f70a2e7a9429"
233520,1744713006093,"2025-04-15 10:30:06","Binance Will Add WalletConnect (WCT) on Earn, Buy Crypto, Convert, Margin & Futures","c5e5d114adfa49939dabbaa35d04c66d"
233613,1744773363448,"2025-04-16 03:16:03","Binance Futures Will Launch USDⓈ-Margined INITUSDT Perpetual Contract Pre-Market Trading","dbc6a46991f04e6eb5b7bcc7161c198c"
233688,1744789658622,"2025-04-16 07:47:38","Binance Futures Will Launch USDⓈ-Margined AERGOUSDT Perpetual Contract","82f730b7ef444a38b323ab7a2e56b757"
233811,1744880399889,"2025-04-17 08:59:59","Introducing Initia (INIT) on Binance Launchpool! Farm INIT by Locking BNB, FDUSD and USDC","c288d0d677304b9e9246eceae0237ff3"
233881,1744959603605,"2025-04-18 07:00:03","Balance (EPT) Will Be Available on Binance Alpha and Binance Futures","305a295dddf54b41a030174e137869d7"
233997,1744995823178,"2025-04-18 17:03:43","Binance Futures Will Launch USDⓈ-Margined BANKUSDT Perpetual Contract","639d650204914c4f86c20e71c61228dd"
234149,1745222406797,"2025-04-21 08:00:06","Notice on New Trading Pairs & Trading Bots Services on Binance Spot - 2025-04-22","f04f368d1c6d430087266d128a7ccfd9"
234182,1745248311577,"2025-04-21 15:11:51","Introducing Hyperlane (HYPER) on Binance HODLer Airdrops! Earn HYPER With Retroactive BNB Simple Earn Subscriptions","cd31b4166f3047fe91889f1e83a99a79"
234258,1745304689224,"2025-04-22 06:51:29","Binance Futures Will Launch USDⓈ-Margined DEEPUSDT Perpetual Contract","96c5a17661a2488f894189ad4ab3cb83"
234281,1745325006013,"2025-04-22 12:30:06","Binance Will Add Hyperlane (HYPER) on Earn, Buy Crypto, Convert, Margin & Futures","71fd4a4b7bc34ef5a361bb062caf1dec"
234447,1745490628424,"2025-04-24 10:30:28","Binance Will Add Initia (INIT) on Earn, Buy Crypto, Convert, Margin & Futures","4e07a703c9da44709e22e79d0b4be452"
234561,1745557375191,"2025-04-25 05:02:55","Binance Futures Will Launch USDⓈ-Margined MEMEFIUSDT and FISUSDT Perpetual Contracts","dff0e35e8be64f5fbc642af6a2ccccfb"
234625,1745573715532,"2025-04-25 09:35:15","Introducing Sign (SIGN) on Binance HODLer Airdrops! Earn SIGN With Retroactive BNB Simple Earn Subscriptions","4ed7b66008e247329bf255a383699ef4"
234836,1745823610904,"2025-04-28 07:00:10","Notice on New Trading Bots Services on Binance Spot - 2025-04-29","ce01eac56a3840dab8c4229e197efc6a"
234861,1745825387253,"2025-04-28 07:29:47","Binance Futures Will Launch USDⓈ-Margined JSTUSDT Perpetual Contract","88b67d724cf64f3f9fd6b92ea0f91620"
234882,1745836217031,"2025-04-28 10:30:17","Binance Will Add Sign (SIGN) on Earn, Buy Crypto, Convert, Margin & Futures","011f4bd142d04539ac7b9b31bfe13577"
235151,1746001831246,"2025-04-30 08:30:31","Binance Futures Will Launch USDⓈ-Margined PUNDIXUSDT and CTKUSDT Perpetual Contracts","63155163bce541f5856d416efa71c6e8"
235168,1746010079248,"2025-04-30 10:47:59","Binance Futures Will Launch USDⓈ-Margined AIOTUSDT, DOLOUSDT and HAEDALUSDT Perpetual Contracts","a92157dc9064414f82142dbda7c47701"
235358,1746162129497,"2025-05-02 05:02:09","Binance Futures Will Launch USDⓈ-Margined SXTUSDT Perpetual Contract Pre-Market Trading","835b952dce4f4a35a6655cf8ebf4cac2"
235375,1746181282511,"2025-05-02 10:21:22","Introducing StakeStone (STO) on Binance HODLer Airdrops! Earn STO With Retroactive BNB Simple Earn Subscriptions","6c74537a512e4668bc731e8fb1a293da"
235414,1746199805635,"2025-05-02 15:30:05","Binance Will Add StakeStone (STO) on Earn, Buy Crypto, Convert & Margin","6f5ef8be535141eab0666b38968e4b74"
235436,1746262009397,"2025-05-03 08:46:49","Obol (OBOL) Will Be Available on Binance Alpha and Binance Futures","128fd735453046978d07d44fc802c302"
235491,1746439237449,"2025-05-05 10:00:37","Notice on New Trading Pairs & Trading Bots Services on Binance Spot - 2025-05-06","1237d98960a84dc29791d5403134951b"
235513,1746454453299,"2025-05-05 14:14:13","Introducing Space and Time (SXT) on Binance Launchpool! Farm SXT by Locking BNB, FDUSD and USDC","7d695afee5c14c789dd8accb05cda42a"
235580,1746517100916,"2025-05-06 07:38:20","Binance Futures Will Launch USDⓈ-Margined ASRUSDT and ALPINEUSDT Perpetual Contracts","af987bb3d3864e81ba2ab5ce4e97186a"
235597,1746523744451,"2025-05-06 09:29:04","Binance Futures Will Launch USDⓈ-Margined B2USDT and MILKUSDT Perpetual Contracts","5c52dd73ce004021bf94252c4449f924"
235614,1746530720814,"2025-05-06 11:25:20","Binance Will List Maple Finance (SYRUP) and Kamino Finance (KMNO) with Seed Tag Applied","2ebd8f9d2acc4123a9f372a650760b66"
235642,1746542703554,"2025-05-06 14:45:03","Binance Will Add Maple Finance (SYRUP) and Kamino Finance (KMNO) on Earn, Buy Crypto, Convert, Margin & Futures","8f3f137fa2d1451587667877aa02a0df"
235874,1746615605390,"2025-05-07 11:00:05","Doodles (DOOD) Will Be Available on Binance Alpha and Binance Futures","6184e442eb75406f93a205c4976169cd"
235952,1746707403865,"2025-05-08 12:30:03","Binance Will Add Space and Time (SXT) on Earn, Buy Crypto, Convert, Margin & Futures","c5f4486efb05424181d05824dafbd10c"
236047,1746781271436,"2025-05-09 09:01:11","Doodles (DOOD) Will Open for Trading on Binance Alpha and Binance Futures","7744f70f5d7e4bd192ede80a7f8a6574"
236212,1747119612988,"2025-05-13 07:00:12","Notice on New Trading Pairs & Trading Bots Services on Binance Spot - 2025-05-14","fa8fb215b215486abce781c17081e549"
236234,1747121660623,"2025-05-13 07:34:20","Binance Futures Will Launch USDⓈ-Margined ZKJUSDT and SKYAIUSDT Perpetual Contracts","21868e668aec4f359abcd3bf581330b6"
236320,1747203306806,"2025-05-14 06:15:06","NEXPACE (NXPC) Will Be Available on Binance Alpha and Binance Futures","90c2cbd852464896b5787cf603f7e198"
236386,1747283790122,"2025-05-15 04:36:30","Introducing Nexpace (NXPC) on Binance HODLer Airdrops! Earn NXPC With Retroactive BNB Simple Earn Subscriptions","07c88538531d40d49492b314994bf6c5"
236408,1747292402665,"2025-05-15 07:00:02","Binance Will Add Nexpace (NXPC) on Earn, Buy Crypto, Convert & Margin","0bb09a06f9cf47cc9b896065ef3b2edc"
236626,1747377375939,"2025-05-16 06:36:15","Binance Futures Will Launch USDⓈ-Margined CVCUSDT Perpetual Contract","bbe829426ad844b9b9dac62f878d1e67"
236817,1747728862110,"2025-05-20 08:14:22","Binance Futures Will Launch USDⓈ-Margined AGTUSDT Perpetual Contract","191429f0e35b475d9a8159ffa63379d1"
236908,1747812600000,"2025-05-21 07:30:00","Binance Will Add AWE Network (AWE) on Earn, Buy Crypto, Convert, Margin & Futures","cd7c5f39acd34d6e83531330079a75ab"
237038,1747821855575,"2025-05-21 10:04:15","Introducing Haedal Protocol (HAEDAL) on Binance HODLer Airdrops! Earn HAEDAL With Retroactive BNB Simple Earn Subscriptions","3e9a3673851341399455718549796f49"
237062,1747837809840,"2025-05-21 14:30:09","Binance Will Add Haedal Protocol (HAEDAL) on Earn, Buy Crypto, Convert & Margin","99cad5b1499a4e0f903874802f7dc57d"
237117,1747884601965,"2025-05-22 03:30:01","Binance Will List World Liberty Financial USD (USD1)","3eec9de75b1c4ab78efd1d53478e7340"
237144,1747910776085,"2025-05-22 10:46:16","Introducing Huma Finance (HUMA) on Binance Launchpool! Farm HUMA by Locking BNB, FDUSD, and USDC","515c45c283ea44c59b7f4623a3512666"
237147,1747913410130,"2025-05-22 11:30:10","Binance Will Add World Liberty Financial USD (USD1) on Earn, Buy Crypto, Convert & Margin","d34c1947c12c448882c2d88c6758985e"
237172,1747925137118,"2025-05-22 14:45:37","Binance Futures Will Launch USDⓈ-Margined BUSDT Perpetual Contract","52c6f34173e44f898764fb45e9dbb4ca"
237235,1747979386806,"2025-05-23 05:49:46","Binance Futures Will Launch USDⓈ-Margined SOONUSDT Perpetual Contract","282da00874f841d39a90929a50e883f4"
237291,1748002046005,"2025-05-23 12:07:26","Sophon (SOPH) Will Be Available on Binance Alpha and Binance Futures","861ed244616341d39aee5452b9b5bbb8"
237363,1748242813751,"2025-05-26 07:00:13","Notice on New Trading Bots Services on Binance Spot - 2025-05-27","68ba6a21c63f43db99ac3d3798163e5c"
237406,1748262601620,"2025-05-26 12:30:01","Binance Will Add Huma Finance (HUMA) on Earn, Buy Crypto, Convert, Margin & Futures","e3840e610d3c4b4db5816e0abfc33f9e"
237571,1748416616367,"2025-05-28 07:16:56","Introducing Sophon (SOPH) on Binance HODLer Airdrops! Earn SOPH With Retroactive BNB Simple Earn Subscriptions","8ef18cf913ce42278b67f4cbe161a062"
237546,1748417407244,"2025-05-28 07:30:07","Binance Will Add Vaulta (A) on Earn, Buy Crypto, Convert, Margin & Futures","099cc488ede44c64b51a454410c49d4e"
237629,1748428430236,"2025-05-28 10:33:50","Binance Futures Will Launch USDⓈ-Margined MERLUSDT Perpetual Contract","90c9ef3a52a4420b8b8480dd9aeecc9b"
237646,1748435408399,"2025-05-28 12:30:08","Binance Will Add Sophon (SOPH) on Earn, Buy Crypto, Convert & Margin","df7fe0571e074bfa8ebd0a2757537461"
237844,1748594200290,"2025-05-30 08:36:40","Binance Futures Will Launch USDⓈ-Margined HYPEUSDT Perpetual Contract","9166fe6f7b8a4b438262df3a040b007b"
237861,1748597702121,"2025-05-30 09:35:02","Bondex (BDXN) Will Be Available on Binance Alpha and Binance Futures","2dae21629d644e7695f9570769bbdd44"
237999,1748851201988,"2025-06-02 08:00:01","Notice on New Trading Pairs & Trading Bots Services on Binance Spot - 2025-06-03","eb0e2df45b4746bd83fe7d477ecc8621"
238037,1748942076886,"2025-06-03 09:14:36","Binance Futures Will Launch USDⓈ-Margined PUFFERUSDT and PORT3USDT Perpetual Contracts","85203b0d244841839bd77d3fc829d02e"
238183,1749020402873,"2025-06-04 07:00:02","Resolv (RESOLV) Will Be Available on Binance Alpha and Binance Futures (2025-06-10)","4ae9af04809c438599cadcae36513033"
238227,1749034064967,"2025-06-04 10:47:44","Binance Futures Will Launch USDⓈ-Margined 1000000BOBUSDT Perpetual Contract (2025-06-05)","9d12cbfb72bb46e6835313471b6b3c85"
238317,1749103589514,"2025-06-05 06:06:29","Binance Futures Will Launch USDⓈ-Margined LAUSDT Perpetual Contract (2025-06-05)","f123a26bb0ae488b9f94e2571b2976aa"
238357,1749178811459,"2025-06-06 03:00:11","Binance Adds New JPY Spot Trading Pairs and Launches Zero Maker Fee Promotion - 2025-06-11","9cf6136c4740478692b65eb366f6802f"
238362,1749187804052,"2025-06-06 05:30:04","Skate (SKATE) Will Be Available on Binance Alpha and Binance Futures (2025-06-09)","8778a8c264af4a589f5cdd4ba6e176f4"
238492,1749452460757,"2025-06-09 07:01:00","Defi App (HOME) Will Be Available on Binance Alpha and Binance Futures (2025-06-10)","fb1e6fe6c1864d21a194d6a7b55ee3cc"
238621,1749636920919,"2025-06-11 10:15:20","Binance Futures Will Launch USDⓈ-Margined TAIKOUSDT and SQDUSDT Perpetual Contracts (2025-06-11)","1bc235e6cafc4b5e8ce5c279523bc87e"
238624,1749637480844,"2025-06-11 10:24:40","Introducing Resolv (RESOLV) on Binance HODLer Airdrops! Earn RESOLV With Retroactive BNB Simple Earn Subscriptions","0a07cb5db68b41598cdc0f13f1606028"
238684,1749650407958,"2025-06-11 14:00:07","Binance Will Add Resolv (RESOLV) on Earn, Buy Crypto, Convert & Margin","e83e8f08569d4b5f8c2d1fb0f71a10d5"
238750,1749726284075,"2025-06-12 11:04:44","Introducing Defi App (HOME) on Binance HODLer Airdrops! Earn HOME With Retroactive BNB Simple Earn Subscriptions","b5210fb7261e46dba5b4a9a7a5f0cff6"
238790,1749738616584,"2025-06-12 14:30:16","Binance Will Add Defi App (HOME) on Earn, Buy Crypto, Convert & Margin","1f2f122eb1e64f56991a33b65e8cf243"
238896,1750056308887,"2025-06-16 06:45:08","Binance Futures Will Launch USDⓈ-Margined AAVEUSDC and UNIUSDC Perpetual Contracts (2025-06-16)","de29d9f1c1864253ac5efe353cc50b5d"
238941,1750059004522,"2025-06-16 07:30:04","Notice on New Trading Pairs & Trading Bots Services on Binance Spot - 2025-06-17","6037db29745549e6b94b35c16ab6a25a"
238985,1750073600186,"2025-06-16 11:33:20","Introducing Spark (SPK) on Binance HODLer Airdrops! Earn SPK With Retroactive BNB Simple Earn Subscriptions","6ff0fe8602d845488bd6a43aef3bbc0c"
239073,1750149010662,"2025-06-17 08:30:10","Binance Will Add Spark (SPK) on Earn, Buy Crypto, Convert, Margin & Futures","7b05d67884cc42f19fd662a0fbe7cd75"
239269,1750240261749,"2025-06-18 09:51:01","Binance Futures Will Launch USDⓈ-Margined MYXUSDT and FUSDT Perpetual Contracts (2025-06-18)","9801625522154e098d73b8245ad70646"
239360,1750330896672,"2025-06-19 11:01:36","Binance Futures Will Launch USDⓈ-Margined NEWTUSDT Perpetual Contract Pre-Market Trading","be07ab993e9846b2a4c91458c8ce8468"
239420,1750388419255,"2025-06-20 03:00:19","Binance Futures Will List USDⓈ-M & COIN-M Quarterly 1226 Delivery Contracts","5d0f60e2ac3e447db8792f0502fb6aa3"
239483,1750493741803,"2025-06-21 08:15:41","DeLorean (DMC) Will Be Available on Binance Alpha and Binance Futures (2025-06-24)","5e8a64a6d4bf4aa0b4b7fe9fc985de6c"
239503,1750582806231,"2025-06-22 09:00:06","Humanity Protocol (H) Will Be Available on Binance Alpha and Binance Futures (2025-06-25)","07bb9af17419439692874d9dba12871f"
239566,1750647601436,"2025-06-23 03:00:01","Binance Adds New JPY Spot Trading Pairs and Launches Zero Maker Fee Promotion - 2025-06-25","b1751de90c0e40089bdd06f2bcf47e65"
239614,1750687699878,"2025-06-23 14:08:19","Introducing Newton Protocol (NEWT) on Binance HODLer Airdrops! Earn NEWT With Retroactive BNB Simple Earn Subscriptions","a77caa5645b94c6b8a421d96357bbb0b"
239697,1750771801368,"2025-06-24 13:30:01","Binance Will Add Newton Protocol (NEWT) on Earn, Buy Crypto, Convert, Margin & Futures","67a3d0b1e4f944d4a39c0830fa4aa768"
239722,1750775352649,"2025-06-24 14:29:12","Introducing Sahara AI (SAHARA) on Binance HODLer Airdrops! Earn SAHARA With Retroactive BNB Simple Earn Subscriptions","c50d3bc55dc34b2984703b70aa344446"
239914,1750843841537,"2025-06-25 09:30:41","Binance Futures Will Launch USDⓈ-Margined OLUSDT Perpetual Contract (2025-06-25)","80889caa7146492f9de2a2627fa30a4d"
240045,1750937414029,"2025-06-26 11:30:14","Binance Will Add Sahara AI (SAHARA) on Earn, Buy Crypto, Convert, Margin & Futures","3417fdb6e4cc498bbcb21f612ae9bd9b"
240186,1751266801321,"2025-06-30 07:00:01","Notice on New Trading Pairs & Trading Bots Services on Binance Spot - 2025-07-01","fb8600ebb2ae4e80a0db1945e683993c"
240428,1751445001216,"2025-07-02 08:30:01","Impossible Cloud Network (ICNT) Will Be Available on Binance Alpha and Binance Futures (2025-07-03)","baaa3a53a66840d087e845fb44872dc8"
240581,1751613087864,"2025-07-04 07:11:27","Binance Futures Will Launch USDⓈ-Margined BULLAUSDT and IDOLUSDT Perpetual Contracts (2025-07-04)","ace718d550c546b6a0e6db56af71f956"
240634,1751857203958,"2025-07-07 03:00:03","Binance Adds New JPY Spot Trading Pairs and Launches Zero Maker Fee Promotion - 2025-07-10","9282ddfa859e477eafb90a2c801031a9"
240693,1751873413952,"2025-07-07 07:30:13","Binance Futures Will Launch USDⓈ-Margined MUSDT Perpetual Contract (2025-07-07)","39daafed88564fe08d932f470e00a810"
240852,1751991306064,"2025-07-08 16:15:06","Tanssi Network (TANSSI) Will Be Available on Binance Alpha and Binance Futures (2025-07-09)","3608fb87042e4283b90787a25436676b"
240941,1752055095037,"2025-07-09 09:58:15","Introducing Lagrange (LA) on Binance HODLer Airdrops! Earn LA With Retroactive BNB Simple Earn Subscriptions","396441b6cb6d46b983d6475b0b77daf9"
240992,1752069921466,"2025-07-09 14:05:21","Binance Futures Will Launch USDⓈ-Margined PUMPUSDT Perpetual Contract Pre-Market Trading (2025-07-10)","4bc8b483d10d4619babb2015066b2d89"
240989,1752075005984,"2025-07-09 15:30:05","Binance Will Add Lagrange (LA) on Earn, Buy Crypto, Convert & Margin","886e7f696c364ffdaf1d56c8a20071e8"
241089,1752131886205,"2025-07-10 07:18:06","Binance Futures Will Launch USDⓈ-Margined CROSSUSDT and AINUSDT Perpetual Contracts (2025-07-10)","54c97e398f6d4390a3daefea4ec6ee68"
241318,1752480001467,"2025-07-14 08:00:01","Notice on New Trading Pairs & Trading Bots Services on Binance Spot - 2025-07-15","50f36a11bed9477eb0f1114123d1aa8a"
241360,1752496202253,"2025-07-14 12:30:02","TAC (TAC) Will Be Available on Binance Alpha and Binance Futures (2025-07-15)","91588d0f0301485385461a3b933c7b1b"
241502,1752561737837,"2025-07-15 06:42:17","Binance Futures Will Launch USDⓈ-Margined CUSDT and VELVETUSDT Perpetual Contracts (2025-07-15)","4f59bfc195ed4484ac810a9b8869fa86"
241637,1752656290021,"2025-07-16 08:58:10","Introducing Caldera (ERA) on Binance HODLer Airdrops! Earn ERA With Retroactive BNB Simple Earn Subscriptions","5511fc0281c1459bbb8b9f0d2f1297dc"
241743,1752764627134,"2025-07-17 15:03:47","Binance Will Add Caldera (ERA) on Earn, Buy Crypto, Convert, Margin & Futures","160bc27765b9456f816abb656d59511e"
241791,1752804013499,"2025-07-18 02:00:13","Trusta.AI (TA) Will Be Available on Binance Alpha and Binance Futures (2025-07-21)","91fafb21aef94975bd0480d5304de70a"
241883,1752824852667,"2025-07-18 07:47:32","Introducing Chainbase (C) on Binance HODLer Airdrops! Earn C With Retroactive BNB Simple Earn Subscriptions","b27427d0ed9e483da07deab9d5f1f211"
241960,1752845401597,"2025-07-18 13:30:01","Binance Will Add Chainbase (C) on Earn, Buy Crypto, Convert & Margin","8b78eb7a4119436c9a8272d9a299fc32"
242118,1753084823485,"2025-07-21 08:00:23","Notice on New Trading Pairs & Trading Bots Services on Binance Spot - 2025-07-22","87ff153144ad4f3a8a10ad417e4a2ed3"
242340,1753250402225,"2025-07-23 06:00:02","Binance Futures Will Launch USDⓈ-Margined PENGUUSDC, CVXUSDT and SLPUSDT Perpetual Contracts (2025-07-23)","b7b3a116013145569a9850f197c8cbe4"
242562,1753436738982,"2025-07-25 09:45:38","Binance Futures Will Launch USDⓈ-Margined ZORAUSDT and TAGUSDT Perpetual Contracts (2025-07-25)","b8d4d5be7c894e1f9bf2c5e091da85e9"
242669,1753686001861,"2025-07-28 07:00:01","Notice on New Trading Pairs & Trading Bots Services on Binance Spot - 2025-07-29","a407c6ff92a840878eb78c079f5465a6"
242697,1753695012578,"2025-07-28 09:30:12","Naoris Protocol (NAORIS) Will Be Available on Binance Alpha and Binance Futures (2025-07-31)","5283c247c18640228013647ae95333a4"
242749,1753709411683,"2025-07-28 13:30:11","Introducing Treehouse (TREE) on Binance HODLer Airdrops! Earn TREE With Retroactive BNB Simple Earn Subscriptions","76da2c4b79994a27aa65725505a7bb23"
242856,1753775200881,"2025-07-29 07:46:40","Binance Futures Will Launch USDⓈ-Margined ZRCUSDT and ESPORTSUSDT Perpetual Contracts (2025-07-29)","9111be0e852d4d68addb987a260d5b8d"
242906,1753782310875,"2025-07-29 09:45:10","PlaysOut (PLAY) Will Be Available on Binance Alpha and Binance Futures (2025-07-31)","e04f7b90960f4ed1933f54afd013fac7"
242923,1753795801416,"2025-07-29 13:30:01","Binance Will Add Treehouse (TREE) on Earn, Buy Crypto, Convert, Margin & Futures","c2a59048ddfb410eaf97958fe4c1a919"
243031,1753860609470,"2025-07-30 07:30:09","Binance Will Add Arena-Z (A2Z) on Earn, Buy Crypto, Convert, Margin & Futures","fdbabd220ae947e9a461224d2cf477d8"
243548,1754298775552,"2025-08-04 09:12:55","Introducing Towns (TOWNS) on Binance HODLer Airdrops! Earn TOWNS With Retroactive BNB Simple Earn Subscriptions","48614824082b4a7e99478827bdbadbc7"
243681,1754359157964,"2025-08-05 01:59:17","Introducing Succinct (PROVE) on Binance HODLer Airdrops! Earn PROVE With Retroactive BNB Simple Earn Subscriptions","bbd0a134905646d485e35af4fdda3ee7"
243786,1754386232320,"2025-08-05 09:30:32","INFINIT (IN) Will Be Available on Binance Alpha and Binance Futures (2025-08-07)","e2fbdc6981fe4f7da5cedaf956b9a122"
243783,1754387986697,"2025-08-05 09:59:46","Binance Futures Will Launch USDⓈ-Margined ALL Composite Index Perpetual Contract with Up to 75x Leverage (2025-08-06)","743a662924474669ba16c368722b3c64"
243897,1754402404202,"2025-08-05 14:00:04","Binance Will Add Towns (TOWNS) and Succinct (PROVE) on Earn, Buy Crypto, Convert, Margin & Futures","89694eda947b42b981ea9dd9cddcd140"
244112,1754578630733,"2025-08-07 14:57:10","Binance Futures Will Launch USDⓈ-Margined YALAUSDT and CARVUSDT Perpetual Contracts (2025-08-07)","60aa3350c7694b93946de18b3998d227"
244189,1754895601098,"2025-08-11 07:00:01","Notice on New Trading Pairs & Trading Bots Services on Binance Spot - 2025-08-12","89dbd759a7284198a04ed609aa4a1d82"
244451,1755054000976,"2025-08-13 03:00:00","Binance Will List BFUSD and Introduce BFUSD Zero Trading Fee Promotion","724d348354b349bc9c0630a2184ee80b"
244545,1755078048874,"2025-08-13 09:40:48","Binance Futures Will Launch USDⓈ-Margined AIOUSDT and XNYUSDT Perpetual Contracts (2025-08-13)","ab94bf6e3cc24c98866dff13a981258a"
244574,1755091809628,"2025-08-13 13:30:09","Binance Will Add BFUSD on Buy Crypto, Convert & Margin","cc9913fefc444108a511cfd1a7d66ebd"
244879,1755254813989,"2025-08-15 10:46:53","Binance Futures Will Launch USDⓈ-Margined USELESSUSDT Perpetual Contract (2025-08-15)","76c269080e8247fea630b60c7449532e"
244900,1755259284160,"2025-08-15 12:01:24","Reservoir (DAM) Will Be Available on Binance Alpha and Binance Futures (2025-08-18)","2de43946b63040ab95c386ba72f5f5c2"
245013,1755502219426,"2025-08-18 07:30:19","Notice on New Trading Pairs & Trading Bots Services on Binance Spot - 2025-08-19","f889603e0c9f4487bd021b3e9dfa0fd4"
245107,1755509766933,"2025-08-18 09:36:06","Introducing Plume (PLUME) on Binance HODLer Airdrops! Earn PLUME With Retroactive BNB Simple Earn Subscriptions","82264d448a4e4c1abc29ec1df14509f7"
245137,1755527408023,"2025-08-18 14:30:08","Binance Will Add Plume (PLUME) on Earn, Buy Crypto, Convert & Margin","f87f447214d4496d98e43fc6d5821df5"
245232,1755659706331,"2025-08-20 03:15:06","Sapien (SAPIEN) Will Be Available on Binance Alpha and Binance Futures (2025-08-20)","5131dd5b00c64977b10f402337850cd2"
245340,1755683297734,"2025-08-20 09:48:17","Binance Futures Will Launch USDⓈ-Margined CUDISUSDT Perpetual Contract (2025-08-20)","9863fef7b0de4928882d0deb0e8b7171"
245568,1755851403071,"2025-08-22 08:30:03","Binance Futures Will Launch USDⓈ-Margined XPLUSDT Perpetual Contract Pre-Market Trading (2025-08-22)","6fe1579c40694f7badfd0d2e149bb43a"
245589,1755936934030,"2025-08-23 08:15:34","Binance Futures Will Launch USDⓈ-Margined WLFIUSDT Perpetual Contract Pre-Market Trading (2025-08-23)","b302e61031ee4d2b947fb7ddc422fb60"
245606,1756085412376,"2025-08-25 01:30:12","Bitlayer (BTR) Will Be Available on Binance Alpha and Binance Futures (2025-08-27)","2fc4d9f952ee4db4b36f1a350c211163"
245664,1756101605357,"2025-08-25 06:00:05","Binance Futures Will Launch USDⓈ-Margined BIOUSDC Perpetual Contract (2025-08-25)","80c16115f98b4e6696ada91182ab4386"
245691,1756108802031,"2025-08-25 08:00:02","Notice on New Trading Pairs & Trading Bots Services on Binance Spot - 2025-08-26","1343e569fb0e4daf8750d793e21def97"
245717,1756113319791,"2025-08-25 09:15:19","Binance Futures Will Launch USDⓈ-Margined SOMIUSDT Perpetual Contract Pre-Market Trading (2025-08-25)","c050b81fd4134b6abc2603d8c94b9608"
245842,1756209639698,"2025-08-26 12:00:39","Mitosis (MITO) Will Be Available on Binance Alpha and Binance Futures (2025-08-28)","1444142688394f45b2f0ae73ab8c630e"
245845,1756210369262,"2025-08-26 12:12:49","Binance Futures Will Launch USDⓈ-Margined BASUSDT Perpetual Contract (2025-08-26)","3b5c8e367af94234a3bad81bbe1f58e7"
245995,1756291402012,"2025-08-27 10:43:22","Introducing Dolomite (DOLO) on Binance HODLer Airdrops! Earn DOLO With Retroactive BNB Simple Earn Subscriptions","2742ed6ae1034444875f397c7d4e6781"
246029,1756303220269,"2025-08-27 14:00:20","Hemi (HEMI) Will Be Available on Binance Alpha and Binance Futures (2025-08-29)","8d04a97199e94203a9d5f0340d9afc59"
246047,1756308601265,"2025-08-27 15:30:01","Binance Will Add Dolomite (DOLO) on Earn, Buy Crypto, Convert & Margin","3af895fef94747c9bbcb6543301d89ec"
246221,1756458957261,"2025-08-29 09:15:57","Introducing Mitosis (MITO) on Binance HODLer Airdrops! Earn MITO With Retroactive BNB Simple Earn Subscriptions","292f47e6254144caa207a79d9edf2072"
246227,1756461609199,"2025-08-29 10:00:09","Portal to Bitcoin (PTB) Will Be Available on Binance Alpha and Binance Futures (2025-09-03)","ea17855f4d5e49b6a54fd79e4603dab2"
246284,1756479601300,"2025-08-29 15:00:01","Binance Will Add Mitosis (MITO) on Earn, Buy Crypto, Convert & Margin","1fba64507b1a4f9082bfbe6b4a23eb74"
246312,1756556988903,"2025-08-30 12:29:48","Quack AI (Q) Will Be Available on Binance Alpha and Binance Futures (2025-09-02)","e1826e566e5b454ba7b439082bfbbc4f"
246375,1756691345082,"2025-09-01 01:49:05","Binance Will List  World Liberty Financial (WLFI) with Seed Tag Applied","503b79756ba04a1cac0dfd6216958422"
246589,1756714503712,"2025-09-01 08:15:03","Binance Futures Will Launch USDⓈ-Margined LINEAUSDT Perpetual Contract Pre-Market Trading (2025-09-01)","c21876d7d6e849cfaf5a82cabb65b763"
246568,1756715404694,"2025-09-01 08:30:04","Notice on New Trading Pairs & Trading Bots Services on Binance Spot - 2025-09-02","9329cdc0fc874de38ebc5d93fa3bdfcc"
246628,1756717172790,"2025-09-01 08:59:32","Introducing Somnia (SOMI) on Binance HODLer Airdrops! Earn SOMI With Retroactive BNB Simple Earn Subscriptions","cea79d16737f4ae8960645c50cfef442"
246657,1756729808062,"2025-09-01 12:30:08","Binance Will Add World Liberty Financial (WLFI) on Earn, Buy Crypto, Convert, Margin & Futures","ff238e02721244eaa2740e4671e956d6"
246689,1756796410469,"2025-09-02 07:00:10","Notice on New Trading Pairs & Trading Bots Services on Binance Spot - 2025-09-03","b4f7de36cb9e42fabbaa06d2487bfd20"
246750,1756821601389,"2025-09-02 14:00:01","Binance Will Add Somnia (SOMI) on Earn, Buy Crypto, Convert, Margin & Futures","caf6a9a03c75422c9553225f985aa904"
246954,1756892990539,"2025-09-03 09:49:50","Binance Futures Will Launch USDⓈ-Margined ARIAUSDT and TAKEUSDT Perpetual Contracts (2025-09-03)","a5db4c0a05bb4c80aa0591972c19defd"
247186,1757056711526,"2025-09-05 07:18:31","Introducing OpenLedger (OPEN) on Binance HODLer Airdrops! Earn OPEN With Retroactive BNB Simple Earn Subscriptions","e2faef7fe18f4da68451b311973da10a"
247221,1757250014505,"2025-09-07 13:00:14","Avantis (AVNT) Will Be Available on Binance Alpha and Binance Futures (2025-09-09)","e4f13cbbb3374e5fa24ff67cf42351c2"
247290,1757316625660,"2025-09-08 07:30:25","Binance Futures Will Launch USDⓈ-Margined WLFIUSDC Perpetual Contract (2025-09-08)","8921dd419c34456db8091cc4b0650516"
247385,1757334601275,"2025-09-08 12:30:01","Binance Will Add OpenLedger (OPEN) on Earn, Buy Crypto, Convert, Margin & Futures","e757e61805174c35b21c5c9c84ee9384"
247412,1757341569314,"2025-09-08 14:26:09","Introducing Linea (LINEA) on Binance HODLer Airdrops! Earn LINEA With Retroactive BNB Simple Earn Subscriptions","366ed788034d439fb59be294a59126ab"
247470,1757395717523,"2025-09-09 05:28:37","Binance Futures Will Launch USDⓈ-Margined FLOCKUSDT and SKYUSDT Perpetual Contracts (2025-09-09)","4009f8bd8d85456189e9265d311b25de"
247488,1757401201439,"2025-09-09 07:00:01","Binance Will List Ethena USDe (USDE)","aebac85d4dd3470c9cd52df6f98d0811"
247591,1757417401844,"2025-09-09 11:30:01","Binance Will Add USDe (USDE) on Buy Crypto, Convert & Margin","cd4dad63e5074ce1b5cea628ccc34b2c"
247795,1757481119424,"2025-09-10 05:11:59","Introducing Holoworld AI (HOLO) on Binance HODLer Airdrops! Earn HOLO With Retroactive BNB Simple Earn Subscriptions","0bb3a75e5f724419a91cad5f7b6c5e6d"
247883,1757496602786,"2025-09-10 09:30:02","Unibase (UB) Will Be Available on Binance Alpha and Binance Futures (2025-09-12)","5247b563a6334b28b2bf9a537fb6d6c6"
247922,1757518200000,"2025-09-10 15:30:00","Binance Will Add Linea (LINEA) on Earn, Buy Crypto, Convert, Margin & Futures","6bca91b1c0514e25bfb6332a03ed9918"
247970,1757590207408,"2025-09-11 11:30:07","Binance Will Add Holoworld AI (HOLO) on Earn, Buy Crypto, Convert, Margin & Futures","b532be48f1474ee5b3737a732b9bc12e"
247982,1757590673797,"2025-09-11 11:37:53","Binance Will List Pump.fun (PUMP) with Seed Tag Applied","94ab969a74a8480799d03934b4720411"
248007,1757592918590,"2025-09-11 12:15:18","Binance Will Add Pump.fun (PUMP) on Earn, Buy Crypto, Convert & Margin","7f11daa69d024c2d94ae66c4455521a3"
248074,1757597637023,"2025-09-11 13:33:57","Notice on New Trading Pairs & Trading Bots Services on Binance Spot - 2025-09-12","71a1d6aebd9841579318ab055b85f559"
248128,1757659854421,"2025-09-12 06:50:54","Binance Futures Will Launch USDⓈ-Margined XPINUSDT Perpetual Contract (2025-09-12)","4426d75b5b7f47f89a11f622739d6186"
248196,1757671053626,"2025-09-12 09:57:33","Introducing Boundless (ZKC) on Binance HODLer Airdrops! Earn ZKC With Retroactive BNB Simple Earn Subscriptions","51d8b9b9675a4bbdb5f963a09accd9e6"
248335,1757908021934,"2025-09-15 03:47:01","Binance Will List Avantis (AVNT) with Seed Tag Applied","50ff03bc1d94471181887c43b930d3f0"
248360,1757910638226,"2025-09-15 04:30:38","Binance Will Add Avantis (AVNT) on Earn, Buy Crypto, Convert & Margin","be52e966d246456396d37ede914ea8ec"
248466,1757943007500,"2025-09-15 13:30:07","Binance Will Add Boundless (ZKC) on Earn, Buy Crypto, Convert, Margin & Futures","9392fb82cd584776aa673b8272da0d54"
248568,1758020401462,"2025-09-16 11:00:01","DeAgent AI (AIA) Will Be Available on Binance Alpha and Binance Futures (2025-09-18)","aadbfbfee34c404c896f93957a0c08c7"
248699,1758080688953,"2025-09-17 03:44:48","Binance Futures Will Launch USDⓈ-Margined TOSHIUSDT and STBLUSDT Perpetual Contracts (2025-09-17)","6c77032dc54146ce83b8b1ab034dfd85"
248775,1758094201400,"2025-09-17 07:30:01","Binance Will Add Sky (SKY) on Earn, Buy Crypto, Convert & Margin","96db998a30e6437e929d059b976f3c13"
248896,1758103070745,"2025-09-17 09:57:50","Introducing Lombard (BARD) on Binance HODLer Airdrops! Earn BARD With Retroactive BNB Simple Earn Subscriptions","d309275c430f4b59b66736783fe1c2cd"
248974,1758123035501,"2025-09-17 15:30:35","Binance Futures Will Launch USDⓈ-Margined 0GUSDT Perpetual Contract Pre-Market Trading (2025-09-17)","bc5255e12ec6421793d72cebe1a66f6a"
249112,1758191419413,"2025-09-18 10:30:19","Binance Will Add Lombard (BARD) on Earn, Buy Crypto, Convert, Margin & Futures","05dbcb2ba9704f4e87c4cceb308b7488"
249244,1758250800916,"2025-09-19 03:00:00","Binance Futures Will List USDⓈ-M & COIN-M Quarterly 0327 Delivery Contracts","cfadaba578ab465b906a9e063b12f26f"
249344,1758279475276,"2025-09-19 10:57:55","Binance Futures Will Launch USDⓈ-Margined ASTERUSDT and TRADOORUSDT Perpetual Contracts (2025-09-19)","5d5ed7be7602470c96290178cdcc614c"
249377,1758423636273,"2025-09-21 03:00:36","Bless (BLESS) Will Be Available on Binance Alpha and Binance Futures (2025-09-23)","0927ee2f460a4041a5e6a871a4ad9d4b"
249383,1758445097740,"2025-09-21 08:58:17","Introducing 0G (0G) on Binance HODLer Airdrops! Earn 0G With Retroactive BNB Simple Earn Subscriptions","e7b441acff484d25a1120f8ae7ce6e54"
249478,1758529812399,"2025-09-22 08:30:12","Notice on New Trading Pairs & Trading Bots Services on Binance Spot - 2025-09-23","c5b1c827b2f64d37a20f87063b2f9815"
249541,1758533406451,"2025-09-22 09:30:06","Binance Will Add 0G (0G) on Earn, Buy Crypto, Convert, Margin & Futures","f3ce9138bb074d57befa7a5a1129536a"
249544,1758535196104,"2025-09-22 09:59:56","Anoma (XAN) Will Be Available on Binance Alpha and Binance Futures (2025-09-23)","f2b00df439e94d2ab10fbe21752109ea"
249647,1758604157058,"2025-09-23 05:09:17","Introducing Hemi (HEMI) on Binance HODLer Airdrops! Earn HEMI With Retroactive BNB Simple Earn Subscriptions","b978b48e31ef4b33886ef59c4d15c733"
249742,1758617112175,"2025-09-23 08:45:12","ChainOpera AI (COAI) Will Be Available on Binance Alpha and Binance Futures (2025-09-25)","89921e2281204d32a5fead5b711f6770"
249782,1758627001421,"2025-09-23 11:30:01","Binance Will Add Hemi (HEMI) on Earn, Buy Crypto, Convert & Margin","43735c26a3a643d59ac7757d161b0113"
250019,1758693663785,"2025-09-24 06:01:03","Hana Network (HANA) Will Be Available on Binance Alpha and Binance Futures (2025-09-26)","640fdd971c204a1fa61f1f85a3e595b5"
250065,1758700804069,"2025-09-24 08:00:04","Introducing Plasma (XPL) on Binance HODLer Airdrops! Earn XPL With Retroactive BNB Simple Earn Subscriptions","b00f28d55c924614b1953484c64dd6f9"
250097,1758705925637,"2025-09-24 09:25:25","Binance Futures Will Launch USDⓈ-Margined FLUIDUSDT Perpetual Contract (2025-09-24)","c35543f806514588b13949a637d75bcd"
250230,1758780004626,"2025-09-25 06:00:04","Bitlight (LIGHT) Will Be Available on Binance Alpha and Binance Futures (2025-09-27)","4918eec0c0674bdea23b7367a0c53b29"
250263,1758794403425,"2025-09-25 10:00:03","Introducing Mira (MIRA) on Binance HODLer Airdrops! Earn MIRA With Retroactive BNB Simple Earn Subscriptions","149617ae89a64ca4ac71ed2d296ab4e6"
250324,1758803407563,"2025-09-25 12:30:07","Binance Will Add Plasma (XPL) on Earn, Buy Crypto, Convert, Margin & Futures","14f17e59b77049d9be23e8dea3f184a8"
250411,1758873162488,"2025-09-26 07:52:42","Introducing Falcon Finance (FF) on Binance HODLer Airdrops! Earn FF With Retroactive BNB Simple Earn Subscriptions","91b1298d151a4803b99720518751a95b"
250459,1758879995519,"2025-09-26 09:46:35","Binance Futures Will Launch USDⓈ-Margined AKEUSDT and ORDERUSDT Perpetual Contracts (2025-09-26)","f7b86984a0d34f4fbfc3204fa93ae344"
250478,1758886201728,"2025-09-26 11:30:01","Binance Will Add Mira (MIRA) on Earn, Buy Crypto, Convert, Margin & Futures","7965ea8943be4433baffa1d68793f483"
250525,1759039201424,"2025-09-28 06:00:01","zkVerify (VFY) Will Be Available on Binance Alpha and Binance Futures (2025-09-30)","22dea82a6cba4e3d8d7418e70c4ff8d5"
250589,1759125603236,"2025-09-29 06:00:03","Swarm Network (TRUTH) Will Be Available on Binance Alpha and Binance Futures (2025-10-01)","5559a6615fd9448bad12a1ceda130428"
250606,1759129207529,"2025-09-29 07:00:07","Notice on New Trading Pairs & Trading Bots Services on Binance Spot - 2025-09-30","78d732ff9111468db66dd3e10dd6b7e0"
250637,1759134637707,"2025-09-29 08:30:37","Introducing OpenEden (EDEN) on Binance HODLer Airdrops! Earn EDEN With Retroactive BNB Simple Earn Subscriptions","feec6071453d4433bf251e8e17438c7c"
250735,1759149018255,"2025-09-29 12:30:18","Binance Will Add Falcon Finance (FF) on Earn, Buy Crypto, Convert, Margin & Futures","3ad614dbdf2b41dbb0b695064096c32f"
250822,1759212006740,"2025-09-30 06:00:06","DoubleZero (2Z) Will Be Available on Binance Alpha and Binance Futures (2025-10-02)","1e2c92555a9c4988b19b91add6516bab"
250848,1759228202485,"2025-09-30 10:30:02","Binance Will Add OpenEden (EDEN) on Earn, Buy Crypto, Convert, Margin & Futures","d286ec4a810a4a068952986481727ff9"
250962,1759287614720,"2025-10-01 03:00:14","Binance Adds New JPY Spot Trading Pair and Launches Zero Maker Fee Promotion - 2025-10-03","b76cdff0bc7b48a2b02c887b5226b85a"
250974,1759298414798,"2025-10-01 06:00:14","EVAA (EVAA) Will Be Available on Binance Alpha and Binance Futures (2025-10-03)","a77f1232bd7c446796d87a3047e71819"
250977,1759303816268,"2025-10-01 07:30:16","Binance Will Add Nomina (NOM) on Earn, Buy Crypto, Convert, Margin & Futures","f4e81490ec9347f1b1ba68c2779d5863"
251199,1759375105856,"2025-10-02 03:18:25","Introducing DoubleZero (2Z) on Binance HODLer Airdrops! Earn 2Z With Retroactive BNB Simple Earn Subscriptions","ce383a4cd22743109da5c7f050457089"
251324,1759408207778,"2025-10-02 12:30:07","Binance Will Add DoubleZero (2Z) on Earn, Buy Crypto, Convert & Margin","1f967b4159784814af3ec43192b97cb9"
251448,1759485107646,"2025-10-03 09:51:47","Introducing Morpho (MORPHO) on Binance HODLer Airdrops! Earn MORPHO With Retroactive BNB Simple Earn Subscriptions","d625623188cf455ea2fea7cc48dcabfb"
251473,1759501801410,"2025-10-03 14:30:01","Binance Will Add Morpho (MORPHO) on Earn, Buy Crypto, Convert & Margin","bf0f0b344bd647cfb7e69dcee9c57463"
251501,1759557629574,"2025-10-04 06:00:29","Everlyn AI (LYN) Will Be Available on Binance Alpha and Binance Futures (2025-10-06)","f4077219b5a441b5bf39413c603c5a7b"
251527,1759644007072,"2025-10-05 06:00:07","KGeN (KGEN) Will Be Available on Binance Alpha and Binance Futures (2025-10-07)","70ff0dd3181940e39bf7601f94fc1935"
251602,1759736929954,"2025-10-06 07:48:49","Binance Will List Aster (ASTER) with Seed Tag Applied","ff209dd797b2418198c312a1a266e73a"
251686,1759750209902,"2025-10-06 11:30:09","Binance Will Add Aster (ASTER) on Earn, Buy Crypto, Convert & Margin","de6fbcc7c83d45729d687a814f03de58"
251895,1759917676881,"2025-10-08 10:01:16","Binance Futures Will Launch USDⓈ-Margined 4USDT Perpetual Contract (2025-10-08)","17fabba926004325b780c4d6883f0729"
252029,1759998183522,"2025-10-09 08:23:03","Binance Futures Will Launch USDⓈ-Margined GIGGLEUSDT Perpetual Contract (2025-10-09)","8272526b66b042dfbfbd7b717f3d4490"
252091,1760062881098,"2025-10-10 02:21:21","Introducing Walrus (WAL) on Binance HODLer Airdrops! Earn WAL With Retroactive BNB Simple Earn Subscriptions","0c86561f0863419ca441b2a4c96e790d"
252175,1760078701747,"2025-10-10 06:45:01","Binance Futures Will Launch USDⓈ-Margined MONUSDT Perpetual Contract Pre-Market Trading (2025-10-10)","746d4c61e34e467b9d6b1fae02300360"
252172,1760079632652,"2025-10-10 07:00:32","Binance Will Add Walrus (WAL) on Earn, Buy Crypto, Convert & Margin","8fae0473ae6e40ee81c4d6db38d8ce93"
252293,1760106609813,"2025-10-10 14:30:09","Binance Futures Will Launch USDⓈ-Margined YBUSDT Perpetual Contract Pre-Market Trading (2025-10-10)","820555baf29c42aabb844fb611091d38"
252348,1760184133382,"2025-10-11 12:02:13","Binance Futures Will Launch USDⓈ-Margined METUSDT Perpetual Contract Pre-Market Trading (2025-10-11)","1122eaa3253440cbbb27dedc31f87b22"
252389,1760248802415,"2025-10-12 06:00:02","Yei Finance (CLO) Will Be Available on Binance Alpha and Binance Futures (2025-10-14)","afc87b1d3dbe4280bfdee237a017a013"
252454,1760335241433,"2025-10-13 06:00:41","Recall (RECALL) Will Be Available on Binance Alpha and Binance Futures (2025-10-15)","58a0855c02b141f4886066aa74c32296"
252471,1760347368185,"2025-10-13 09:22:48","Introducing Euler (EUL) on Binance HODLer Airdrops! Earn EUL With Retroactive BNB Simple Earn Subscriptions","7d38f20e2d1e456dba84352d9284699e"
252496,1760364007564,"2025-10-13 14:00:07","Binance Will Add Euler (EUL) on Earn, Buy Crypto, Convert, Margin & Futures","b6a063683d5847e4af3f1505b7d29591"
252554,1760410712966,"2025-10-14 02:58:32","Introducing Enso (ENSO) on Binance HODLer Airdrops! Earn ENSO With Retroactive BNB Simple Earn Subscriptions","79ea046281db4d478a5f95049bd6546b"
252601,1760430607451,"2025-10-14 08:30:07","Binance Will Add Enso (ENSO) on Earn, Buy Crypto, Convert, Margin & Futures","6d1378f508614066bb3535f3f828efc6"
252629,1760435187057,"2025-10-14 09:46:27","Introducing Yield Basis (YB) on Binance HODLer Airdrops! Earn YB With Retroactive BNB Simple Earn Subscriptions","8b48c0db0eeb472ab0314377938af2dc"
252800,1760520605182,"2025-10-15 09:30:05","ZEROBASE (ZBT) Will Be Available on Binance Alpha and Binance Futures (2025-10-17)","f3c13e979ddc4e0e9dcb1ce721d9608c"
252834,1760524219742,"2025-10-15 10:30:19","Binance Will Add Yield Basis (YB) on Earn, Buy Crypto, Convert, Margin & Futures","b9993dfcc8a04aa5932d1b87f2c06f87"
252936,1760610628235,"2025-10-16 10:30:28","Astra Nova (RVV) Will Be Available on Binance Alpha and Binance Futures (2025-10-18)","846323399bac42c6813328f5ad2c3165"
253099,1760694813652,"2025-10-17 09:53:33","Introducing ZEROBASE (ZBT) on Binance HODLer Airdrops! Earn ZBT With Retroactive BNB Simple Earn Subscriptions","a6d3aaf1f6af443fb99386104551f5ad"
253128,1760704201471,"2025-10-17 12:30:01","Binance Will Add ZEROBASE (ZBT) on Earn, Buy Crypto, Convert & Margin","1ba416b57a844c6695ba08cbe9b2fd3b"
253157,1760705928360,"2025-10-17 12:58:48","Binance Futures Will Launch USDⓈ-Margined LABUSDT and RIVERUSDT Perpetual Contracts (2025-10-17)","b7c479f8dfa64156a34e8bcefc241732"
253243,1760950818868,"2025-10-20 09:00:18","Binance Futures Will Launch USDⓈ-Margined 币安人生USDT Perpetual Contract (2025-10-20)","a6aeec228c6a403da616e873011317ea"
253265,1760958185890,"2025-10-20 11:03:05","Bluwhale (BLUAI) Will Be Available on Binance Alpha and Binance Futures (2025-10-21)","60d8de3adfc44489a39a90488b2d6133"
253306,1761033409816,"2025-10-21 07:56:49","Introducing Turtle (TURTLE) on Binance HODLer Airdrops! Earn TURTLE With Retroactive BNB Simple Earn Subscriptions","d5e4381605934bb98919bf542d3d6afe"
253483,1761112831040,"2025-10-22 06:00:31","Orochi (ON) Will Be Available on Binance Alpha and Binance Futures (2025-10-24)","cb2091cbc3da4259972827293f8ed33d"
253542,1761143401327,"2025-10-22 14:30:01","Binance Will Add Turtle (TURTLE) on Earn, Buy Crypto, Convert, Margin & Futures","0e9155bb4e144e319a7fa905e3afdf70"
253670,1761201030953,"2025-10-23 06:30:30","aPriori (APR) Will Be Available on Binance Alpha and Binance Futures (2025-10-23)","381679cb8be64d0e9e792abc0a8e204c"
253779,1761227101100,"2025-10-23 13:45:01","Binance Futures Will Convert USDⓈ-Margined METUSDT Perpetual Contract Pre-Market Trading to Standard Perpetual Futures Contract (2025-10-23)","f602a53f41a24777b5888f2e5f3198c8"
253898,1761361338417,"2025-10-25 03:02:18","Binance Will List Giggle Fund (GIGGLE) and SynFutures (F) with Seed Tag Applied","9de462f111c64723ac54331163e2652c"
253931,1761370213527,"2025-10-25 05:30:13","Binance Will Add Giggle Fund (GIGGLE) and SynFutures (F) on Earn, Buy Crypto, Convert & Margin","2524a06863a641cc83d1ee07ad96f134"
253901,1761372015390,"2025-10-25 06:00:15","Common (COMMON) Will Be Available on Binance Alpha and Binance Futures (2025-10-27)","8e143fa6ccd2452dae9ec0143005cbd1"
253928,1761373843379,"2025-10-25 06:30:43","Semantic Layer (42) Will Be Available on Binance Alpha and Binance Futures (2025-10-27)","34b392a669364037a17ceed53ae97347"
254378,1761730575831,"2025-10-29 09:36:15","Binance Futures Will Launch USDⓈ-Margined ATUSDT Perpetual Contract (2025-10-29)","eedd30f534f94583b64db6ba7f375ac0"
254381,1761732868323,"2025-10-29 10:14:28","Binance Futures Will Launch USDⓈ-Margined KITEUSDT Perpetual Contract Pre-Market Trading (2025-10-29)","1567607937b44c5d924c4ab0c7010658"
254643,1761898168970,"2025-10-31 08:09:28","Introducing Kite (KITE) on Binance Launchpool! Farm KITE by Locking BNB, FDUSD and USDC","48da65d095eb44e093d856948552c402"
254673,1761911103896,"2025-10-31 11:45:03","Binance Futures Will Launch USDⓈ-Margined CCUSDT Perpetual Contract Pre-Market Trading (2025-10-31)","75b473baa0db499ca39cb1a40dba1b7b"
254759,1762149805142,"2025-11-03 06:03:25","Intuition (TRUST) Will Be Available on Binance Alpha and Binance Futures (2025-11-05)","1abbe04b6b7e4101a5a33ef49687c697"
254877,1762157651430,"2025-11-03 08:14:11","Introducing Momentum (MMT) on Binance HODLer Airdrops! Earn MMT With Retroactive BNB Simple Earn Subscriptions","105591654043469c97c4d545cbed182e"
254936,1762173001682,"2025-11-03 12:30:01","Binance Will Add Kite (KITE) on Earn, Buy Crypto, Convert, Margin & Futures","f8faf1c7fe35412ab7dd54f6ccd398d8"
255039,1762239707649,"2025-11-04 07:01:47","UnifAI (UAI) Will Be Available on Binance Alpha and Binance Futures (2025-11-06)","a4336acbf1104130b6504a6a3ac9e6ad"
255017,1762241400000,"2025-11-04 07:30:00","Notice on New Trading Pairs & Trading Bots Services on Binance Spot - 2025-11-05","6aa1dc31d9d94e3292dce3c8d0ce0ce1"
255011,1762252207695,"2025-11-04 10:30:07","Folks Finance (FOLKS) Will Be Available on Binance Alpha and Binance Futures (2025-11-06)","8fdb91cb78f444f49592d46504647a33"
255123,1762255824922,"2025-11-04 11:30:24","Binance Will Add Momentum (MMT) on Earn, Buy Crypto, Convert, Margin & Futures","c18b1bfd706648189e9f7ac9097351cc"
255514,1762404341669,"2025-11-06 04:45:41","Introducing Sapien (SAPIEN) on Binance HODLer Airdrops! Earn SAPIEN With Retroactive BNB Simple Earn Subscriptions","55ba4e6b3da34b50a637a6000a13a46b"
255568,1762421404456,"2025-11-06 09:30:04","Binance Will Add Sapien (SAPIEN) on Earn, Buy Crypto, Convert & Margin","72b80e50a99d4cbfa1ece53997b7506a"
255607,1762429474151,"2025-11-06 11:44:34","Binance Futures Will Launch USDⓈ-Margined STABLEUSDT Perpetual Contract Pre-Market Trading (2025-11-06)","6d4f42086ec1430eaf505f8e6bcf4127"
255719,1762581610820,"2025-11-08 06:00:10","Janction (JCT) Will Be Available on Binance Alpha and Binance Futures (2025-11-10)","94c59a9ac9e34879ab618f8f34f8ba01"
255795,1762763400000,"2025-11-10 08:30:00","Notice on New Trading Pairs & Trading Bots Services on Binance Spot - 2025-11-11","15be46d7fb674c50ab80736f322a742d"
255876,1762773305951,"2025-11-10 11:15:05","Binance Futures Will Convert USDⓈ-Margined CCUSDT Perpetual Contract Pre-Market Trading to Standard Perpetual Futures Contract (2025-11-10)","1c849dd19ba64e15af8ba7ac91c3fbdb"
255961,1762837110748,"2025-11-11 04:58:30","Introducing Allora (ALLO) on Binance HODLer Airdrops! Earn ALLO With Retroactive BNB Simple Earn Subscriptions","ea6c4d237ad14eb38169221c01fbd992"
256078,1762867805464,"2025-11-11 13:30:05","Binance Will Add Allora (ALLO) on Earn, Buy Crypto, Convert, Margin & Futures","828c72283f7d430dab612bfd579f0640"
256218,1762930858808,"2025-11-12 07:00:58","Planck (PLANCK) Will Be Available on Binance Alpha and Binance Futures (2025-11-13)","8ecf4a35c6bf4b1a98d40237991cb55a"
256318,1762942539520,"2025-11-12 10:15:39","Binance Futures Will Launch USDⓈ-Margined CLANKERUSDT and BEATUSDT Perpetual Contracts (2025-11-12)","15f01e2861ac46e2b698212cb220f4d7"
256321,1762948800000,"2025-11-12 12:00:00","Notice on New Trading Pairs & Trading Bots Services on Binance Spot - 2025-11-13","2ceeb7bf38f446ab995b94f9ce01a2e0"
256512,1763020070076,"2025-11-13 07:47:50","Pieverse (PIEVERSE) Will Be Available on Binance Alpha and Binance Futures (2025-11-14)","9601f5b2dd9e4f33bf7361fa61368191"
256520,1763028026501,"2025-11-13 10:00:26","Binance Will List Lorenzo Protocol (BANK) and Meteora (MET) with Seed Tag Applied","fd835b4cd95f4af89c461070994e684d"
256569,1763040605276,"2025-11-13 13:30:05","Binance Will Add Lorenzo Protocol (BANK) and Meteora (MET) on Earn, Buy Crypto, Convert & Margin","3e0d16ee89f84dd7b32868a72e088870"
256640,1763110800000,"2025-11-14 09:00:00","Notice on New Trading Pairs & Trading Bots Services on Binance Spot - 2025-11-26","52d33c3e07344e51848368a67b8e584c"
256679,1763123409013,"2025-11-14 12:30:09","Binance Futures Will Launch USDⓈ-Margined SENTUSDT Perpetual Contract Pre-Market Trading (2025-11-14)","fb2efc4fe76842f4a3eec950ca62b13e"
256825,1763359232478,"2025-11-17 06:00:32","GAIB (GAIB) Will Be Available on Binance Alpha and Binance Futures (2025-11-19)","beabc4c45419425fa32a0b44a1bcfab8"
256771,1763362800000,"2025-11-17 07:00:00","Notice on New Trading Pairs & Trading Bots Services on Binance Spot - 2025-11-18","d1248236870e4043aa6924718b14aa3f"
256905,1763366400981,"2025-11-17 08:00:00","Binance Adds USDT/USD and USDC/USD Spot Trading Pairs with Zero Trading Fee Promotion","16e04bb950d347e19b45ab773046d58a"
256967,1763434802971,"2025-11-18 03:00:02","Binance Will Add USD on Convert","01789b3311134a1596cf6d2192a4703a"
257245,1763537407227,"2025-11-19 07:30:07","Binance Futures Will Launch USDⓈ-Margined ZECUSDC Perpetual Contract (2025-11-19)","52213e5c80294723989f82c812937bbe"
257465,1763717331171,"2025-11-21 09:28:51","Binance Futures Will Launch USDⓈ-Margined BOBUSDT Perpetual Contract (2025-11-21)","36c4f838c82b4f81920d5adc958d9a53"
257609,1763995503423,"2025-11-24 14:45:03","Binance Futures Will Convert USDⓈ-Margined MONUSDT Perpetual Contract Pre-Market Trading to Standard Perpetual Futures Contract (2025-11-24)","5fc58bc5db5244088d8e5e787d68607b"
257728,1764122409226,"2025-11-26 02:00:09","Notice on New Trading Pairs & Trading Bots Services on Binance Spot - 2025-11-27 & 2025-11-29","fb39f3a27d184d0ba0e8d0c33d891ed2"
257871,1764168236086,"2025-11-26 14:43:56","Binance Futures Will Launch USDⓈ-Margined IRYSUSDT Perpetual Contract (2025-11-26)","302095391f0f43c0a6d206b3a10c4e78"
257971,1764232698399,"2025-11-27 08:38:18","Introducing APRO (AT) on Binance HODLer Airdrops! Earn AT With Retroactive BNB Simple Earn Subscriptions","b0c65316e2bc4878838852b16291d07b"
258010,1764250223601,"2025-11-27 13:30:23","Binance Will Add APRO (AT) on Earn, Buy Crypto, Convert & Margin","2f67d968fb744180b09a3ee01fc75feb"
258432,1764665000303,"2025-12-02 08:43:20","Binance Futures Will Launch USDⓈ-Margined RLSUSDT Perpetual Contract (2025-12-02)","76379c0d6b7f4fc4861a734db668803a"
258490,1764741600000,"2025-12-03 06:00:00","Notice on New Trading Pairs & Trading Bots Services on Binance Spot - 2025-12-04","6f4c5397413f47bb832a79ee54423eb7"
258836,1765006814266,"2025-12-06 07:40:14","Binance Futures Will Launch USDⓈ-Margined POWERUSDT Perpetual Contract (2025-12-06)","97c003f1e70f497e98f606ae8b3f1822"
259111,1765344602829,"2025-12-10 05:30:02","Notice on New Trading Pairs & Trading Bots Services on Binance Spot and Update to B-Token Collateral - 2025-12-11","ca5e0dbf84dd4f929ca6a309daeff1b3"
259141,1765345514302,"2025-12-10 05:45:14","Binance Futures Will Launch USDⓈ-Margined WETUSDT Perpetual Contract (2025-12-10)","070db7effe984b69bd4bf2240cee4487"
259255,1765359869769,"2025-12-10 09:44:29","Binance Futures Will Launch USDⓈ-Margined NIGHTUSDT Perpetual Contract (2025-12-10)","675d519f99d34af29b4225a70a7995fa"
259585,1765531048292,"2025-12-12 09:17:28","Binance Futures Will Launch USDⓈ-Margined USUSDT and CYSUSDT Perpetual Contracts (2025-12-12)","5fa5a39fec7044838d4aad92e9cf13fe"
259659,1765721889439,"2025-12-14 14:18:09","Binance Futures Will Launch USDⓈ-Margined RAVEUSDT Perpetual Contract (2025-12-14)","51aa167664c542eb857533e11eb213bc"
259728,1765783803804,"2025-12-15 07:30:03","Notice on New Trading Pairs & Trading Bots Services on Binance Spot - 2025-12-16","ef62c53a747d4bb6bceb799db929a0ec"
260501,1766306007340,"2025-12-21 08:33:27","Binance Futures Will Launch USDⓈ-Margined ZKPUSDT, GUAUSDT and IRUSDT Perpetual Contract (2025-12-21)","9e90affc1f364000b4ed299a64f3f5bc"
260568,1766386801293,"2025-12-22 07:00:01","Binance Will List KGST & Enable Trading Bots Services on Binance Spot - 2025-12-24","bfe438851d504c89b27df2ad25bb0cf6"
260547,1766387700000,"2025-12-22 07:15:00","Notice on New Trading Pairs & Trading Bots Services on Binance Spot - 2025-12-24","69689d93dade4eaebbdd9d2d8582da17"
260627,1766458807763,"2025-12-23 03:00:07","Binance Futures Will List USDⓈ-M & COIN-M Quarterly 0626 Delivery Contracts","ad0e765a656a4a0ca93aeb8899aa5b39"
260698,1766498015803,"2025-12-23 13:53:35","Binance Futures Will Launch USDⓈ-Margined LITUSDT Perpetual Contract Pre-Market Trading (2025-12-23)","6a33be00231c4539b3a4a625538e4d1e"
260849,1766561407143,"2025-12-24 07:30:07","Binance Will Add KGST (KGST) on Earn, Buy Crypto & Convert","caaa09b168874ce4884dda4a52d99556"
261112,1767090609767,"2025-12-30 10:30:09","Binance Futures Will Launch USDⓈ-Margined BREVUSDT Perpetual Contract Pre-Market Trading (2025-12-30)","4f44a54be06444ea9510d4db3d5fb9c3"
261215,1767181510384,"2025-12-31 11:45:10","Binance Futures Will Launch USDⓈ-Margined COLLECTUSDT and MAGMAUSDT Perpetual Contracts (2025-12-31)","f5765e4f306042bd8a0cebf546fafd78"
261496,1767596403320,"2026-01-05 07:00:03","Notice on New Trading Pairs & Trading Bots Services on Binance Spot - 2026-01-06","a523baf0ac1c433f8938f53ca6a04909"
261583,1767607454724,"2026-01-05 10:04:14","Introducing Brevis (BREV) on Binance HODLer Airdrops! Earn BREV With Retroactive BNB Simple Earn Subscriptions","59a69279ee4148d5b267934a92319d33"
261630,1767686416512,"2026-01-06 08:00:16","Binance Adds New JPY Spot Trading Pairs and Launches Zero Maker Fee Promotion - 2026-01-09","97f95793c1734acd9200c354ae4b8ec0"
261700,1767706217945,"2026-01-06 13:30:17","Binance Will Add Brevis (BREV) on Earn, Buy Crypto, Convert, Margin & Futures","fa653f7b3585491f96d5723cfe683319"
261749,1767769249961,"2026-01-07 07:00:49","Binance Futures Will Launch USDⓈ-Margined XAGUSDT Perpetual Contract (2026-01-07)","bd92dee1018f421fae1ace119fc2f706"
261819,1767782346580,"2026-01-07 10:39:06","Binance Will List 币安人生 (币安人生) and zkPass (ZKP) with Seed Tag Applied","51881f9d018242ce80bed6ce015de2a7"
261858,1767792606045,"2026-01-07 13:30:06","Binance Will Add 币安人生 (币安人生) and zkPass (ZKP) on Earn, Buy Crypto, Convert & Margin","c47daaed214a48ebb549e80578f90658"
262153,1767948118055,"2026-01-09 08:41:58","Binance Futures Will Launch USDⓈ-Margined ZAMAUSDT Perpetual Contract Pre-Market Trading (2026-01-09)","1d5735f9aab24740b65de16d1499c705"
262186,1768052538059,"2026-01-10 13:42:18","Binance Futures Will Launch USDⓈ-Margined FOGOUSDT Perpetual Contract Pre-Market Trading (2026-01-10)","6abc74c125ff4addb36576bf76ba5658"
262223,1768201200000,"2026-01-12 07:00:00","Notice on New Trading Pairs & Trading Bots Services on Binance Spot - 2026-01-13","a93a57d6695d4cb1bffcae92d0f07375"
262240,1768203007638,"2026-01-12 07:30:07","Binance Will List United Stables (U) and Introduce U Zero Trading Fee Promotion","54de0a1147d04cf382707002a30901fd"
262295,1768222253294,"2026-01-12 12:50:53","Binance Will List Fogo (FOGO) with Seed Tag Applied","4ba222e6a62e4544a408ff1689682404"
262392,1768289403187,"2026-01-13 07:30:03","Binance Will Add United Stables (U) on Earn, Buy Crypto & Convert","2ab881e09c10437abae9465ca33e7fd5"
262626,1768446001864,"2026-01-15 03:00:01","Binance Margin Will Add United Stables (U)","10d73e2579b6402e812be232820f0227"
262632,1768462206116,"2026-01-15 07:30:06","Binance Will Add Frax (FRAX) on Earn, Buy Crypto, Convert, Margin & Futures","d3a87ea5cd69421884932ef7f91d6c5b"
262737,1768484541232,"2026-01-15 13:42:21","Binance Will Add Fogo (FOGO) on Earn, Buy Crypto, Convert, Margin & Futures","4a3ffe0ebaba49c188cec41968b54b80"
262853,1768565878954,"2026-01-16 12:17:58","Binance Futures Will Launch USDⓈ-Margined SPORTFUNUSDT and AIAUSDT Perpetual Contracts (2026-01-16)","31ec31401a8f43ae821f80351fa94857"
262975,1768809601264,"2026-01-19 08:00:01","Notice on New Trading Pairs & Trading Bots Services on Binance Spot - 2026-01-20","9fa9574a9aaa47279b43d1c7cd46abf7"
263031,1768878002705,"2026-01-20 03:00:02","Binance Margin Will Add New Pairs - 2026-01-20","6e7a47d225324d4ab009192f835376b7"
263104,1768904790062,"2026-01-20 10:26:30","Binance Futures Will Launch USDⓈ-Margined AIAUSDT Perpetual Contract (2026-01-20)","4e7c59d4078e4babbc191c80fe6698e7"
263247,1768984201712,"2026-01-21 08:30:01","Binance Will List Ripple USD (RLUSD) and Introduce RLUSD Zero Trading Fee Promotion","29ba8e4cfa1b45ea88653c029cedd0cd"
263367,1768994235066,"2026-01-21 11:17:15","Binance Futures Will Launch USDⓈ-Margined ACUUSDT and 我踏马来了USDT Perpetual Contracts (2026-01-21)","7736f9a5aae24206b17884e5de02dabc"
263411,1769059554238,"2026-01-22 05:25:54","Binance Will List Sentient (SENT) with Seed Tag Applied","85af9e52f60547dd8f7b67fd3dc2f7b4"
263466,1769064429007,"2026-01-22 06:47:09","Binance Futures Will Launch USDⓈ-Margined ELSAUSDT Perpetual Contract (2026-01-22)","4afa6aa807234762b141920847b4fe0b"
263463,1769067003913,"2026-01-22 07:30:03","Binance Will Add Ripple USD (RLUSD) on Earn, Buy Crypto, Convert, Margin & VIP Loan","4d4ddded708c4ff19cc9edf9be781649"
263555,1769073274832,"2026-01-22 09:14:34","Binance Futures Will Launch USDⓈ-Margined SKRUSDT Perpetual Contract (2026-01-22)","c0f1a2163493429eab17fa8d1540e6f4"
263575,1769085007940,"2026-01-22 12:30:07","Binance Will Add Sentient (SENT) on Earn, Buy Crypto, Convert, VIP Loan, Margin & Futures","5fe5a15ee7cb403fb09f1e9f9b4cd80c"
263779,1769163362322,"2026-01-23 10:16:02","Binance Futures Will Launch USDⓈ-Margined SPACEUSDT and FIGHTUSDT Perpetual Contracts (2026-01-23)","3edd59bc38c147259945b634a1d2c039"
263886,1769410804343,"2026-01-26 07:00:04","Notice on New Trading Pairs & Trading Bots Services on Binance Spot - 2026-01-27","4b7538cd0646462d8579a8c5a7d675f0"
263941,1769426975659,"2026-01-26 11:29:35","Binance Futures Will Launch USDⓈ-Margined TSLAUSDT Equity Perpetual Contract (2026-01-28)","40c76b4deaa247f09774e5d1ee747cb8"
263987,1769482801125,"2026-01-27 03:00:01","Binance Margin Will Add New Pairs - 2026-01-27","c015d6b3a0af42499c2f3c4c340d1c23"
264153,1769657388656,"2026-01-29 03:29:48","Binance Futures Will Launch USDⓈ-Margined BIRBUSDT and GWEIUSDT Perpetual Contracts (2026-01-29)","f36f2df72ca44c53bed7b9c08f303788"
264257,1769750169670,"2026-01-30 05:16:09","Binance Futures Will Launch USDⓈ-Margined XPTUSDT and XPDUSDT Perpetual Contracts (2026-01-30)","0217a404bf984c028ebf9f92e083052c"
264315,1769762825258,"2026-01-30 08:47:05","Binance Futures Will Launch USDⓈ-Margined INTCUSDT and HOODUSDT Equity Perpetual Contracts (2026-02-02)","d592f6ba938746cbadaaf5a8a714abd6"
264332,1769769359414,"2026-01-30 10:35:59","Binance Futures Will Launch USDⓈ-Margined MEGAUSDT Perpetual Contract Pre-Market Trading (2026-01-30)","367887bc291d43f8a94877e101e17813"
264369,1769794397965,"2026-01-30 17:33:17","Binance Futures Will Launch USDⓈ-Margined INXUSDT Perpetual Contract (2026-01-30)","01825e017ab34771aa8634505745ef7e"
264540,1770006523224,"2026-02-02 04:28:43","Binance Will List Zama (ZAMA) with Seed Tag Applied","c411646abd94488bba084537c5563beb"
264699,1770035411095,"2026-02-02 12:30:11","Binance Will Add Zama (ZAMA) on Earn, Buy Crypto, Convert, VIP Loan, Margin & Futures","99617273605941ae808e420ea947fe46"
265192,1770290918830,"2026-02-05 11:28:38","Binance Futures Will Launch Multiple USDⓈ-Margined Equity Perpetual Contracts (2026-02-09)","f083bdc8f37d4d45a0e0ec6fd5cd4086"
265210,1770373050892,"2026-02-06 10:17:30","Binance Futures Will Launch USDⓈ-Margined TRIAUSDT Perpetual Contract (2026-02-06)","466fc5b69ff0407a96285327761edcf0"
265304,1770620425487,"2026-02-09 07:00:25","Notice on New Trading Pairs & Trading Bots Services on Binance Spot - 2026-02-10","a79548cf58c34b779731403610c7e7bb"
265422,1770696001170,"2026-02-10 04:00:01","Binance Margin Will Add New Pairs - 2026-02-10","f7e2e0bbfccf40848e05a6daeb53c9c0"
265486,1770710418198,"2026-02-10 08:00:18","Binance Futures Will Launch USDⓈ-Margined ESPUSDT Perpetual Contract Pre-Market Trading (2026-02-10)","d60d3f7a16144a26ade3e9a84cd9156f"
265578,1770783239091,"2026-02-11 04:13:59","Binance Futures Will Launch USDⓈ-Margined AZTECUSDT Perpetual Contract Pre-Market Trading (2026-02-11)","2bf6526552a8464da4420fd0d5a412a9"
265750,1770881303176,"2026-02-12 07:28:23","Binance Will List Espresso (ESP) with Seed Tag Applied","c8f9e4e1e7de458482a2af3cf64c9093"
265786,1770899430661,"2026-02-12 12:30:30","Binance Will Add Espresso (ESP) on Earn, Buy Crypto, Convert, VIP Loan, Margin & Futures","b4a7618315fc4e32acbea2f68143f11d"
266123,1771684885775,"2026-02-21 14:41:25","Binance Futures Will Launch USDⓈ-Margined OPNUSDT Perpetual Contract Pre-Market Trading (2026-02-21)","10096321bd8f49658a749fe00d8ea4ff"
266296,1771921815043,"2026-02-24 08:30:15","Notice on New Trading Pairs & Trading Bots Services on Binance Spot - 2026-02-25","e248c61ffac44634805f37e3b12e4da5"
266365,1771992016675,"2026-02-25 04:00:16","Binance Margin Will Add New Pairs - 2026-02-25","9be0d662b9434e44a59aea700038b274"
266686,1772179222463,"2026-02-27 08:00:22","Binance Futures Will Launch USDⓈ-Margined ROBOUSDT Perpetual Contract (2026-02-27)","35787d4177b84f1bbe32aeeb94232e86"
266756,1772425000299,"2026-03-02 04:16:40","Binance Futures Will Launch USDⓈ-Margined KATUSDT Perpetual Contract Pre-Market Trading (2026-03-02)","d07ab8a296854013992d336e1d1f7488"
266842,1772449200000,"2026-03-02 11:00:00","Notice on New Trading Pairs & Trading Bots Services on Binance Spot - 2026-03-03","9693980663654676be7a7b3234c35c91"
266876,1772455551819,"2026-03-02 12:45:51","Introducing Opinion (OPN) on Binance Launchpool! Farm OPN by Locking BNB, USDC, U, and USD1","d5810276f8c44fa7ade2b93746cd6a0a"
266942,1772517605207,"2026-03-03 06:00:05","Notice on New Trading Pairs & Trading Bots Services on Binance Spot - 2026-03-05","ef499f7320c14852b4fd3328f948caaf"
267084,1772604001256,"2026-03-04 06:00:01","Binance Margin Will Add New Pairs - 2026-03-05","6e0cd5fcbb5746db84ba0b2f2f055d2b"
267131,1772609401353,"2026-03-04 07:30:01","Binance Will Add MANTRA (MANTRA) on Earn, Buy Crypto, Convert, VIP Loan, Margin & Futures","e2571aedb19d4e66876089fcc7a8f601"
267265,1772627404241,"2026-03-04 12:30:04","Binance Futures Will Launch USDⓈ-Margined COPPERUSDT Perpetual Contract (2026-03-06)","44a37bb537b3460aafed58b8d68f5313"
267283,1772629994452,"2026-03-04 13:13:14","Binance Will List Fabric Protocol (ROBO) with Seed Tag Applied","82c9c8166a2a434681c20a23a346a5b8"
267320,1772640008678,"2026-03-04 16:00:08","Binance Will Add Fabric Protocol (ROBO) on Earn, Buy Crypto, Convert, VIP Loan & Margin","caec3d0eff0546be94e5b56844e0c432"
267402,1772713833599,"2026-03-05 12:30:33","Binance Will Add Opinion (OPN) on Earn, Buy Crypto, Convert, VIP Loan, Margin & Futures","b3ef81d0193c42e791d517481867b558"
267631,1773050407422,"2026-03-09 10:00:07","Notice on New Trading Pairs & Trading Bots Services on Binance Spot - 2026-03-10","b552c16e2c7b45e5849f50518ee62df7"
267670,1773115200912,"2026-03-10 04:00:00","Binance Margin Will Add New Pairs - 2026-03-10","1e02785d237c472a9d20bdbb32c46f3c"
267943,1773224663446,"2026-03-11 10:24:23","Binance Futures Will Launch USDⓈ-Margined 龙虾USDT Perpetual Contract (2026-03-11)","d9c05581552140eba3f393ef0a9a23b3"
267961,1773228681283,"2026-03-11 11:31:21","Introducing Midnight (NIGHT) on Binance HODLer Airdrops! Earn NIGHT With Retroactive BNB Simple Earn Subscriptions","e4af642d375846d793615f1a51f6ad77"
267988,1773241201739,"2026-03-11 15:00:01","Binance Will Add Midnight (NIGHT) on Earn, Buy Crypto, Convert, VIP Loan & Margin","d99bba308e50404b889f677101ed5112"
268115,1773325803959,"2026-03-12 14:30:03","Binance Futures Will Launch EWYUSDT USDⓈ-Margined Index Perpetual Contract (2026-03-16)","ce8f84ad8b6e4307becb06758017cb02"
268137,1773366336337,"2026-03-13 01:45:36","Binance Will List Katana (KAT) with Seed Tag Applied","01f1ef18ab314cc78cd3744760e4dc1f"
268410,1773655203070,"2026-03-16 10:00:03","Notice on New Trading Pairs & Trading Bots Services on Binance Spot - 2026-03-17","2cc9b5f11acb432383be9fbeb4d3d327"
268425,1773656559260,"2026-03-16 10:22:39","Binance Will List Centrifuge (CFG) with Seed Tag Applied","bcd4473a511948bf8b305f0f6a695313"
268452,1773657001277,"2026-03-16 10:30:01","Binance Futures Will Launch EWJUSDT USDⓈ-Margined Index Perpetual Contract (2026-03-19)","521c39a39f3d4910af0835d477277299"
268485,1773664209346,"2026-03-16 12:30:09","Binance Will Add Centrifuge (CFG) on Earn, Buy Crypto, Convert, VIP Loan, Margin & Futures","de6b9988ebb24d718e35ee5d6864de05"
268514,1773716401712,"2026-03-17 03:00:01","Binance Margin Will Add New Pairs - 2026-03-17","f826d6e2bfe34f309f203553c4778076"
268576,1773804614268,"2026-03-18 03:30:14","Introducing Fabric Protocol (ROBO) on Binance HODLer Airdrops! Earn ROBO With Retroactive BNB Simple Earn Subscriptions","20ac487755434d559568552e9812cbf0"
268706,1773837462750,"2026-03-18 12:37:42","Binance Will Add Katana (KAT) on Earn, Buy Crypto, Convert, VIP Loan, Margin & Futures","10f29f9f250542f596169c09a883890f"
268858,1773926963305,"2026-03-19 13:29:23","Binance Futures Will Launch USDⓈ-Margined EDGEUSDT Perpetual Contract Pre-Market Trading (2026-03-19)","f4038a3dbd6d49318c2ee201051fe43e"
268876,1773975672935,"2026-03-20 03:01:12","Binance Futures Will List USDⓈ-M & COIN-M Quarterly 0925 Delivery Contracts","39998757afa54c85a80091896cecd62b"
268979,1774015109010,"2026-03-20 13:58:29","Binance Futures Will Launch PAYPUSDT USDⓈ-Margined Equity Perpetual Contract (2026-03-23)","eb32c90a26fd405d97ea0c4174d41d74"
269141,1774370442248,"2026-03-24 16:40:42","Binance Futures Will Launch Multiple USDⓈ-Margined Equity Perpetual Contracts (2026-03-26)","1aa8f5f80e4a4afcab149e653fd3113d"
269402,1774433658121,"2026-03-25 10:14:18","Binance Futures Will Launch USDⓈ-Margined BSBUSDT Perpetual Contract (2026-03-25)","25ad30a9e9b84f6eb81294cebfe7c247"
269505,1774521928143,"2026-03-26 10:45:28","Binance Will List Tether Gold (XAUt) with Seed Tag Applied","20861b38a9c246ff92db218bae2e83fa"
269532,1774530004612,"2026-03-26 13:00:04","Binance Will Add Tether Gold (XAUT) on Earn, Buy Crypto, Convert, VIP Loan, Margin & Futures","a82f1ff4c33244698c149d8b6fed2b01"
269535,1774530837138,"2026-03-26 13:13:57","Tether Gold (XAUt) Listing Will Be Postponed","82f7055dabfd4f37aa507bc32f28613c"
269707,1774863642485,"2026-03-30 09:40:42","Binance Futures Will Launch USDⓈ-Margined BASEDUSDT Perpetual Contract (2026-03-30)","63341635f7b94af2835eba2dc72d07d4"
269706,1774864801397,"2026-03-30 10:00:01","Notice on New Trading Pairs & Trading Bots Services on Binance Spot - 2026-03-31","16404ccfa2494b38aef6a39b08960d1d"
269750,1774875635673,"2026-03-30 13:00:35","Binance Futures Will Launch USDⓈ-Margined CLUSDT, BZUSDT and NATGASUSDT Perpetual Contracts (2026-04-01)","e7a10ca855524655ab3dea73add40ef4"
269849,1774929601532,"2026-03-31 04:00:01","Binance Margin Will Add New Pairs - 2026-03-31","e24d20cdd61041eca8050482e824a522"
270107,1775037060284,"2026-04-01 09:51:00","Binance Futures Will Launch USDⓈ-Margined PRLUSDT Perpetual Contract (2026-04-01)","0116dd83010043bd95c37626e2277bbe"
270195,1775121303208,"2026-04-02 09:15:03","Binance Futures Will Launch QQQUSDT, SPYUSDT, AAPLUSDT and TSMUSDT USDⓈ-Margined Perpetual Contracts (2026-04-06)","4cde981dc32d4268b7645e9d16e8d63a"
270307,1775223007828,"2026-04-03 13:30:07","Binance Futures Will Launch MUUSDT and SNDKUSDT USDⓈ-Margined Equity Perpetual Contracts (2026-04-07)","80549fadb3e447d1a859b8cedd0ccd69"
270794,1775719812073,"2026-04-09 07:30:12","Binance Will Add USDS (USDS) on Earn, Buy Crypto, Convert, VIP Loan & Margin","0a9581bcaef24410a1dace51722112c8"
271570,1776304988861,"2026-04-16 02:03:08","Binance Futures Will Launch USDⓈ-Margined GENIUSUSDT Perpetual Contract (2026-04-16)","741ea1c99c1e4897a5bd77aa5db4abc4"
271611,1776320055403,"2026-04-16 06:14:15","Binance Futures Will Launch USDⓈ-Margined CHIPUSDT Perpetual Contract Pre-Market Trading (2026-04-16)","9db6d823933341f1abcc04ed9ceab35d"
271640,1776332696813,"2026-04-16 09:44:56","Binance Futures Will Launch MSFTUSDT, AVGOUSDT and BABAUSDT USDⓈ-Margined Perpetual Contracts (2026-04-20)","16fe15060947481ab240fb398230a3ee"
271797,1776668405964,"2026-04-20 07:00:05","Notice on New Trading Pairs & Trading Bots Services on Binance Spot - 2026-04-21","592c10e64f90408d8c553848a35d18fe"
271825,1776740408299,"2026-04-21 03:00:08","Binance Margin Will Add New Pairs - 2026-04-21","dc394582165d4c6da83c54b78791687f"
271926,1776772832132,"2026-04-21 12:00:32","Binance Will List Chip (CHIP) with Seed Tag Applied","fd57a395639b466ab8bfc792670c679d"
271973,1776776407020,"2026-04-21 13:00:07","Binance Will Add Chip (CHIP) on Earn, Buy Crypto, Convert, VIP Loan, Margin & Futures","cc3774b86f974052a01ab88d8a08be55"
272104,1776869515953,"2026-04-22 14:51:55","Binance Futures Will Launch USDⓈ-Margined OPGUSDT Perpetual Contract (2026-04-22)","e4b4751f7ee845dd9df5c1bfd94ade51"
272383,1777276837542,"2026-04-27 08:00:37","Notice on New Trading Pairs & Trading Bots Services on Binance Spot - 2026-04-28","75a90e75150c4917b54c5251cba87225"
272477,1777348802694,"2026-04-28 04:00:02","Binance Margin Will Add New Pairs - 2026-04-28","52ca7793dcdd43ad822f43cfacc42231"
272575,1777363203344,"2026-04-28 08:00:03","Introducing USD.AI (CHIP) on Binance HODLer Airdrops! Earn CHIP With Retroactive BNB Simple Earn Subscriptions","c8d2380a71ee4b56980cf7798d2e3d8f"
272782,1777469224104,"2026-04-29 13:27:04","Binance Futures Will Launch USDⓈ-Margined AIGENSYNUSDT Perpetual Contract (2026-04-29)","524345e64dd14a23989bfe1e547760b5"
272818,1777525206261,"2026-04-30 05:00:06","Binance Adds USDT/KZT Spot Trading Pair","51c9c56c7d3141fdac18cb9a152defc8"
272905,1777540049704,"2026-04-30 09:07:29","Binance Will List MegaETH (MEGA) with Seed Tag Applied","506a7482e6b94bc58f3e275cb15c2861"
272985,1777546078718,"2026-04-30 10:47:58","Binance Will Add MegaETH (MEGA) on Earn, Buy Crypto, Convert, VIP Loan, Margin & Futures","cd5899547cf34fb0a09cdc9a1eddee9f"
273107,1777876197125,"2026-05-04 06:29:57","Binance Futures Will Launch AMDUSDT, QCOMUSDT and USARUSDT USDⓈ-Margined Perpetual Contracts (2026-05-06)","9f61baed332542118387bb161030df01"
273334,1778137169304,"2026-05-07 06:59:29","Binance Futures Will Launch USDⓈ-Margined BILLUSDT Perpetual Contract (2026-05-07)","7220be8100ee41149169e9179c380c8c"
273458,1778479205246,"2026-05-11 06:00:05","Notice on New Trading Pairs & Trading Bots Services on Binance Spot - 2026-05-12","9d96b17988bd41e9bd8898c586f68744"
273599,1778556603776,"2026-05-12 03:30:03","Binance Margin Will Add New Pairs - 2026-05-12","b4eb8e22deba433583fe18e327e382e0"
273893,1778672701574,"2026-05-13 11:45:01","Binance Futures Will Launch Multiple USDⓈ-Margined TradFi Perpetual Contracts (2026-05-15)","3c04310db1ad4e0fbe234d2c00d0c785"
273955,1778732044113,"2026-05-14 04:14:04","Binance Futures Will Launch USDⓈ-Margined PHAROSUSDT and STARUSDT Perpetual Contracts (2026-05-14)","12bcf9092e9c46358de3e49f8ef17f88"
274002,1778751995557,"2026-05-14 09:46:35","Binance Futures Will Launch Multiple USDⓈ-Margined TradFi Perpetual Contracts (2026-05-15 & 2026-05-18)","a2bce2686fc64a61b44c4335facafe7f"
274005,1778752803676,"2026-05-14 10:00:03","Binance Will List Gensyn (AIGENSYN) with Seed Tag Applied","71f44e5e014c445697bb6a6f70315e35"
274104,1778772587443,"2026-05-14 15:29:47","Binance Futures Will Launch USDⓈ-Margined BTCUSD1 Perpetual Contract (2026-05-18)","5a6284dbe6a7420b85a94054b6fb6613"
274074,1778778270843,"2026-05-14 17:04:30","Binance Will Add Gensyn (AIGENSYN) on Earn, Buy Crypto, Convert, VIP Loan & Margin","875f9acd516c443b8752e800aa94b4b1"
274164,1778910261924,"2026-05-16 05:44:21","Binance Futures Will Launch Multiple USDⓈ-Margined TradFi Perpetual Contracts (2026-05-18)","6253a74ac0734740bdf36864584d1bd1"
274243,1779102956728,"2026-05-18 11:15:56","Binance Futures Will Launch CBRSUSDT USDⓈ-Margined TradFi Perpetual Contract (2026-05-19)","3544b8dab5e64f839316a360495a6387"
274638,1779334220816,"2026-05-21 03:30:20","Binance Futures Will Launch USDⓈ-Margined SPCXUSDT USDⓈ-Margined Perpetual Contract Pre-IPO Trading (2026-05-21)","4a9484ee10b347d287f514ee3fdd6a29"
274664,1779361202869,"2026-05-21 11:00:02","Introducing Gensyn (AIGENSYN) on Binance HODLer Airdrops! Earn AIGENSYN With Retroactive BNB Simple Earn Subscriptions","8c6cfaeddbd04f1595f658ac1dfbd0e7"
274823,1779434315961,"2026-05-22 07:18:35","Binance Will List Genius Terminal (GENIUS) and OpenGradient (OPG) with Seed Tag Applied","4de6272354be421ba51ea042fd273a8d"
274888,1779450306558,"2026-05-22 11:45:06","Binance Will Add Genius Terminal (GENIUS) and OpenGradient (OPG) on Earn, Buy Crypto, Convert, VIP Loan & Margin","6b7d36a6472f4f60803a1d048d1c33e8"
275072,1779765307388,"2026-05-26 03:15:07","Binance Futures Will Launch Multiple USDⓈ-Margined TradFi Perpetual Contracts (2026-05-26)","f3a598a5ab4344af993f67a9c3f4544a"
275104,1779778801392,"2026-05-26 07:00:01","Binance Futures Will Launch OPENAIUSDT USDⓈ-Margined Perpetual Contract Pre-IPO Trading (2026-05-26)","94f88766c6c84d68a07f006bc076ba6a"
275356,1779956189339,"2026-05-28 08:16:29","Binance Futures Will Launch USDⓈ-Margined CTRUSDT Perpetual Contract (2026-05-28)","ee40eb721abc460cb7edca6df04d782b"
275489,1780038006968,"2026-05-29 07:00:06","Binance Futures Will Launch QNTXUSDT USDⓈ-Margined Perpetual Contract Pre-IPO Trading (2026-05-29)","3bdaff694bde45ccb443709336c8686d"
275505,1780041603554,"2026-05-29 08:00:03","Introducing Genius Terminal (GENIUS) on Binance HODLer Airdrops! Earn GENIUS With Retroactive BNB Simple Earn Subscriptions","455eedc320bd43e28e2326f58d4aac2a"
275555,1780280095548,"2026-06-01 02:14:55","Binance Futures Will Launch Multiple USDⓈ-Margined TradFi Perpetual Contracts (2026-06-01)","73769d872a644d7082bc79cde6c12d98"
275647,1780294508711,"2026-06-01 06:15:08","Binance Futures Will Launch USDⓈ-Margined SLXUSDT Perpetual Contract (2026-06-01)","4299caec4ca4407cb282707154a97ffe"
275716,1780323321180,"2026-06-01 14:15:21","Binance Futures Will Launch Multiple USDⓈ-Margined TradFi Perpetual Contracts (2026-06-02)","ed2c6a6160c64eb397b534af90b9d66a"
275737,1780369288377,"2026-06-02 03:01:28","Binance Futures Will Launch ANTHROPICUSDT USDⓈ-Margined Perpetual Contract Pre-IPO Trading (2026-06-02)","2b9ff1e1acf8433793bc40c59a0cb852"
275892,1780455601465,"2026-06-03 03:00:01","Binance Adds USDT/AED Spot Trading Pair","66d54f75b3a041ff991ddd179ab6ed39"
275984,1780469106439,"2026-06-03 06:45:06","Binance Futures Will Launch Multiple USDⓈ-Margined TradFi Perpetual Contracts (2026-06-03)","d77e2d77ea21405d9ef2cd7c6974ea5f"
276229,1780577062460,"2026-06-04 12:44:22","Binance Futures Will Launch USDⓈ-Margined ZESTUSDT and BTWUSDT Perpetual Contracts (2026-06-04)","61e41ce0e4b74dc7a794cc6bf9c57d38"
276395,1780893901727,"2026-06-08 04:45:01","Binance Futures Will Launch Multiple USDⓈ-Margined TradFi Perpetual Contracts (2026-06-08)","9595cb2560cc4f4b9906dca1d4cbd6d1"
276476,1780985712545,"2026-06-09 06:15:12","Binance Futures Will Launch Multiple USDⓈ-Margined TradFi Perpetual Contracts (2026-06-09)","f598c7bb87d74b8c995b9f67bf210be1"
276585,1781065819549,"2026-06-10 04:30:19","Binance Futures Will Launch Multiple USDⓈ-Margined TradFi Perpetual Contracts (2026-06-10)","b893d3539ae34c47856013b1f3cc94fb"
276722,1781163003874,"2026-06-11 07:30:03","Binance Futures Will Launch Multiple USDⓈ-Margined TradFi Perpetual Contracts (2026-06-11)","f622c1f2a1a94ba1894d9a9e265fb4b9"
276672,1781186706698,"2026-06-11 14:05:06","Binance Exchange Adds bStocks Tokenized Securities Trading Pair(s) & Trading Bots Services on Binance Spot - 2026-06-11","5646e3f9ea6b4c989cb76aa18bd99245"
276964,1781280000917,"2026-06-12 16:00:00","Binance Exchange Adds bStocks Tokenized Securities SpaceX (SPCXB) on Binance Spot - 2026-06-12","191cb96109f24c5c85362631a55a45d3"
277364,1781748033640,"2026-06-18 02:00:33","Binance Futures Will List USDⓈ-M & COIN-M Quarterly 1225 Delivery Contracts","81092181ec124efea616f591cf335c05"
277384,1781776041424,"2026-06-18 09:47:21","Binance Will List Re (RE) with Seed Tag Applied","4f90bec2f7984f71aaa9465830b1c6a6"
277604,1781790304798,"2026-06-18 13:45:04","Binance Will Add Re (RE) on Earn, Buy Crypto, Convert, VIP Loan, Margin & Futures","005d1ef77538417cbe69d4703deb1969"
277718,1782108002890,"2026-06-22 06:00:02","Notice on New Trading Pairs & Trading Bots Services on Binance Spot - 2026-06-23","f0c763fc49934c1b9b4e4ce1653e67dc"
277736,1782116120368,"2026-06-22 08:15:20","Binance Futures Will Launch Multiple USDⓈ-Margined TradFi Perpetual Contracts (2026-06-22)","88ea4a4f9f0b4ad4b7b308195c026fe4"
277821,1782185438167,"2026-06-23 03:30:38","Binance Futures Will Launch USDⓈ-Margined ARXUSDT Perpetual Contract (2026-06-23)","7fa4e8b3ced94b4c8c189a4593dbce9b"
277841,1782196320591,"2026-06-23 06:32:00","Binance Exchange Adds bStocks Advanced Micro Devices (AMDB), iShares MSCI South Korea ETF (EWYB), Intel (INTCB) and Strategy (MSTRB) Trading Pair(s) on Binance Spot - 2026-06-23","d1343e10bc2648cd8302c83a5b1223a9"
277838,1782198002113,"2026-06-23 07:00:02","Binance Margin Will Add New Pairs - 2026-06-23","3af18ad98b3048a3b959ef1405b9d45b"
277891,1782202503419,"2026-06-23 08:15:03","Binance Adds New JPY Spot Trading Pairs and Launches Zero Maker Fee Promotion - 2026-06-26","d83363b157b24be699c47baa4aa307fa"
277937,1782208831403,"2026-06-23 10:00:31","Binance Futures Will Launch Multiple USDⓈ-Margined TradFi Perpetual Contracts (2026-06-29)","ba04ce1272df4bdf8d2595ccb0e1954b"
278063,1782297018531,"2026-06-24 10:30:18","Binance Futures Will Launch USDⓈ-Margined OUSDT Perpetual Contract (2026-06-24)","a6b7d5a8a14a44c1b6a6a34813c6d93f"
278360,1782557443165,"2026-06-27 10:50:43","Binance Futures Will Launch USDⓈ-Margined CAPUSDT Perpetual Contract (2026-06-27)","a444dd2f67da43e0bafdd730fddc3887"
278419,1782725403090,"2026-06-29 09:30:03","Notice on New Trading Pairs & Trading Bots Services on Binance Spot - 2026-06-30","8057e105f5724d9bbf29ba416f14149e"
278508,1782793819411,"2026-06-30 04:30:19","Binance Margin Will Add New Pairs - 2026-06-30","d8400c84767448a2bcb71b7bf3864a97"
278517,1782795603128,"2026-06-30 05:00:03","Introducing OpenGradient (OPG) on Binance HODLer Airdrops! Earn OPG With Retroactive BNB Simple Earn Subscriptions","b026c9829d28459cb1f1a95000960a08"
278520,1782797425419,"2026-06-30 05:30:25","Binance Exchange Adds bStocks Lumentum (LITEB), Meta (METAB), Microsoft (MSFTB), Palantir (PLTRB) and Invesco QQQ Trust (QQQB) Trading Pair(s) on Binance Spot - 2026-06-30","03b264b679a646119d1a2415b9097bd6"
278732,1782830702782,"2026-06-30 14:45:02","Binance Futures Will Launch USDⓈ-Margined BTCU and ETHU Perpetual Contracts (2026-07-01)","25da4614ffff435fa28544b27fd33a39"
278862,1782978317244,"2026-07-02 07:45:17","Binance Will Add Gram (GRAM) on Earn, Buy Crypto, Convert, VIP Loan, Margin & Futures","3da0bd5b07bf497db5788fed38d478b0"
278866,1782980108049,"2026-07-02 08:15:08","Binance Futures Will Launch Multiple USDⓈ-Margined TradFi Perpetual Contracts (2026-07-02)","d2acaa91c14e4cc598aaee1017efc1ac"
278948,1782989104900,"2026-07-02 10:45:04","Binance Futures Will Launch USDⓈ-Margined ETHUSD1 Perpetual Contract (2026-07-03)","23c9b8e88309409cbcd8509af0b78d10"
279021,1783056627549,"2026-07-03 05:30:27","Binance Futures Will Launch USDⓈ-Margined DATAIPUSDT and DATAIPUSDC Perpetual Contracts (2026-07-03)","98d978c5630041c49a6bd317daa791e8"
279185,1783324801370,"2026-07-06 08:00:01","Binance Adds ANTA, CBRS, DISK, FOTO, KMEM, QNT and STRC on Binance Stock Trading - 2026-07-06","c5b4fca755bd4920bd1a1fc1dcd05cb4"
279255,1783405806598,"2026-07-07 06:30:06","Binance Exchange Adds 10 bStocks Trading Pair(s) on Binance Spot - 2026-07-07","6a55706a042c4a7ebedc2a0899744088"
279610,1783592109544,"2026-07-09 10:15:09","Binance Futures Will Launch Multiple USDⓈ-Margined TradFi Perpetual Contracts (2026-07-09)","84ad610bdd284699bc451b7baaa0ff7d"
279679,1783665921461,"2026-07-10 06:45:21","Binance Futures Will Launch Multiple USDⓈ-Margined TradFi Perpetual Contracts (2026-07-10)","d0833e4ae9b542be90dbf3fe1c960c53"
279770,1783697823303,"2026-07-10 15:37:03","Binance Futures Will Launch USDⓈ-Margined SKHYUSDT Perpetual Contract (2026-07-10)","6fe9f6dc91544df88dc24ad41211feff"
279803,1783929606635,"2026-07-13 08:00:06","Binance Exchange Adds bStocks Tokenized Securities SK Hynix (SKHYB) on Binance Spot - 2026-07-13","c2e92c3c6c8347c197b9091851ec285e"
279827,1783933202055,"2026-07-13 09:00:02","Binance Will Add SKHYB Tokenized Securities as Collateral Assets","dbc90c04fc654d848f08b0b974fec233"
280026,1784097003302,"2026-07-15 06:30:03","Binance Exchange Adds 10 bStocks Trading Pair(s) on Binance Spot - 2026-07-15","f198d9602f3b4604a9b15cd0a1529e32"
280034,1784098802033,"2026-07-15 07:00:02","Binance Will Add 10 bStocks Tokenized Securities as Collateral Assets","62c2a684d09f445295b87797acc71ae8"
280151,1784182511924,"2026-07-16 06:15:11","Binance Futures Will Launch Multiple USDⓈ-Margined TradFi Perpetual Contracts (2026-07-16)","0a613aed15cc4cf78898594d7c767661"
280210,1784201410537,"2026-07-16 11:30:10","Binance Futures Will Launch Multiple USDⓈ-Margined TradFi Perpetual Contracts (2026-07-17)","18724cba64a048938986a98bbb257258"
280314,1784273401964,"2026-07-17 07:30:01","Binance Will List Aerodrome (AERO) with Seed Tag Applied","1631198cd282431bbb5fbd333106a413"
280350,1784277011242,"2026-07-17 08:30:11","Binance Futures Will Launch USDⓈ-Margined SPCXUSD1 Perpetual Contract (2026-07-20)","6cbb1b11a9c843949624cf2eacaac8b4"
280389,1784303104983,"2026-07-17 15:45:04","Binance Will Add Aerodrome (AERO) on Earn, Buy Crypto, Convert, VIP Loan & Margin","5c52a77daddf4e0d9769b87cdc91fae4"
280581,1784619910945,"2026-07-21 07:45:10","Binance Futures Will Launch Multiple USDⓈ-Margined TradFi Perpetual Contracts (2026-07-21)","f43403ef11974998bc0f46420826577a"
280686,1784701804196,"2026-07-22 06:30:04","Binance Exchange Adds 10 bStocks Trading Pair(s) on Binance Spot - 2026-07-22","ea42cf41150f4e9ab7f1631fa21bba1e"
280729,1784714413551,"2026-07-22 10:00:13","Binance Will Add 10 bStocks Tokenized Securities as Collateral Assets- 2026-07-22","dd18d9850f504666b7c91b5c74fe8c10"
280767,1784770203723,"2026-07-23 01:30:03","Binance Futures Will Launch POPMARTUSDT USDⓈ-Margined Perpetual Contract (2026-07-23)","fcdc949b45a644c78e341c88331a35ef"
281007,1785143762441,"2026-07-27 09:16:02","Binance Futures Will Launch Multiple USDⓈ-Margined TradFi Perpetual Contracts (2026-07-27)","a827177a387e4ebea830110ba222ca48"
281049,1785218400000,"2026-07-28 06:00:00","Notice on New Trading Pairs & Trading Bots Services on Binance Spot - 2026-07-30","30b76da5daf8469a9f71b09a7441691e"
281144,1785305721576,"2026-07-29 06:15:21","Binance Futures Will Launch Multiple USDⓈ-Margined TradFi Perpetual Contracts (2026-07-29)","93b5cd2280874d9cb4303827374b940d"
281140,1785306602972,"2026-07-29 06:30:02","Binance Exchange Adds 10 bStocks Trading Pairs on Binance Spot - 2026-07-29","fd3c0f17a7504eb5be1cb1911c6da0cd"
281196,1785315601546,"2026-07-29 09:00:01","Binance Will Add 10 bStocks Tokenized Securities as Collateral Assets","6a167ac6ee74496b83a820675aea1dbe"
281424,1785497411662,"2026-07-31 11:30:11","Binance Futures Will Launch USDⓈ-Margined GRVTUSDT Perpetual Contract (2026-07-31)","20536b05b2a34b87a3bae99c45d0dc91"
281450,1785724209135,"2026-08-03 02:30:09","Binance Futures Will Launch GIGADEVUSDT USDⓈ-Margined Perpetual Contract (2026-08-03)","e8bfd0c5adaf4d8a880bb1b7327107ef"
281675,1785897001986,"2026-08-05 02:30:01","Binance Exchange Adds 10 bStocks Trading Pairs on Binance Spot - 2026-08-05","ae96da838d754f91bced1501de728f03"
281750,1785920409838,"2026-08-05 09:00:09","Binance Will Add 10 bStocks Tokenized Securities as Collateral Assets - 2026-08-05","29e4ac8fb01d4a63837045a660e7d03b"
281779,1785983412862,"2026-08-06 02:30:12","Binance Futures Will Launch Multiple USDⓈ-Margined TradFi Perpetual Contracts (2026-08-06)","307687ad279e42e6909ee1be8c472b50"
281930,1786353327706,"2026-08-10 09:15:27","Binance Futures Will Launch Multiple USDⓈ-Margined TradFi Perpetual Contracts (2026-08-11)","45c2f20d589b420e80063ab75feb41f2"
282138,1786456802967,"2026-08-11 14:00:02","Binance Futures Will Launch USDⓈ-Margined DOSUSDT Perpetual Contract (2026-08-11)","a2ee872d61654a5bb43a87c3122b5706"
282159,1786505402221,"2026-08-12 03:30:02","Binance Exchange Adds 1 bStocks Trading Pair on Binance Spot - 2026-08-12","3f884f8f195a419eb855510d203def2a"
282194,1786507234213,"2026-08-12 04:00:34","Binance Will Add 1 bStocks Tokenized Securities as Collateral Asset - 2026-08-12","2e02db3c8dcd4a03a365655c501aa7c9"
282311,1786605305015,"2026-08-13 07:15:05","Binance Futures Will Launch Multiple USDⓈ-Margined TradFi Perpetual Contracts (2026-08-14)","343eff2647754fb1bd0664bba24e9a36"
282552,1786932925476,"2026-08-17 02:15:25","Binance Futures Will Launch Multiple USDⓈ-Margined TradFi Perpetual Contracts (2026-08-17 & 2026-08-18)","0872245db74c4daaabd4f11984ba52c1"
282805,1787106609387,"2026-08-19 02:30:09","Binance Futures Will Launch UNITREEUSDT USDⓈ-Margined Perpetual Contract (2026-08-19)","3e662272597c44b7939f5db5c8c86d4f"
283053,1787632201817,"2026-08-25 04:30:01","Binance Futures Will Launch Multiple USDⓈ-Margined TradFi Perpetual Contracts (2026-08-25)","bda2e5ae3e3d46718a14a493521f6078"
283101,1787652008383,"2026-08-25 10:00:08","Notice on New Trading Pairs & Trading Bots Services on Binance Spot - 2026-08-26","9bf3e55d2add4e74a6c644b899864413"
283120,1787706002034,"2026-08-26 01:00:02","Binance Exchange Adds Trump Media & Technology Group (DJTB) bStocks on Binance Spot - 2026-08-26","653dce6a74234b999d7a189c0fa49a80"
283164,1787727601896,"2026-08-26 07:00:01","Binance Will Add 1 bStocks Tokenized Securities as Collateral Asset - 2026-08-26","8837d1a33b97422597c14d38ead5dc82"
283323,1787882405563,"2026-08-28 02:00:05","Binance Adds bStocks to Spot Trading Bots and Extends Zero Maker Fee Promotion - 2026-08-28","4fea39f8b6e54e1b88e388fc90ce323e"
283335,1787902209365,"2026-08-28 07:30:09","Binance Futures Will Launch Multiple USDⓈ-Margined TradFi Perpetual Contracts (2026-08-28)","32ac927d1cbe4aa3b527eca1c401a98f"
283381,1788078914398,"2026-08-30 08:35:14","Binance Futures Will Launch USDⓈ-Margined 牛来USDT Perpetual Contract (2026-08-30)","6e9e9784397745f4a49d3f69b1cfebda"
283470,1788228901077,"2026-09-01 02:15:01","Binance Futures Will Launch HK0625USDT USDⓈ-Margined Quanto Perpetual Contract (2026-09-01)","969a4628dd5d4a479c071b02175bae57"
283552,1788252305663,"2026-09-01 08:45:05","Binance Futures Will Launch USDⓈ-Margined MARSCOINUSDT Perpetual Contract (2026-09-01)","4d9ae75c02114187b699cfe1380ac81e"
283642,1788337801247,"2026-09-02 08:30:01","Binance Exchange Adds 4 bStocks Trading Pairs on Binance Spot/Convert - 2026-09-02","b3ba5cf68daf4264a1260c8da11eef6d"
283648,1788338705651,"2026-09-02 08:45:05","Binance Futures Will Launch Multiple USDⓈ-Margined TradFi Perpetual Contracts (2026-09-02)","989347def916494f98bf3ba5ec8f9557"
283671,1788341411613,"2026-09-02 09:30:11","Binance Will Add 4 bStocks Tokenized Securities as Collateral Asset - 2026-09-02","8f5c893fa654432883f481b120b0a016"
283746,1788438625942,"2026-09-03 12:30:25","Binance Futures Will Launch USDⓈ-Margined GPROUSDT Perpetual Contract (2026-09-03)","0ffd2dbcc12e4a968fbe7ccd2b4cc9f8"
283773,1788497186706,"2026-09-04 04:46:26","Binance Futures Will Launch Multiple USDⓈ-Margined TradFi Perpetual Contracts (2026-09-07)","89a035c3ee0e4b7782bf0089323d8e78"
283840,1788516901870,"2026-09-04 10:15:01","Binance Will List MarsCoin (MARSCOIN) with Seed Tag Applied","c2eaa763831745b2b1701dab45e20225"
283893,1788525902072,"2026-09-04 12:45:02","Binance Will Add MarsCoin (MARSCOIN) on Earn, Buy Crypto, Convert, VIP Loan & Margin","b8c68539ef9f4925a8d97202d82d98e9"
283915,1788674111414,"2026-09-06 05:55:11","Binance Futures Will Launch USDⓈ-Margined PONSUSDT and 哈基米USDT Perpetual Contracts (2026-09-06)","ca3196e008da448da107d397bae0b4b0"
284099,1788922801882,"2026-09-09 03:00:01","Binance Exchange Adds Salesforce (CRMB) and Hims & Hers Health (HIMSB) bStocks Trading Pairs on Binance Spot/Convert - 2026-09-09","7880bcb7f4744d8bbbba88cbbcd43124"
284124,1788937216577,"2026-09-09 07:00:16","Binance Will Add 2 bStocks Tokenized Securities as Collateral Asset - 2026-09-09","026d4dfdc82940a5924b22442bcb651e"
284193,1788953419513,"2026-09-09 11:30:19","Binance Will List 牛来 (牛来) with Seed Tag Applied","6133e417dcfe43a8ad20c0db1b53c7e8"
284214,1788963315144,"2026-09-09 14:15:15","Binance Will Add 牛来 (牛来) on Earn, Buy Crypto, Convert, VIP Loan & Margin","39fe3154675948fbb164b1e63e036629"
