date,year,quarter,ym,cat,title
2017-07-21,2017,2017Q3,2017-07,spot,Qtum Trading on Binance
2017-08-02,2017,2017Q3,2017-08,other,The Announcement for BCC Distribution 
2017-08-09,2017,2017Q3,2017-08,other,Binance Opens BNB/ETH Trading Market
2017-08-13,2017,2017Q3,2017-08,trading_pairs,Binance Will Add USDT Market Soon(Updated)
2017-08-18,2017,2017Q3,2017-08,spot_legacy,"Binance Will Add OAX, DNT, MCO, ICN "
2017-08-23,2017,2017Q3,2017-08,trading_pairs,Binance Will Add MCO/BTC Trading Pair On August 24
2017-08-24,2017,2017Q3,2017-08,spot_legacy,Binance Will Add WTC(Walton) on August 27
2017-09-09,2017,2017Q3,2017-09,spot,Binance Will List OMG Market
2017-09-11,2017,2017Q3,2017-09,spot,Binance Will List ZRX Market
2017-09-12,2017,2017Q3,2017-09,spot,Binance will List STRAT Market
2017-09-18,2017,2017Q3,2017-09,spot,Binance Lists SNGLS
2017-09-20,2017,2017Q3,2017-09,spot, Binance Lists BQX
2017-09-25,2017,2017Q3,2017-09,spot,Binance Lists KNC
2017-09-26,2017,2017Q3,2017-09,spot,Binance Lists FUN
2017-09-27,2017,2017Q3,2017-09,spot,Binance Lists SNM
2017-09-28,2017,2017Q3,2017-09,trading_pairs,Binance Adds NEO/ETH Trading Pair
2017-09-28,2017,2017Q3,2017-09,spot,Binance Lists LINK
2017-09-29,2017,2017Q3,2017-09,spot,Binance Lists XVG
2017-09-29,2017,2017Q3,2017-09,spot,Binance Lists CTR
2017-09-30,2017,2017Q3,2017-09,spot,Binance Lists SALT
2017-09-30,2017,2017Q3,2017-09,spot,Binance Lists IOTA
2017-10-05,2017,2017Q4,2017-10,spot,Binance Lists MDA
2017-10-09,2017,2017Q4,2017-10,spot,Binance Lists MTL
2017-10-10,2017,2017Q4,2017-10,spot,Binance Lists SUB
2017-10-11,2017,2017Q4,2017-10,trading_pairs,Binance Adds EOS/BTC Trading Pair
2017-10-12,2017,2017Q4,2017-10,trading_pairs,Binance Adds SNT/BTC Trading Pair
2017-10-12,2017,2017Q4,2017-10,spot,Binance Lists ETC
2017-10-13,2017,2017Q4,2017-10,spot,Binance Lists MTH
2017-10-13,2017,2017Q4,2017-10,spot,Binance Lists ENG
2017-10-16,2017,2017Q4,2017-10,trading_pairs,Binance Adds DNT/BTC Trading Pair
2017-10-17,2017,2017Q4,2017-10,trading_pairs,Binance Adds BNT/BTC Trading Pair
2017-10-19,2017,2017Q4,2017-10,spot,Binance Lists AST
2017-10-20,2017,2017Q4,2017-10,spot,Binance Lists DASH
2017-10-23,2017,2017Q4,2017-10,trading_pairs,Binance Adds OAX/BTC and ICN/BTC Trading Pairs
2017-10-24,2017,2017Q4,2017-10,spot_legacy,Binance Distributes BTG and Adds BTG Markets
2017-10-26,2017,2017Q4,2017-10,spot,Binance Lists EVX
2017-10-27,2017,2017Q4,2017-10,spot,Binance Lists REQ
2017-10-30,2017,2017Q4,2017-10,spot,Binance Lists LRC
2017-10-30,2017,2017Q4,2017-10,spot,Binance Lists VIB
2017-10-31,2017,2017Q4,2017-10,spot,Binance Lists HSR and TRX
2017-11-01,2017,2017Q4,2017-11,spot,Binance Lists POWR
2017-11-01,2017,2017Q4,2017-11,spot,Binance Lists ARK
2017-11-02,2017,2017Q4,2017-11,spot,Binance Lists YOYO
2017-11-02,2017,2017Q4,2017-11,spot,Binance Lists XRP
2017-11-03,2017,2017Q4,2017-11,spot,Binance Lists MOD
2017-11-03,2017,2017Q4,2017-11,spot,Binance Lists ENJ
2017-11-03,2017,2017Q4,2017-11,spot,Binance Lists STORJ
2017-11-06,2017,2017Q4,2017-11,trading_pairs,Binance Adds BNB/USDT Trading Pair
2017-11-06,2017,2017Q4,2017-11,trading_pairs,Binance Adds YOYO/BNB Trading Pair
2017-11-07,2017,2017Q4,2017-11,trading_pairs,Binance Adds POWR/BNB Trading Pair
2017-11-07,2017,2017Q4,2017-11,trading_pairs,Binance Adds  VEN/BTC and VEN/ETH Trading Pairs
2017-11-07,2017,2017Q4,2017-11,spot,Binance Lists KMD
2017-11-08,2017,2017Q4,2017-11,spot,Binance Lists NULS
2017-11-08,2017,2017Q4,2017-11,spot,Binance Lists RCN
2017-11-09,2017,2017Q4,2017-11,trading_pairs,Binance Adds  NULS/BTC and NULS/ETH Trading Pairs
2017-11-09,2017,2017Q4,2017-11,spot,Binance Lists RDN
2017-11-10,2017,2017Q4,2017-11,spot,Binance Lists XMR
2017-11-10,2017,2017Q4,2017-11,spot,Binance Lists DLT
2017-11-10,2017,2017Q4,2017-11,trading_pairs,Binance Adds  WTC/BNB Trading Pair
2017-11-10,2017,2017Q4,2017-11,trading_pairs,Binance Adds  DLT/BTC and DLT/ETH Trading Pairs
2017-11-10,2017,2017Q4,2017-11,spot,Binance Lists AMB
2017-11-11,2017,2017Q4,2017-11,trading_pairs,"Binance Adds  BCC/USDT, BCC/ETH and BCC/BNB Trading Pairs"
2017-11-13,2017,2017Q4,2017-11,spot,Binance Lists BAT
2017-11-14,2017,2017Q4,2017-11,spot,Binance Lists ZEC
2017-11-14,2017,2017Q4,2017-11,spot,Binance Lists BCPT
2017-11-15,2017,2017Q4,2017-11,spot,Binance Lists ARN
2017-11-16,2017,2017Q4,2017-11,spot,Binance Lists GVT
2017-11-16,2017,2017Q4,2017-11,spot,Binance Lists CDT
2017-11-17,2017,2017Q4,2017-11,spot,Binance Lists GXS
2017-11-20,2017,2017Q4,2017-11,trading_pairs,Binance Adds  NEO/USDT and NEO/BNB Trading Pairs
2017-11-20,2017,2017Q4,2017-11,spot,Binance Lists POE
2017-11-21,2017,2017Q4,2017-11,spot,Binance Lists QSP
2017-11-21,2017,2017Q4,2017-11,spot,Binance Lists BTS
2017-11-22,2017,2017Q4,2017-11,spot,Binance Lists XZC
2017-11-22,2017,2017Q4,2017-11,spot,Binance Lists LSK
2017-11-22,2017,2017Q4,2017-11,spot,Binance Lists TNT
2017-11-23,2017,2017Q4,2017-11,spot,Binance Lists FUEL
2017-11-24,2017,2017Q4,2017-11,spot,Binance Lists MANA
2017-11-24,2017,2017Q4,2017-11,spot_legacy,Binance Distributes Bitcoin Diamond BCD and Adds BCD Markets
2017-11-27,2017,2017Q4,2017-11,spot,Binance Lists DGD
2017-11-28,2017,2017Q4,2017-11,trading_pairs,Binance Adds IOTA/BNB Trading Pair
2017-11-29,2017,2017Q4,2017-11,spot,Binance Lists ADX
2017-11-30,2017,2017Q4,2017-11,spot,Binance Lists ADA
2017-12-01,2017,2017Q4,2017-12,spot,Binance Lists PPT
2017-12-05,2017,2017Q4,2017-12,spot,Binance Lists CMT
2017-12-08,2017,2017Q4,2017-12,spot,Binance Lists XLM
2017-12-11,2017,2017Q4,2017-12,spot,Binance Lists Cindicator (CND)
2017-12-11,2017,2017Q4,2017-12,launch_event,Gifto (GIFTO) Token Sale Events
2017-12-12,2017,2017Q4,2017-12,spot,Binance Lists Wabi (WABI)
2017-12-12,2017,2017Q4,2017-12,spot,Binance Lists December Community Coin - ETHLend (LEND)
2017-12-13,2017,2017Q4,2017-12,trading_pairs,"Binance Adds LTC/BNB, LTC/ETH and LTC/USDT Trading Pairs"
2017-12-15,2017,2017Q4,2017-12,spot,Binance Lists Waves (WAVES)
2017-12-15,2017,2017Q4,2017-12,spot,Binance Lists Time New Bank (TNB)
2017-12-18,2017,2017Q4,2017-12,spot,Binance Lists ICON (ICX)
2017-12-18,2017,2017Q4,2017-12,launch_event,Bread (BRD) Token Sale Events
2017-12-18,2017,2017Q4,2017-12,other,Binance Distributes and Lists GIFTO (GTO)
2017-12-19,2017,2017Q4,2017-12,spot,Binance Lists Simple Token (OST)
2017-12-21,2017,2017Q4,2017-12,spot,Binance Lists ælf (ELF)
2017-12-21,2017,2017Q4,2017-12,spot,Binance Lists Aion (AION)
2017-12-22,2017,2017Q4,2017-12,spot,Binance Lists Neblio (NEBL)
2017-12-24,2017,2017Q4,2017-12,other,Binance Distributes and Lists Bread (BRD)
2017-12-25,2017,2017Q4,2017-12,trading_pairs,Binance Adds MCO/BNB Trading Pair
2017-12-25,2017,2017Q4,2017-12,spot,Binance Lists Eidoo (EDO)
2017-12-26,2017,2017Q4,2017-12,spot,Binance Lists Wings (WINGS)
2017-12-27,2017,2017Q4,2017-12,spot,Binance Lists NAV Coin (NAV)
2017-12-28,2017,2017Q4,2017-12,spot,Binance Lists Lunyr (LUN)
2017-12-29,2017,2017Q4,2017-12,spot,Binance Lists Triggers (TRIG)
2018-01-05,2018,2018Q1,2018-01,spot,Binance Lists AppCoins (APPC)
2018-01-10,2018,2018Q1,2018-01,spot,Binance Lists VIBE (VIBE)
2018-01-12,2018,2018Q1,2018-01,spot,Binance Lists iExec RLC (RLC)
2018-01-15,2018,2018Q1,2018-01,spot,Binance Lists INS Ecosystem (INS)
2018-01-23,2018,2018Q1,2018-01,spot,Binance Lists PIVX (PIVX)
2018-01-24,2018,2018Q1,2018-01,spot,Binance Lists IOStoken (IOST)
2018-01-31,2018,2018Q1,2018-01,spot,Binance Lists ChatCoin (CHAT)
2018-02-01,2018,2018Q1,2018-02,spot,Binance Lists Steem (STEEM)
2018-02-02,2018,2018Q1,2018-02,spot,Binance Lists Nano (NANO)
2018-02-05,2018,2018Q1,2018-02,spot,Binance Lists Viacoin (VIA)
2018-02-06,2018,2018Q1,2018-02,spot,Binance Lists Bluzelle (BLZ)
2018-02-07,2018,2018Q1,2018-02,spot,Binance Lists Aeternity (AE)
2018-02-12,2018,2018Q1,2018-02,spot,Binance Lists Red Pulse (RPX)
2018-02-26,2018,2018Q1,2018-02,spot,Binance Lists Nucleus Vision (NCASH)
2018-02-28,2018,2018Q1,2018-02,spot,Binance Lists POA Network (POA)
2018-03-05,2018,2018Q1,2018-03,spot,Binance Lists Round 6 Community Coin Winner - Zilliqa (ZIL)
2018-03-08,2018,2018Q1,2018-03,spot,Binance Lists Ontology (ONT)
2018-03-12,2018,2018Q1,2018-03,spot,Binance Lists Storm (STORM)
2018-03-20,2018,2018Q1,2018-03,spot,Binance Lists NEM (XEM)
2018-03-23,2018,2018Q1,2018-03,spot,Binance Lists Wancoin (WAN)
2018-03-26,2018,2018Q1,2018-03,spot,Binance Lists Qlink (QLC)
2018-03-28,2018,2018Q1,2018-03,spot,Binance Lists Syscoin (SYS)
2018-03-29,2018,2018Q1,2018-03,spot,Binance Lists WePower (WPR)
2018-04-02,2018,2018Q2,2018-04,trading_pairs,Binance Adds QLC/BNB Trading Pair
2018-04-04,2018,2018Q2,2018-04,spot,Binance Lists Groestlcoin (GRS)
2018-04-05,2018,2018Q2,2018-04,delist,Binance Delists Centra (CTR) Token
2018-04-17,2018,2018Q2,2018-04,trading_pairs,Binance Adds ADA/BNB and ADA/USDT Trading Pairs
2018-04-18,2018,2018Q2,2018-04,spot,Binance Lists CloakCoin (CLOAK)
2018-04-27,2018,2018Q2,2018-04,spot,Binance Lists Golem (GNT)
2018-05-02,2018,2018Q2,2018-05,spot,Binance Lists Loom Network (LOOM)
2018-05-04,2018,2018Q2,2018-05,trading_pairs,Binance Adds XRP/USDT Trading Pair
2018-05-08,2018,2018Q2,2018-05,spot,Binance Lists Bytecoin (BCN)
2018-05-11,2018,2018Q2,2018-05,spot,Binance Lists Augur (REP)
2018-05-16,2018,2018Q2,2018-05,spot,Binance Will List TrueUSD (TUSD) on 2018/05/18
2018-05-17,2018,2018Q2,2018-05,other,Notice to Postpone Listing of TrueUSD (TUSD)
2018-05-23,2018,2018Q2,2018-05,spot,Binance Lists ZenCash (ZEN)
2018-05-23,2018,2018Q2,2018-05,other,Notice to Postpone Listing of ZenCash (ZEN)
2018-05-23,2018,2018Q2,2018-05,other,Binance To Open Trading For ZenCash (ZEN)
2018-05-23,2018,2018Q2,2018-05,spot,Binance Will List Skycoin (SKY) on 2018/05/24
2018-05-28,2018,2018Q2,2018-05,trading_pairs,"Binance Adds EOS/BNB, EOS/USDT Trading Pairs and EOS Mainnet Swap Update"
2018-05-28,2018,2018Q2,2018-05,spot,Binance Lists Civic (CVC)
2018-05-29,2018,2018Q2,2018-05,spot,Binance Lists Theta Token (THETA)
2018-05-31,2018,2018Q2,2018-05,trading_pairs,"Binance Adds XRP/BNB, TUSD/USDT, XLM/USDT and IOTA/USDT Trading Pairs"
2018-06-01,2018,2018Q2,2018-06,spot,Binance Lists IoTeX (IOTX)
2018-06-01,2018,2018Q2,2018-06,other,EOS Mainnet Swap Update
2018-06-04,2018,2018Q2,2018-06,spot,Binance Lists QuarkChain (QKC)
2018-06-04,2018,2018Q2,2018-06,other,Notice to Postpone Listing of QuarkChain (QKC)
2018-06-04,2018,2018Q2,2018-06,other,Binance To Open Trading For QuarkChain (QKC) and Risk Warning
2018-06-05,2018,2018Q2,2018-06,spot,Binance Lists SingularityNET (AGI)
2018-06-05,2018,2018Q2,2018-06,other,Notice to Postpone Listing of SingularityNET (AGI)
2018-06-06,2018,2018Q2,2018-06,spot,Binance Lists Nexus (NXS)
2018-06-08,2018,2018Q2,2018-06,spot,Binance Lists Streamr (DATA)
2018-06-08,2018,2018Q2,2018-06,trading_pairs,Binance Supports ONT Mainnet Swap and Adds ONT/USDT Trading Pair 
2018-06-12,2018,2018Q2,2018-06,trading_pairs,Binance Adds ETC/BNB and ETC/USDT Trading Pairs
2018-06-13,2018,2018Q2,2018-06,trading_pairs,Binance Supports ICX Mainnet Swap and Adds ICX/USDT Trading Pair 
2018-06-14,2018,2018Q2,2018-06,spot,Binance Lists Siacoin (SC)
2018-06-20,2018,2018Q2,2018-06,spot,Binance Lists Community Coin Round 7 Winner - Pundi X (NPXS)
2018-06-22,2018,2018Q2,2018-06,trading_pairs,Binance Supports VEN Mainnet Swap and Adds VEN/USDT Trading Pair 
2018-06-27,2018,2018Q2,2018-06,spot,Binance Lists SelfKey (KEY)
2018-06-27,2018,2018Q2,2018-06,spot,Binance Will List Nebulas (NAS) on 2018/06/28
2018-07-05,2018,2018Q3,2018-07,spot,Binance Lists Mainframe (MFT)
2018-07-06,2018,2018Q3,2018-07,spot,Binance Lists Dent (DENT)
2018-07-18,2018,2018Q3,2018-07,spot,Binance Lists Ardor (ARDR)
2018-07-23,2018,2018Q3,2018-07,trading_pairs,Binance Supports NULS Mainnet Swap and Adds NULS/USDT Trading Pair 
2018-07-23,2018,2018Q3,2018-07,spot,Binance Will List Holo (HOT) on 2018/07/24
2018-07-30,2018,2018Q3,2018-07,spot,Binance Lists Dock (DOCK)
2018-07-31,2018,2018Q3,2018-07,spot,Binance Lists Community Coin Round 8 Winner - Polymath (POLY)
2018-08-21,2018,2018Q3,2018-08,other,Binance Completes HSR to HC Mainnet Swap and Opens Trading
2018-09-11,2018,2018Q3,2018-09,spot,Binance Will List GoChain (GO) on 2018/09/12
2018-09-19,2018,2018Q3,2018-09,trading_pairs,Binance Adds TRX/BNB Trading Pair
2018-09-21,2018,2018Q3,2018-09,spot,Binance Will List Paxos Standard Token (PAX) and Opens Deposits
2018-09-27,2018,2018Q3,2018-09,spot,Binance Will List PAX/BNB Trading Pair
2018-09-30,2018,2018Q3,2018-09,spot,Binance Will List PAX/BTC Trading Pair
2018-10-04,2018,2018Q4,2018-10,spot,Binance Will List PAX/USDT Trading Pair
2018-10-07,2018,2018Q4,2018-10,spot,Binance Will List PAX/ETH Trading Pair
2018-10-11,2018,2018Q4,2018-10,spot,Binance Will List Ravencoin (RVN) on 2018/10/12
2018-10-23,2018,2018Q4,2018-10,spot,Binance Will List Decred (DCR) on 2018/10/24
2018-11-15,2018,2018Q4,2018-11,spot,Binance Will List USD Coin (USDC) on 2018/11/17
2018-11-15,2018,2018Q4,2018-11,spot,Binance Lists Mithril (MITH)
2018-11-16,2018,2018Q4,2018-11,other,"Binance Has Distributed Bitcoin Cash ABC (BCHABC), Bitcoin Cash SV (BCHSV) and Will Open Trading"
2018-11-27,2018,2018Q4,2018-11,trading_pairs,Binance Will Add PAX Quote Pairs into the USDⓈ Trading Market/Tab
2018-12-06,2018,2018Q4,2018-12,spot,Binance Lists Republic Protocol (REN)
2018-12-06,2018,2018Q4,2018-12,trading_pairs,Binance Will Add TUSD Quote Pairs into the USDⓈ Trading Market/Tab
2018-12-14,2018,2018Q4,2018-12,trading_pairs,Binance Will Add USDC Quote Pairs into the USDⓈ Trading Market/Tab
2018-12-18,2018,2018Q4,2018-12,trading_pairs,"Binance Adds ADA/TUSD, TRX/TUSD and NEO/TUSD Trading Pairs"
2018-12-24,2018,2018Q4,2018-12,trading_pairs,Binance Adds TRX/XRP and XZC/XRP Trading Pairs
2019-01-07,2019,2019Q1,2019-01,trading_pairs,"Binance Will Add PAX/TUSD, USDC/TUSD and USDC/PAX Trading Pairs"
2019-01-15,2019,2019Q1,2019-01,trading_pairs,"Binance Will Add LINK/USDT, LINK/TUSD, LINK/PAX and LINK/USDC Trading Pairs"
2019-01-17,2019,2019Q1,2019-01,trading_pairs,"Binance Will Add WAVES/USDT, WAVES/TUSD, WAVES/PAX and WAVES/USDC Trading Pairs"
2019-01-21,2019,2019Q1,2019-01,trading_pairs,Binance Will Add Additional Trading Pairs for BCHABC and BCHSV
2019-01-23,2019,2019Q1,2019-01,trading_pairs,Binance Will Add Additional Trading Pairs for LTC and TRX
2019-01-30,2019,2019Q1,2019-01,launch_event,Binance Lists BitTorrent (BTT) and Completes Distribution for Successful Launchpad Participants and Additional Airdrop
2019-02-01,2019,2019Q1,2019-02,spot,Binance Will List StableUSD (USDS) on 2019/02/06
2019-02-13,2019,2019Q1,2019-02,trading_pairs,"Binance Adds USDS/USDT, USDS/PAX, USDS/TUSD and USDS/USDC Trading Pairs"
2019-02-14,2019,2019Q1,2019-02,trading_pairs,"Binance Adds BTT/PAX, BTT/TUSD and BTT/USDC Trading Pairs"
2019-02-15,2019,2019Q1,2019-02,spot,Binance Will List Ontology Gas (ONG)
2019-02-18,2019,2019Q1,2019-02,trading_pairs,Binance Adds HOT/BNB and HOT/USDT Trading Pairs
2019-02-19,2019,2019Q1,2019-02,trading_pairs,Binance Adds ZIL/USDT Trading Pair
2019-02-27,2019,2019Q1,2019-02,trading_pairs,Binance Adds ZRX/BNB and ZRX/USDT Trading Pairs
2019-02-27,2019,2019Q1,2019-02,launch_event,Binance Lists Fetch.AI (FET) and Completes Distribution for Successful Launchpad Participants
2019-03-04,2019,2019Q1,2019-03,trading_pairs,Binance Adds BAT/USDT Trading Pair
2019-03-12,2019,2019Q1,2019-03,trading_pairs,Binance Will Add TUSD Quote Pairs into the USDⓈ Trading Market/Tab
2019-03-14,2019,2019Q1,2019-03,trading_pairs,Binance Adds XMR/BNB and XMR/USDT Trading Pairs
2019-03-20,2019,2019Q1,2019-03,trading_pairs,Binance Will Add Additional Trading Pairs for ZEC
2019-03-21,2019,2019Q1,2019-03,trading_pairs,Binance Adds IOST/BNB and IOST/USDT Trading Pairs
2019-03-23,2019,2019Q1,2019-03,spot,Binance Lists Celer Token (CELR) and Completes Distribution of CELR
2019-03-26,2019,2019Q1,2019-03,trading_pairs,"Binance Adds ADA/PAX, ADA/USDC, NEO/PAX and NEO/USDC Trading Pairs"
2019-03-27,2019,2019Q1,2019-03,trading_pairs,Binance Adds DASH/BNB and DASH/USDT Trading Pairs
2019-04-02,2019,2019Q2,2019-04,trading_pairs,"Binance Adds NANO/USDT, OMG/USDT and OMG/BNB Trading Pairs"
2019-04-09,2019,2019Q2,2019-04,trading_pairs,Binance Adds THETA/USDT Trading Pair
2019-04-17,2019,2019Q2,2019-04,trading_pairs,Binance Adds ENJ/USDT Trading Pair
2019-04-19,2019,2019Q2,2019-04,trading_pairs,Binance Adds MITH/USDT Trading Pairs
2019-04-25,2019,2019Q2,2019-04,spot,Binance Completes Matic Network Lottery Draw and Will Open Trading For MATIC
2019-04-28,2019,2019Q2,2019-04,spot,Binance Will List Cosmos (ATOM)
2019-05-06,2019,2019Q2,2019-05,trading_pairs,"Binance Adds ATOM/USDC, ATOM/PAX and ATOM/TUSD Trading Pairs"
2019-05-07,2019,2019Q2,2019-05,trading_pairs,Binance Will Add Additional Trading Pairs for ETC and BAT
2019-05-20,2019,2019Q2,2019-05,other,Binance Will Support the Red Pulse Phoenix (PHX) Token Migration to Binance Chain
2019-05-24,2019,2019Q2,2019-05,spot,Binance Will List Theta Fuel (TFUEL)
2019-05-28,2019,2019Q2,2019-05,spot,Binance Completes Harmony Lottery Draw and Will Open Trading For ONE
2019-06-10,2019,2019Q2,2019-06,spot,Binance Will List Fantom (FTM)
2019-06-18,2019,2019Q2,2019-06,spot,Binance Will List Bitcoin BEP2 (BTCB)
2019-06-18,2019,2019Q2,2019-06,trading_pairs,"Binance Adds BCPT/PAX, BCPT/TUSD and BCPT/USDC Trading Pairs"
2019-06-21,2019,2019Q2,2019-06,spot,Binance Will List Algorand (ALGO)
2019-06-24,2019,2019Q2,2019-06,trading_pairs,Binance Adds USDSB/USDT and USDSB/USDS Trading Pairs
2019-07-01,2019,2019Q3,2019-07,trading_pairs,Binance Will Add Additional Trading Pairs for GTO
2019-07-02,2019,2019Q3,2019-07,spot,Binance Completes Elrond Lottery Draw and Will Open Trading For ERD
2019-07-05,2019,2019Q3,2019-07,spot,Binance Will List Dogecoin (DOGE)
2019-07-18,2019,2019Q3,2019-07,other,More Assets and Pairs Now Available on Binance Margin Trading
2019-07-22,2019,2019Q3,2019-07,spot,Binance Will List Dusk Network (DUSK)
2019-07-22,2019,2019Q3,2019-07,spot,Binance Will List Binance GBP Stable Coin (BGBP)
2019-07-23,2019,2019Q3,2019-07,spot,Binance Lists First BEP2 Community Listing Project - Ankr (ANKR)
2019-07-26,2019,2019Q3,2019-07,ecosystem_add,Binance Adds Margin Trading for ONT & ADA
2019-07-26,2019,2019Q3,2019-07,trading_pairs,Binance Adds ONT/PAX and ONT/USDC Trading Pairs
2019-07-31,2019,2019Q3,2019-07,spot,Binance Completes WINk Lottery Draw and Will Open Trading For WIN
2019-08-02,2019,2019Q3,2019-08,spot,Binance Will List Contentos (COS)
2019-08-08,2019,2019Q3,2019-08,spot,Binance Will List BEP2 TrueUSD (TUSDB)
2019-08-08,2019,2019Q3,2019-08,ecosystem_add,"Binance Adds Margin Trading for USDC, LTC and ETC"
2019-08-13,2019,2019Q3,2019-08,trading_pairs,Binance Adds NPXS/USDT and NPXS/USDC Trading Pairs
2019-08-20,2019,2019Q3,2019-08,spot,Binance Will List Cocos-BCX (COCOS)
2019-08-22,2019,2019Q3,2019-08,ecosystem_add,Binance Adds Margin Trading for BCHABC & XLM
2019-08-23,2019,2019Q3,2019-08,trading_pairs,Binance Adds MTL/USDT Trading Pair
2019-08-23,2019,2019Q3,2019-08,spot,Binance Lists Second BEP2 Community Listing Project - TomoChain (TOMO)
2019-08-25,2019,2019Q3,2019-08,spot,Binance Completes Perlin Lottery Draw and Will Open Trading For PERL
2019-08-26,2019,2019Q3,2019-08,trading_pairs,Binance Adds Multiple USDT Trading Pairs
2019-08-29,2019,2019Q3,2019-08,ecosystem_add,Binance Adds Margin Trading for NEO & XMR
2019-09-04,2019,2019Q3,2019-09,trading_pairs,Binance Adds BTT/TRX and WIN/TRX Trading Pairs
2019-09-05,2019,2019Q3,2019-09,spot,Binance Lists Chiliz (CHZ)
2019-09-17,2019,2019Q3,2019-09,ecosystem_add,Binance Adds Margin Trading for ATOM
2019-09-17,2019,2019Q3,2019-09,spot,Binance Completes Band Protocol Lottery Draw and Will Open Trading For BAND
2019-09-17,2019,2019Q3,2019-09,other,Binance Opens New BUSD Fiat Gateway and Will List BUSD
2019-09-18,2019,2019Q3,2019-09,ecosystem_add,Binance Adds Margin Trading for DASH and ZEC
2019-09-20,2019,2019Q3,2019-09,trading_pairs,Binance Adds BUSD/USDT Trading Pair
2019-09-20,2019,2019Q3,2019-09,spot,Binance Lists Beam (BEAM)
2019-09-20,2019,2019Q3,2019-09,other,Binance Will Postpone the Trading of Beam (BEAM) by 24 Hours
2019-09-23,2019,2019Q3,2019-09,spot,Binance Lists Tezos (XTZ)
2019-09-24,2019,2019Q3,2019-09,ecosystem_add,Binance Adds Margin Trading for MATIC
2019-09-25,2019,2019Q3,2019-09,trading_pairs,"Binance Adds REN/USDT, RVN/USDT and HC/USDT Trading Pairs"
2019-09-27,2019,2019Q3,2019-09,spot,Binance Lists Hedera Hashgraph (HBAR)
2019-09-30,2019,2019Q3,2019-09,delist,Notice of Removal of Trading Pairs
2019-10-11,2019,2019Q4,2019-10,spot,Binance Will List Community Coin Vote Winner NKN and Has Distributed Rewards
2019-10-15,2019,2019Q4,2019-10,ecosystem_add,Binance Adds Margin Trading for BUSD
2019-10-21,2019,2019Q4,2019-10,trading_pairs,Binance Adds Multiple BUSD Trading Pairs
2019-10-22,2019,2019Q4,2019-10,ecosystem_add,Binance Adds Margin Trading for BAT
2019-10-23,2019,2019Q4,2019-10,spot,Binance Lists Blockstack (STX)
2019-10-24,2019,2019Q4,2019-10,spot,Binance Completes Kava Lottery Draw and Will Open Trading For KAVA
2019-10-29,2019,2019Q4,2019-10,ecosystem_add,Binance Adds Margin Trading for IOST and VET
2019-10-31,2019,2019Q4,2019-10,ecosystem_add,Binance Adds Margin Trading for QTUM
2019-10-31,2019,2019Q4,2019-10,delist,Notice of Removal of Trading Pairs - 2019/11/01
2019-11-05,2019,2019Q4,2019-11,ecosystem_add,Binance Adds Margin Trading for XRP/ETH
2019-11-06,2019,2019Q4,2019-11,spot,Binance Will List Community Coin Vote Round 2 Winner ARPA and Has Distributed Rewards
2019-11-07,2019,2019Q4,2019-11,trading_pairs,Binance Adds TRX/BUSD and EOS/BUSD Trading Pairs
2019-11-07,2019,2019Q4,2019-11,ecosystem_add,Binance Margin Trading Adds BNB/ETH to Available Trading Pairs
2019-11-13,2019,2019Q4,2019-11,trading_pairs,Binance Adds IOTX/USDT and RLC/USDT Trading Pairs
2019-11-14,2019,2019Q4,2019-11,ecosystem_add,Binance Adds Margin Trading for IOTA
2019-11-14,2019,2019Q4,2019-11,delist,Notice of Removal of Trading Pairs - 2019/11/15
2019-11-19,2019,2019Q4,2019-11,trading_pairs,Binance Adds MCO/USDT Trading Pair
2019-11-20,2019,2019Q4,2019-11,trading_pairs,Binance Adds XLM/BUSD and ADA/BUSD Trading Pairs
2019-11-22,2019,2019Q4,2019-11,spot,Binance Will List Community Coin Vote Round 3 Winner CTXC and Has Distributed Rewards
2019-11-26,2019,2019Q4,2019-11,ecosystem_add,Binance Adds Margin Trading for XTZ
2019-11-29,2019,2019Q4,2019-11,futures,Binance Futures Launches ETH/USDT Perpetual Contract - Up to 50x Leverage
2019-12-02,2019,2019Q4,2019-12,trading_pairs,Binance Adds Trading Pairs for Russian Ruble (RUB)
2019-12-03,2019,2019Q4,2019-12,ecosystem_add,Binance Adds Margin Trading for RVN
2019-12-03,2019,2019Q4,2019-12,delist,Notice of Removal of Trading Pairs - 2019/12/04
2019-12-04,2019,2019Q4,2019-12,spot,Binance Completes Troy Lottery Draw and Will Open Trading For TROY
2019-12-06,2019,2019Q4,2019-12,trading_pairs,"Binance Adds BUSD/RUB, VET/BUSD and QTUM/BUSD Trading Pairs"
2019-12-13,2019,2019Q4,2019-12,spot,Binance Will List Community Coin Vote Round 4 Winner VITE and Has Distributed Rewards
2019-12-19,2019,2019Q4,2019-12,delist,Notice of Removal of Trading Pairs - 2019/12/20
2019-12-19,2019,2019Q4,2019-12,futures,Binance Futures Launches BCH/USDT Perpetual Contract With Up to 75x Leverage
2019-12-20,2019,2019Q4,2019-12,other,Binance Announces Strategic Investment in FTX and Lists FTX Token (FTT)
2020-01-06,2020,2020Q1,2020-01,delist,Notice of Removal of USDC Trading Pairs on 2020/01/07
2020-01-06,2020,2020Q1,2020-01,futures,Binance Futures Launches XRP/USDT Perpetual Contract With Up to 75x Leverage
2020-01-07,2020,2020Q1,2020-01,spot,Binance Lists Origin Protocol (OGN)
2020-01-07,2020,2020Q1,2020-01,futures,Binance Futures Will Launch EOS/USDT Perpetual Contract With Up to 75x Leverage
2020-01-08,2020,2020Q1,2020-01,futures,Binance Futures Will Launch LTC/USDT Perpetual Contract With Up to 75x Leverage
2020-01-14,2020,2020Q1,2020-01,futures,Binance Futures Will Launch TRX/USDT Perpetual Contract With Up to 75x Leverage
2020-01-15,2020,2020Q1,2020-01,futures,Binance Futures Will Launch ETC/USDT Perpetual Contract With Up to 75x Leverage
2020-01-16,2020,2020Q1,2020-01,futures,Binance Futures Will Launch LINK/USDT Perpetual Contract With Up to 75x Leverage
2020-01-16,2020,2020Q1,2020-01,spot,Binance Will List Community Coin Vote Round 5 Winner DREP and Has Distributed Rewards
2020-01-17,2020,2020Q1,2020-01,ecosystem_add,Binance Adds Margin Trading pair for BUSD
2020-01-17,2020,2020Q1,2020-01,spot,"Binance Lists FTX Leveraged Tokens: BULL, BEAR, ETHBULL & ETHBEAR"
2020-01-17,2020,2020Q1,2020-01,trading_pairs,Temporary Trading Halt for ETHBULL and ETHBEAR Trading Pairs
2020-01-19,2020,2020Q1,2020-01,futures,Binance Futures Will Launch XLM/USDT Perpetual Contract With Up to 75x Leverage
2020-01-30,2020,2020Q1,2020-01,futures,Binance Futures Will Launch ADA/USDT Perpetual Contract With Up to 75x Leverage
2020-02-02,2020,2020Q1,2020-02,futures,Binance Futures Will Launch XMR/USDT Perpetual Contract With Up to 75x Leverage
2020-02-03,2020,2020Q1,2020-02,trading_pairs,"Binance Will Resume Trading for ETHBULL/USDT, ETHBULL/BUSD, ETHBEAR/USDT and ETHBEAR/BUSD Trading Pairs"
2020-02-03,2020,2020Q1,2020-02,futures,Binance Futures Will Launch DASH/USDT Perpetual Contract With Up to 50x Leverage
2020-02-03,2020,2020Q1,2020-02,ecosystem_add,"Binance Adds BUSD Margin Pairs for BCH, EOS, XRP and LTC"
2020-02-04,2020,2020Q1,2020-02,futures,Binance Futures Will Launch ZEC/USDT Perpetual Contract With Up to 50x Leverage
2020-02-04,2020,2020Q1,2020-02,spot,Binance Completes WazirX Lottery Draw and Will Open Trading For WRX
2020-02-05,2020,2020Q1,2020-02,futures,Binance Futures Will Launch XTZ/USDT Perpetual Contract With Up to 50x Leverage
2020-02-06,2020,2020Q1,2020-02,trading_pairs,"Binance Adds ICX, BTS, LSK and BNT Stablecoin Trading Pairs"
2020-02-06,2020,2020Q1,2020-02,ecosystem_add,Binance Adds BUSD Margin Pairs for BNB and ETH
2020-02-06,2020,2020Q1,2020-02,futures,Binance Futures Will Launch ATOM/USDT Perpetual Contract With Up to 50x Leverage
2020-02-06,2020,2020Q1,2020-02,delist,Notice of Removal of Trading Pairs - 2020/02/07
2020-02-07,2020,2020Q1,2020-02,futures,Binance Futures Will Launch BNB/USDT Perpetual Contract With Up to 50x Leverage
2020-02-10,2020,2020Q1,2020-02,futures,Binance Futures Will Launch ONT/USDT Perpetual Contract With Up to 50x Leverage
2020-02-11,2020,2020Q1,2020-02,trading_pairs,"Binance Adds BUSD Trading Pairs for ATOM, DASH, NEO, WAVES & XTZ"
2020-02-12,2020,2020Q1,2020-02,spot,"Binance Lists FTX Leveraged Tokens: EOSBULL, EOSBEAR, XRPBULL & XRPBEAR"
2020-02-12,2020,2020Q1,2020-02,futures,Binance Futures Will Launch BAT/USDT Perpetual Contract With Up to 50x Leverage
2020-02-13,2020,2020Q1,2020-02,futures,Binance Futures Will Launch VET/USDT Perpetual Contract With Up to 50x Leverage
2020-02-14,2020,2020Q1,2020-02,trading_pairs,"Binance Adds BUSD Trading Pairs for BAT, ENJ, NANO, ONT & RVN"
2020-02-16,2020,2020Q1,2020-02,futures,Binance Futures Will Launch NEO/USDT Perpetual Contract With Up to 50x Leverage
2020-02-19,2020,2020Q1,2020-02,trading_pairs,Binance Adds Additional Trading Pairs for STRAT and AION
2020-02-19,2020,2020Q1,2020-02,futures,Binance Futures Will Launch QTUM/USDT Perpetual Contract With Up to 50x Leverage
2020-02-19,2020,2020Q1,2020-02,delist,Notice of Removal of Trading Pairs - 2020/02/20
2020-02-20,2020,2020Q1,2020-02,futures,Binance Futures Will Launch IOST/USDT Perpetual Contract With Up to 50x Leverage
2020-02-21,2020,2020Q1,2020-02,spot,Binance Will List Community Coin Vote Round 6 Winner MBL and Has Distributed Rewards
2020-02-27,2020,2020Q1,2020-02,ecosystem_add,"Binance Adds BUSD Margin Pairs for ETC, TRX and ADA"
2020-02-27,2020,2020Q1,2020-02,trading_pairs,"Binance Adds BUSD Trading Pairs for ALGO, BTT, TOMO, XMR & ZEC"
2020-02-28,2020,2020Q1,2020-02,delist,Notice of Removal of Trading Pairs - 2020/02/28
2020-03-10,2020,2020Q1,2020-03,delist,Notice of Removal of Trading Pairs - 2020/03/11
2020-03-11,2020,2020Q1,2020-03,spot,Binance Lists FTX Leveraged Tokens: BNBBULL & BNBBEAR
2020-03-16,2020,2020Q1,2020-03,other,Binance Futures Increases Maximum Leverage on XTZ/USDT Contract to 75x
2020-03-19,2020,2020Q1,2020-03,delist,Notice of Removal of Trading Pairs - 2020/03/20
2020-03-25,2020,2020Q1,2020-03,spot,Binance Will List Community Coin Vote Round 7 Winner STPT and Has Distributed Rewards
2020-03-26,2020,2020Q1,2020-03,delist,Notice of Removal of Trading Pairs - 2020/03/27
2020-03-28,2020,2020Q1,2020-03,delist,Binance Will Delist All FTX Leveraged Tokens
2020-03-31,2020,2020Q1,2020-03,spot,Binance Lists Binance KRW Stable Coin (BKRW)
2020-03-31,2020,2020Q1,2020-03,delist,Binance Has Delisted All FTX Leveraged Tokens and Will Complete Distribution of BUSD
2020-04-02,2020,2020Q2,2020-04,delist,Notice of Removal of Trading Pairs - 2020/04/03
2020-04-07,2020,2020Q2,2020-04,trading_pairs,"Binance Adds Additional Trading Pairs for DATA, WTC and XZC"
2020-04-13,2020,2020Q2,2020-04,options,Binance Launches Options Trading on Mobile App
2020-04-14,2020,2020Q2,2020-04,ecosystem_add,"Binance Loans Adds BCH, LTC and XRP as Collateral Options"
2020-04-16,2020,2020Q2,2020-04,spot,Binance Will List Rupiah Token (IDRT) 
2020-04-22,2020,2020Q2,2020-04,spot,Binance Completes Cartesi Lottery Draw and Will Open Trading For CTSI
2020-04-23,2020,2020Q2,2020-04,delist,Notice of Removal of Trading Pairs - 2020/04/24
2020-04-27,2020,2020Q2,2020-04,spot,Binance Will List Hive (HIVE) 
2020-04-29,2020,2020Q2,2020-04,delist,Notice of Removal of Trading Pairs - 2020/04/30
2020-05-07,2020,2020Q2,2020-05,spot,Binance Will List Community Coin Vote Round 8 Winner CHR and Has Distributed Rewards
2020-05-08,2020,2020Q2,2020-05,delist,Notice of Removal of Trading Pairs - 2020/05/09
2020-05-12,2020,2020Q2,2020-05,other,Binance Launches Binance Leveraged Tokens (BLVT) and Will List BTCUP and BTCDOWN
2020-05-14,2020,2020Q2,2020-05,delist,Notice of Removal of Trading Pairs - 2020/05/15
2020-05-15,2020,2020Q2,2020-05,trading_pairs,"Binance Adds Additional Trading Pairs for ARDR, ERD and LEND"
2020-05-21,2020,2020Q2,2020-05,delist,Notice of Removal of Trading Pairs - 2020/05/22
2020-05-22,2020,2020Q2,2020-05,trading_pairs,"Binance Adds BUSD Trading Pairs for HBAR, MATIC, WRX and ZIL"
2020-05-25,2020,2020Q2,2020-05,other,Binance Options Lists ETH and XRP Contracts
2020-05-26,2020,2020Q2,2020-05,other,"Binance Enables Isolated Margin Trading for ADA, EOS, ETC, LINK and MATIC"
2020-05-26,2020,2020Q2,2020-05,futures,Binance Futures Will Launch THETA/USDT Perpetual Contract With Up to 50x Leverage
2020-05-28,2020,2020Q2,2020-05,delist,Notice of Removal of Trading Pairs - 2020/05/29
2020-06-01,2020,2020Q2,2020-06,spot,Binance Lists Binance IDR Stable Coin (BIDR)
2020-06-01,2020,2020Q2,2020-06,other,Binance Will Postpone the Trading Start Date of Binance IDR (BIDR)
2020-06-02,2020,2020Q2,2020-06,other,Binance Enables Isolated Margin Trading for THETA and ZRX
2020-06-03,2020,2020Q2,2020-06,other,Storm (STORM) Token Swap to STMX Will Be Supported on Binance
2020-06-04,2020,2020Q2,2020-06,other,Binance Enables Isolated Margin Trading for KAVA
2020-06-05,2020,2020Q2,2020-06,spot,Binance Will List Community Coin Vote Round 9 Winner MDT and Has Distributed Rewards
2020-06-09,2020,2020Q2,2020-06,other,Binance Enables Isolated Margin Trading for ZIL and OMG
2020-06-11,2020,2020Q2,2020-06,other,Isolated Margin Trading for FET and ALGO Enabled on Binance
2020-06-11,2020,2020Q2,2020-06,other,BTCUSD Quarterly Futures Contracts Launched on Binance Futures
2020-06-11,2020,2020Q2,2020-06,delist,Notice of Removal of Trading Pairs - 2020/06/12
2020-06-12,2020,2020Q2,2020-06,trading_pairs,"BUSD and USDT Trading Pairs Added For KNC, REP and LRC on Binance"
2020-06-15,2020,2020Q2,2020-06,futures,Binance Futures Will Launch ALGO/USDT Perpetual Contract With Up to 50x Leverage
2020-06-16,2020,2020Q2,2020-06,other,Isolated Margin Trading for KNC and TFUEL Enabled on Binance
2020-06-17,2020,2020Q2,2020-06,futures,Binance Futures Will Launch ZIL/USDT Perpetual Contract With Up to 50x Leverage
2020-06-18,2020,2020Q2,2020-06,other,"Isolated Margin Trading for HBAR, ENJ and NANO Enabled on Binance"
2020-06-18,2020,2020Q2,2020-06,spot,Binance Will List Everipedia (IQ) 
2020-06-22,2020,2020Q2,2020-06,futures,Binance Futures Will Launch KNC/USDT Perpetual Contract With Up to 50x Leverage
2020-06-22,2020,2020Q2,2020-06,spot,Binance Lists DigiByte (DGB) 
2020-06-23,2020,2020Q2,2020-06,futures,Binance Futures Will Launch ZRX/USDT Perpetual Contract With Up to 50x Leverage
2020-06-24,2020,2020Q2,2020-06,delist,Binance Will Delist StableUSD (USDS)
2020-06-25,2020,2020Q2,2020-06,spot,Binance Lists Compound (COMP) 
2020-06-29,2020,2020Q2,2020-06,futures,Binance Futures Will Launch COMP/USDT Perpetual Contract With Up to 50x Leverage
2020-06-30,2020,2020Q2,2020-06,spot,Binance Lists Binance IDR Stable Coin (BIDR)
2020-07-01,2020,2020Q3,2020-07,futures,Binance Futures Will Launch OMG/USDT Perpetual Contract With Up to 50x Leverage
2020-07-02,2020,2020Q3,2020-07,delist,Notice of Removal of Trading Pairs - 2020/07/03
2020-07-06,2020,2020Q3,2020-07,trading_pairs,"BKRW/BUSD, BKRW/USDT, SC/USDT and ZEN/USDT Trading Pairs Added on Binance"
2020-07-07,2020,2020Q3,2020-07,other,"Isolated Margin Trading for REN, ICX Enabled on Binance"
2020-07-07,2020,2020Q3,2020-07,other,Binance Announces Acquisition of Swipe and Lists Swipe (SXP)
2020-07-09,2020,2020Q3,2020-07,other,"Isolated Margin Trading for COMP, NULS, LRC and LEND Enabled on Binance"
2020-07-09,2020,2020Q3,2020-07,futures,Binance Futures Will Launch DOGE/USDT Perpetual Contract With Up to 50x Leverage
2020-07-09,2020,2020Q3,2020-07,spot,Binance Lists Synthetix (SNX) 
2020-07-13,2020,2020Q3,2020-07,spot,Binance Will List ETHUP and ETHDOWN Binance Leveraged Tokens
2020-07-13,2020,2020Q3,2020-07,delist,"Binance Will Delist ARN, FUEL and LUN on 2020/07/20"
2020-07-14,2020,2020Q3,2020-07,other,"Isolated Margin Trading for DOGE, SC, REP, BNT and BTT Enabled on Binance"
2020-07-15,2020,2020Q3,2020-07,spot,"Binance Will List ADAUP, ADADOWN, LINKUP and LINKDOWN Binance Leveraged Tokens"
2020-07-16,2020,2020Q3,2020-07,trading_pairs,Isolated Margin Enabled For Multiple BUSD Trading Pairs on Binance
2020-07-17,2020,2020Q3,2020-07,spot,Binance Lists VeThor Token (VTHO) 
2020-07-20,2020,2020Q3,2020-07,futures,Binance Futures Will Launch ADAUSD Quarterly 0925 Futures Contract With Up to 75x Leverage
2020-07-20,2020,2020Q3,2020-07,trading_pairs,"DCR/BUSD, DGB/USDT, GBP/USDT, STORJ/BUSD and SXP/USDT Trading Pairs Added on Binance"
2020-07-21,2020,2020Q3,2020-07,futures,Binance Futures Will Launch SXP/USDT Perpetual Contract With Up to 50x Leverage
2020-07-21,2020,2020Q3,2020-07,other,"Isolated Margin Trading for ONE, SNX, TOMO, WAVES and WRX Enabled on Binance"
2020-07-21,2020,2020Q3,2020-07,futures,Binance Futures Will Launch LINKUSD Quarterly 0925 Futures Contract With Up to 75x Leverage
2020-07-21,2020,2020Q3,2020-07,spot,Binance Lists IRISnet (IRIS) 
2020-07-22,2020,2020Q3,2020-07,futures,Binance Futures Will Launch LEND/USDT Perpetual Contract With Up to 50x Leverage
2020-07-23,2020,2020Q3,2020-07,other,"Isolated Margin Trading for ONG, ANKR, FTT and SXP Enabled on Binance"
2020-07-23,2020,2020Q3,2020-07,futures,Binance Futures Will Launch ETHUSD Quarterly 0925 Futures Contract With Up to 75x Leverage
2020-07-23,2020,2020Q3,2020-07,spot,Binance Lists Maker (MKR) & Dai (DAI)
2020-07-24,2020,2020Q3,2020-07,spot,Binance Lists THORChain (RUNE)
2020-07-27,2020,2020Q3,2020-07,futures,Binance Futures Will Launch KAVA/USDT Perpetual Contract With Up to 50x Leverage
2020-07-28,2020,2020Q3,2020-07,other,"Isolated Margin Trading for RLC, FTM, HIVE and DGB Enabled on Binance"
2020-07-28,2020,2020Q3,2020-07,futures,Binance Futures Will Launch BAND/USDT Perpetual Contract With Up to 50x Leverage
2020-07-30,2020,2020Q3,2020-07,trading_pairs,"Multiple BUSD, USDT and BKRW Trading Pairs Added on Binance - 2020/07/30"
2020-07-30,2020,2020Q3,2020-07,other,Isolated Margin Trading for STORJ and BAND Enabled on Binance
2020-07-30,2020,2020Q3,2020-07,futures,Binance Futures Will Launch RLC/USDT Perpetual Contract With Up to 50x Leverage
2020-07-30,2020,2020Q3,2020-07,delist,Notice of Removal of Trading Pairs - 2020/07/31
2020-07-31,2020,2020Q3,2020-07,trading_pairs,Binance Adds Multiple Australian Dollar (AUD) Trading Pairs
2020-07-31,2020,2020Q3,2020-07,spot,Binance Lists FIO Protocol (FIO)
2020-08-03,2020,2020Q3,2020-08,options,Binance Options Will List BNB Contract
2020-08-04,2020,2020Q3,2020-08,futures,Binance Futures Will Launch ETHUSD Quarterly 1225 Futures Contract With Up to 75x Leverage
2020-08-04,2020,2020Q3,2020-08,other,"Isolated Margin Trading for IOTX, CELR, CHR, DOCK, MKR and VTHO Enabled on Binance"
2020-08-05,2020,2020Q3,2020-08,spot,"Binance Will List BNBUP, BNBDOWN, XTZUP and XTZDOWN Binance Leveraged Tokens"
2020-08-05,2020,2020Q3,2020-08,spot,Binance Lists Travala (AVA)
2020-08-06,2020,2020Q3,2020-08,trading_pairs,"Binance Will Add Multiple AUD, BKRW, BUSD & USDT Trading Pairs"
2020-08-06,2020,2020Q3,2020-08,spot,Binance Lists Balancer (BAL)
2020-08-10,2020,2020Q3,2020-08,spot,Binance Lists yearn.finance (YFI)
2020-08-11,2020,2020Q3,2020-08,trading_pairs,"Binance Adds Multiple BUSD, USDT & DAI Trading Pairs - 2020/08/11"
2020-08-11,2020,2020Q3,2020-08,spot,Binance Lists JUST (JST)
2020-08-11,2020,2020Q3,2020-08,other,"Isolated Margin Trading for LSK, MANA and OGN Enabled on Binance"
2020-08-11,2020,2020Q3,2020-08,futures,Binance Futures Will Launch WAVES USDT-Margined Perpetual Contract With Up to 50x Leverage
2020-08-11,2020,2020Q3,2020-08,spot,Binance Lists Serum (SRM)
2020-08-12,2020,2020Q3,2020-08,futures,Binance Futures Will Launch MKR USDT-Margined Perpetual Contract With Up to 50x Leverage
2020-08-13,2020,2020Q3,2020-08,spot,Binance Lists Aragon (ANT)
2020-08-13,2020,2020Q3,2020-08,futures,Binance Futures Will Launch SNX USDT-Margined Perpetual Contract With Up to 50x Leverage
2020-08-14,2020,2020Q3,2020-08,spot,"Binance Will List Curve (CRV), Deposits Now Open"
2020-08-14,2020,2020Q3,2020-08,spot,Binance Will Open Trading for Curve (CRV)
2020-08-14,2020,2020Q3,2020-08,spot,Binance Completes The Sandbox Lottery Draw and Will Open Trading For SAND
2020-08-17,2020,2020Q3,2020-08,spot,Binance Lists Ocean Protocol (OCEAN)
2020-08-17,2020,2020Q3,2020-08,futures,Binance Futures Will Launch ETH/USD Coin-Margined Perpetual Contract With Up to 75x Leverage
2020-08-17,2020,2020Q3,2020-08,spot,Binance Lists Numeraire (NMR)
2020-08-18,2020,2020Q3,2020-08,futures,Binance Futures Will Launch LINK/USD Coin-Margined Perpetual Contract With Up to 75x Leverage
2020-08-18,2020,2020Q3,2020-08,other,"Isolated Margin Trading for GXS, CHZ, IRIS and SOL Enabled on Binance"
2020-08-18,2020,2020Q3,2020-08,spot,Binance Will List Polkadot (DOT) & Support 1:100 Redenomination Plan
2020-08-19,2020,2020Q3,2020-08,spot,Binance Lists Terra (LUNA)
2020-08-19,2020,2020Q3,2020-08,futures,Binance Futures Will Launch DOT USDT-Margined Perpetual Contract With Up to 50x Leverage
2020-08-20,2020,2020Q3,2020-08,futures,Binance Futures Will Launch BNB/USD Coin-Margined Perpetual Contract With Up to 50x Leverage
2020-08-20,2020,2020Q3,2020-08,other,DOT USDT-Margined Perpetual Contract Listing Delayed to 2020/08/22
2020-08-22,2020,2020Q3,2020-08,spot,Binance Lists IDEX (IDEX)
2020-08-24,2020,2020Q3,2020-08,futures,Binance Futures Will Launch DOT/USD Coin-Margined Perpetual Contract With Up to 50x Leverage
2020-08-25,2020,2020Q3,2020-08,spot,Binance Lists Reserve Rights (RSR)
2020-08-25,2020,2020Q3,2020-08,other,"Isolated Margin Trading for CTSI, ARPA, WTC, KMD, JST and COTI Enabled on Binance"
2020-08-25,2020,2020Q3,2020-08,futures,Binance Futures Will Launch ADA/USD Coin-Margined Perpetual Contract With Up to 75x Leverage
2020-08-25,2020,2020Q3,2020-08,spot,Binance Lists PAX Gold (PAXG)
2020-08-26,2020,2020Q3,2020-08,spot,Binance Lists Wrapped NXM (WNXM)
2020-08-26,2020,2020Q3,2020-08,futures,Binance Futures Launches DEFI Composite Index Perpetual Contract With Up to 50x Leverage
2020-08-27,2020,2020Q3,2020-08,spot,Binance Lists Tellor (TRB)
2020-08-27,2020,2020Q3,2020-08,other,Isolated Margin Trading for DOT and SRM Enabled on Binance
2020-08-27,2020,2020Q3,2020-08,trading_pairs,"Binance Adds ETH/NGN, DOT/BIDR, LINK/AUD & SXP/AUD Trading Pairs"
2020-08-28,2020,2020Q3,2020-08,other,Elrond (ERD) Mainnet & Token Swap to Elrond Gold (EGLD) Will Be Supported on Binance
2020-08-29,2020,2020Q3,2020-08,spot,Binance Lists bZx Protocol (BZRX)
2020-08-31,2020,2020Q3,2020-08,futures,Binance Futures Will Launch YFI USDT-Margined Perpetual Contract With Up to 50x Leverage
2020-08-31,2020,2020Q3,2020-08,spot,Binance Lists Wrapped BTC (WBTC)
2020-09-01,2020,2020Q3,2020-09,futures,Binance Futures Will Launch BAL and CRV USDT-Margined Perpetual Contracts With Up to 50x Leverage
2020-09-01,2020,2020Q3,2020-09,other,"DOT, ANT, CRV, BAL and YFI Enabled on Binance Margin Trading"
2020-09-01,2020,2020Q3,2020-09,other,Binance Futures Will Increase Maximum Leverage on DOT Contracts to 75x
2020-09-01,2020,2020Q3,2020-09,spot,Binance Lists Sushi (SUSHI) and DFI.Money (YFII)
2020-09-01,2020,2020Q3,2020-09,other,Binance Completes Elrond (ERD) Mainnet & Token Swap to Elrond Gold (EGLD)
2020-09-02,2020,2020Q3,2020-09,futures,Binance Futures Will Launch TRB and YFII USDT-Margined Perpetual Contracts With Up to 50x Leverage
2020-09-02,2020,2020Q3,2020-09,spot,Binance Lists Kusama (KSM)
2020-09-02,2020,2020Q3,2020-09,spot,Binance Lists DIA (DIA)
2020-09-03,2020,2020Q3,2020-09,futures,Binance Futures Will Launch RUNE and SUSHI USDT-Margined Perpetual Contracts With Up to 50x Leverage
2020-09-03,2020,2020Q3,2020-09,other,"Isolated Margin Trading for TRB, WNXM and TCT Enabled on Binance"
2020-09-04,2020,2020Q3,2020-09,trading_pairs,Binance Adds FIO/USDT and RUNE/USDT Trading Pairs
2020-09-04,2020,2020Q3,2020-09,futures,Binance Futures Will Launch SRM and BZRX USDT-Margined Perpetual Contracts With Up to 50x Leverage
2020-09-04,2020,2020Q3,2020-09,futures,Binance Futures Will Launch ADAUSD and LINKUSD Quarterly 1225 Coin-Margined Contracts With Up to 75x Leverage
2020-09-04,2020,2020Q3,2020-09,delist,Binance Will Delist Insolar (INS) on 2020/09/11
2020-09-05,2020,2020Q3,2020-09,other,Isolated Margin Trading for YFII and SUSHI Enabled on Binance
2020-09-07,2020,2020Q3,2020-09,futures,Binance Futures Will Launch TRXUSD and EOSUSD Coin-Margined Perpetual Contracts With Up to 75x Leverage
2020-09-07,2020,2020Q3,2020-09,futures,Binance Futures Will Launch LTCUSD and BCHUSD Coin-Margined Perpetual Contracts With Up to 75x Leverage
2020-09-08,2020,2020Q3,2020-09,futures,Binance Futures Will Launch XRPUSD and ETCUSD Coin-Margined Perpetual Contracts With Up to 75x Leverage
2020-09-08,2020,2020Q3,2020-09,other,"Isolated Margin Trading for PNT, WAN, SAND, TROY and BZRX Enabled on Binance"
2020-09-09,2020,2020Q3,2020-09,spot,Binance Lists UMA (UMA)
2020-09-09,2020,2020Q3,2020-09,spot,"Binance Will List EOSUP, EOSDOWN, TRXUP, TRXDOWN, XRPUP, XRPDOWN, DOTUP and DOTDOWN Binance Leveraged Tokens"
2020-09-10,2020,2020Q3,2020-09,other,"Isolated Margin Trading for KSM, RUNE, XEM and BLZ Enabled on Binance"
2020-09-10,2020,2020Q3,2020-09,trading_pairs,"Binance Adds SRM/BIDR, ONE/BIDR, LINK/TRY and USDT/NGN Trading Pairs"
2020-09-13,2020,2020Q3,2020-09,other,"Isolated Margin Trading for RSR, DIA and OCEAN Enabled on Binance"
2020-09-14,2020,2020Q3,2020-09,other,Binance Futures Will Increase Maximum Leverage on BNB Contracts to 75x
2020-09-14,2020,2020Q3,2020-09,futures,"Binance Futures Will Launch EGLD, SOL, ICX and BTT USDT-Margined Perpetual Contracts With Up to 50x Leverage"
2020-09-14,2020,2020Q3,2020-09,other,Bella Protocol (BEL) Trading Start Time Brought Forward to 2020/09/15
2020-09-15,2020,2020Q3,2020-09,spot,Binance Lists Swerve (SWRV)
2020-09-15,2020,2020Q3,2020-09,other,BTT USDT-Margined Perpetual Contract Listing is Cancelled
2020-09-15,2020,2020Q3,2020-09,other,"Isolated Margin Trading for STX, STPT and UMA Enabled on Binance"
2020-09-15,2020,2020Q3,2020-09,spot,Binance Will List LTCUP and LTCDOWN Binance Leveraged Tokens
2020-09-15,2020,2020Q3,2020-09,futures,Binance Futures Will Launch STORJ USDT-Margined Perpetual Contract With Up to 50x Leverage
2020-09-16,2020,2020Q3,2020-09,trading_pairs,Binance Adds LEND/BKRW & SXP/EUR Trading Pairs
2020-09-16,2020,2020Q3,2020-09,futures,Binance Futures Will Launch BLZ USDT-Margined Perpetual Contract With Up to 50x Leverage
2020-09-16,2020,2020Q3,2020-09,spot,Binance Lists Cream Finance (CREAM)
2020-09-17,2020,2020Q3,2020-09,spot,Binance Lists Uniswap (UNI)
2020-09-17,2020,2020Q3,2020-09,futures,Binance Futures Will Launch UNI USDT-Margined Perpetual Contract With Up to 50x Leverage
2020-09-17,2020,2020Q3,2020-09,other,Isolated Margin Trading for XZC and LUNA Enabled on Binance
2020-09-18,2020,2020Q3,2020-09,other,Binance Completes Distribution and Will List New BitShares (NBS)
2020-09-21,2020,2020Q3,2020-09,spot,Binance Lists Orchid (OXT)
2020-09-21,2020,2020Q3,2020-09,options,Binance Options Will List LINK Contract
2020-09-21,2020,2020Q3,2020-09,other,Binance Launches New Innovation Zone and Lists SUN (SUN)
2020-09-22,2020,2020Q3,2020-09,spot,"Binance Lists Avalanche (AVAX), Deposits Are Now Open"
2020-09-22,2020,2020Q3,2020-09,other,Isolated Margin Trading for NMR & VITE Enabled on Binance
2020-09-22,2020,2020Q3,2020-09,futures,Binance Futures Will Launch AVAX USDT-Margined Perpetual Contract With Up to 50x Leverage
2020-09-23,2020,2020Q3,2020-09,futures,Binance Futures Will Launch FTM USDT-Margined Perpetual Contract With Up to 50x Leverage
2020-09-24,2020,2020Q3,2020-09,spot,Binance Lists Helium (HNT)
2020-09-24,2020,2020Q3,2020-09,other,"Isolated Margin Trading for EUR, AVAX & NKN Enabled on Binance"
2020-09-24,2020,2020Q3,2020-09,spot,"Binance Will List BSC Projects, BAKE and BURGER, in the Innovation Zone"
2020-09-24,2020,2020Q3,2020-09,futures,"Binance Futures Will List BTC, ETH, ADA & LINK Coin-Margined Quarterly 0326 Futures Contracts"
2020-09-25,2020,2020Q3,2020-09,trading_pairs,Binance Adds SXP/BIDR & LINK/BKRW Trading Pairs
2020-09-27,2020,2020Q3,2020-09,other,Cross Margin Trading for UNI Enabled on Binance
2020-09-28,2020,2020Q3,2020-09,futures,Binance Futures Will Launch HNT USDT-Margined Perpetual Contract With Up to 50x Leverage
2020-09-28,2020,2020Q3,2020-09,futures,Binance Futures Will Launch ENJ USDT-Margined Perpetual Contract With Up to 50x Leverage
2020-09-29,2020,2020Q3,2020-09,futures,Binance Futures Will Launch FLM USDT-Margined Perpetual Contract With Up to 50x Leverage
2020-09-29,2020,2020Q3,2020-09,spot,Binance Will List UNIUP & UNIDOWN Binance Leveraged Tokens
2020-09-29,2020,2020Q3,2020-09,spot,"Binance Will List BSC Projects, CAKE and SPARTA, in the Innovation Zone"
2020-09-30,2020,2020Q3,2020-09,spot,Binance Lists Orion Protocol (ORN)
2020-09-30,2020,2020Q3,2020-09,trading_pairs,Binance Adds TRX/NGN & SXP/TRY Trading Pairs
2020-10-02,2020,2020Q4,2020-10,spot,Binance Lists UTRUST (UTK)
2020-10-03,2020,2020Q4,2020-10,other,Aave (LEND) Token Swap to AAVE Will Be Supported on Binance With Various Service Updates & Settlements
2020-10-09,2020,2020Q4,2020-10,alpha,Binance Completes the Alpha Finance Lab Lottery Draw and Will Open Trading For ALPHA
2020-10-09,2020,2020Q4,2020-10,spot,Binance Lists VIDT Datalink (VIDT) in the Innovation Zone
2020-10-10,2020,2020Q4,2020-10,futures,Binance Futures Will Launch TOMO USDT-Margined Perpetual Contract With Up to 50x Leverage
2020-10-12,2020,2020Q4,2020-10,futures,Binance Futures Will Launch REN USDT-Margined Perpetual Contract With Up to 50x Leverage
2020-10-12,2020,2020Q4,2020-10,other,Cross Margin Trading for YFI Enabled on Binance
2020-10-13,2020,2020Q4,2020-10,futures,Binance Futures Will Launch KSM USDT-Margined Perpetual Contract With Up to 50x Leverage
2020-10-13,2020,2020Q4,2020-10,trading_pairs,Binance Adds BTC/BRL & USDT/BRL Trading Pairs
2020-10-13,2020,2020Q4,2020-10,other,Isolated Margin Trading for FLM & WING Enabled on Binance
2020-10-14,2020,2020Q4,2020-10,spot,"Binance Lists NEAR Protocol (NEAR), Deposits Are Now Open"
2020-10-14,2020,2020Q4,2020-10,spot,Binance Will List SXPUP & SXPDOWN Binance Leveraged Tokens
2020-10-14,2020,2020Q4,2020-10,futures,Binance Futures Will Launch NEAR USDT-Margined Perpetual Contract With Up to 50x Leverage
2020-10-15,2020,2020Q4,2020-10,other,Cross Margin Trading for YFII Enabled on Binance
2020-10-15,2020,2020Q4,2020-10,trading_pairs,Binance Adds DOT/BKRW & SXP/GBP Trading Pairs
2020-10-15,2020,2020Q4,2020-10,spot,"Binance Will List Filecoin (FIL) - Deposit FIL to Share a $100,000 Prize Pool"
2020-10-16,2020,2020Q4,2020-10,futures,Binance Futures Will Launch FIL USDT-Margined Perpetual Contract With Up to 50x Leverage
2020-10-16,2020,2020Q4,2020-10,other,"Isolated Margin Trading for FIL, XVS & NEAR Enabled on Binance"
2020-10-19,2020,2020Q4,2020-10,futures,Binance Futures Will Launch RSR & LRC USDT-Margined Perpetual Contracts With Up to 50x Leverage
2020-10-19,2020,2020Q4,2020-10,other,Binance Will Launch a FIL/USD Coin-Margined Perpetual Contract With Up to 50x Leverage and List FILUP & FILDOWN Binance Leveraged Tokens
2020-10-20,2020,2020Q4,2020-10,spot,FIL Coin-Margined Perpetual Contract Listing Postponed
2020-10-20,2020,2020Q4,2020-10,spot,Binance Will List YFIUP & YFIDOWN Binance Leveraged Tokens
2020-10-20,2020,2020Q4,2020-10,other,Isolated Margin Trading for AAVE & DATA Enabled on Binance
2020-10-20,2020,2020Q4,2020-10,spot,Binance Completes the Injective Protocol Lottery Draw and Will Open Trading For INJ
2020-10-21,2020,2020Q4,2020-10,futures,Binance Futures Will Launch MATIC USDT-Margined Perpetual Contract With Up to 50x Leverage
2020-10-21,2020,2020Q4,2020-10,spot,Binance Lists Aergo (AERGO)
2020-10-22,2020,2020Q4,2020-10,other,Binance Will Launch a FIL/USD Coin-Margined Perpetual Contract With Up to 50x Leverage
2020-10-22,2020,2020Q4,2020-10,launch_event,"Introducing CertiK (CTK) on Binance Launchpool! Farm CTK By Staking BNB, BUSD & CTK Tokens"
2020-10-22,2020,2020Q4,2020-10,trading_pairs,New BUSD Trading Pairs Enabled on Binance Margin Trading
2020-10-22,2020,2020Q4,2020-10,delist,Notice of Removal of Trading Pairs - 2020/10/23
2020-10-23,2020,2020Q4,2020-10,trading_pairs,Binance Adds LINK/EUR & ONE/BUSD Trading Pairs
2020-10-23,2020,2020Q4,2020-10,spot,Binance Will List EasyFi (EASY) in the Innovation Zone
2020-10-23,2020,2020Q4,2020-10,other,Cross Margin Trading for FIL Enabled on Binance
2020-10-23,2020,2020Q4,2020-10,spot,"Binance Lists Audius (AUDIO), Deposits Are Now Open"
2020-10-27,2020,2020Q4,2020-10,spot,Binance Will List BCHUP & BCHDOWN Binance Leveraged Tokens
2020-10-27,2020,2020Q4,2020-10,delist,Binance Will Delist MCO (MCO) on 2020/11/02
2020-10-28,2020,2020Q4,2020-10,trading_pairs,New BUSD Trading Pairs Enabled on Binance Isolated Margin
2020-10-29,2020,2020Q4,2020-10,spot,Binance Will List Bounce (BOT) in the Innovation Zone
2020-10-29,2020,2020Q4,2020-10,other,Cross Margin Trading for NEAR Enabled on Binance
2020-10-29,2020,2020Q4,2020-10,trading_pairs,Binance Adds ETH/BRL & DOT/EUR Trading Pairs
2020-11-02,2020,2020Q4,2020-11,spot,Binance Will List Akropolis (AKRO) in the Innovation Zone
2020-11-02,2020,2020Q4,2020-11,futures,Binance Futures Will Launch OCEAN USDT-Margined Perpetual Contract With Up to 50x Leverage
2020-11-02,2020,2020Q4,2020-11,launch_event,"Introducing Hard Protocol (HARD) on Binance Launchpool! Farm HARD By Staking BNB, BUSD & KAVA Tokens"
2020-11-03,2020,2020Q4,2020-11,futures,Binance Futures Will Launch BNBUSD and DOTUSD Quarterly 1225 & 0326 Coin-Margined Contracts With Up to 75x Leverage
2020-11-03,2020,2020Q4,2020-11,spot,Binance Will List Keep3rV1 (KP3R) in the Innovation Zone
2020-11-03,2020,2020Q4,2020-11,trading_pairs,New BUSD Trading Pairs and DUSK Enabled on Binance Isolated Margin
2020-11-04,2020,2020Q4,2020-11,spot,Binance Completes the Axie Infinity Lottery Draw and Will Open Trading For AXS
2020-11-05,2020,2020Q4,2020-11,other,AVA Enabled on Binance Isolated Margin
2020-11-05,2020,2020Q4,2020-11,delist,Binance Will Delist POE & TNT on 2020/11/12
2020-11-06,2020,2020Q4,2020-11,trading_pairs,Binance Adds BNB/BRL & LTC/EUR Trading Pairs
2020-11-09,2020,2020Q4,2020-11,spot,Binance Lists renBTC (RENBTC)
2020-11-09,2020,2020Q4,2020-11,delist,Notice of Removal of Trading Pairs - 2020/11/10
2020-11-10,2020,2020Q4,2020-11,trading_pairs,"Binance Adds DNT/BUSD, DNT/USDT, ADA/EUR & LTC/NGN Trading Pairs"
2020-11-10,2020,2020Q4,2020-11,spot,Binance Will List Axie Infinity's Small Love Potion (SLP) in the Innovation Zone
2020-11-10,2020,2020Q4,2020-11,other,"CVC, DNT, ALPHA & INJ Enabled on Binance Isolated Margin"
2020-11-10,2020,2020Q4,2020-11,futures,Binance Futures Will Launch CVC USDT-Margined Perpetual Contract With Up to 50x Leverage
2020-11-12,2020,2020Q4,2020-11,other,"AXS, CTK, EUR, LOOM & UTK Enabled on Binance Isolated Margin"
2020-11-12,2020,2020Q4,2020-11,other,Cross Margin Trading for AAVE Enabled on Binance
2020-11-13,2020,2020Q4,2020-11,launch_event,"Introducing Unifi Protocol DAO (UNFI) on Binance Launchpool! Farm UNFI By Staking BNB, BUSD & ETH Tokens"
2020-11-16,2020,2020Q4,2020-11,spot,Binance Will List PowerPool (CVP) in the Innovation Zone
2020-11-16,2020,2020Q4,2020-11,other,Cross Margin Trading for COMP Enabled on Binance
2020-11-16,2020,2020Q4,2020-11,delist,Notice of Removal of Trading Pairs - 2020/11/17
2020-11-17,2020,2020Q4,2020-11,futures,Binance Futures Will Launch BEL USDT-Margined Perpetual Contracts With Up to 50x Leverage
2020-11-17,2020,2020Q4,2020-11,spot,Binance Will List The Force Protocol (FOR) in the Innovation Zone
2020-11-18,2020,2020Q4,2020-11,spot,Binance Will List Frontier (FRONT) in the Innovation Zone
2020-11-18,2020,2020Q4,2020-11,futures,Binance Futures Will Launch CTK USDT-Margined Perpetual Contract With Up to 50x Leverage
2020-11-18,2020,2020Q4,2020-11,other,Margin Trading for EUR & BEL Enabled on Binance
2020-11-18,2020,2020Q4,2020-11,other,Bitcoin Cash (BCH) Hard Fork Complete. Binance Completes Distribution and Lists Bitcoin Cash ABC (BCHA) in the Innovation Zone
2020-11-19,2020,2020Q4,2020-11,spot,"Binance Lists Oasis Network (ROSE), Deposits Are Now Open"
2020-11-19,2020,2020Q4,2020-11,futures,Binance Futures Will Launch AXS USDT-Margined Perpetual Contract With Up to 50x Leverage
2020-11-20,2020,2020Q4,2020-11,trading_pairs,Binance Adds AVAX/TRY & BUSD/BRL Trading Pairs
2020-11-23,2020,2020Q4,2020-11,futures,Binance Futures Will Launch ALPHA USDT-Margined Perpetual Contract With Up to 50x Leverage
2020-11-24,2020,2020Q4,2020-11,futures,Binance Futures Will Launch ZEN USDT-Margined Perpetual Contract With Up to 50x Leverage
2020-11-24,2020,2020Q4,2020-11,options,Binance Options Will List LTC Contract
2020-11-24,2020,2020Q4,2020-11,trading_pairs,"Binance Adds AVA/USDT, SYS/BUSD & XEM/USDT Trading Pairs"
2020-11-25,2020,2020Q4,2020-11,other,"Binance Futures Will Relaunch BCHUSD Coin-Margined Perpetual Contracts, and Will Adjust the Maximum Leverage for the BCHUSDT Perpetual Contract"
2020-11-25,2020,2020Q4,2020-11,other,"Margin Trading for WAVES, OMG, ROSE, MDT, ZEN & OXT Enabled on Binance"
2020-11-25,2020,2020Q4,2020-11,spot,Binance Will List Hegic (HEGIC) in the Innovation Zone
2020-11-25,2020,2020Q4,2020-11,spot,Binance Will List AAVEUP & AAVEDOWN Binance Leveraged Tokens
2020-11-26,2020,2020Q4,2020-11,trading_pairs,Binance Adds XRP/BRL & XRP/NGN Trading Pairs
2020-11-26,2020,2020Q4,2020-11,spot,Binance Will List Prometeus (PROM) in the Innovation Zone
2020-11-26,2020,2020Q4,2020-11,other,XVG Enabled on Binance Isolated Margin
2020-11-30,2020,2020Q4,2020-11,futures,"Binance Futures Will Launch XRP, LTC, EOS, BCH Quarterly 1225 & 0326 Coin-Margined Contracts with up to 75X Leverage"
2020-11-30,2020,2020Q4,2020-11,other,"Margin Trading for ARDR, HARD, LTO & ZIL Enabled on Binance"
2020-11-30,2020,2020Q4,2020-11,spot,Binance Will List SKALE Network (SKL)
2020-12-02,2020,2020Q4,2020-12,trading_pairs,"Binance Adds BCH/EUR, YFI/EUR & ZIL/BIDR Trading Pairs"
2020-12-02,2020,2020Q4,2020-12,other,ORN & UNFI Enabled on Binance Isolated Margin
2020-12-03,2020,2020Q4,2020-12,delist,Notice of Removal of Trading Pairs - 2020/12/04
2020-12-04,2020,2020Q4,2020-12,spot,Binance Will List sUSD (SUSD) in the Innovation Zone
2020-12-04,2020,2020Q4,2020-12,other,Cross Margin Trading for YFII Enabled on Binance
2020-12-05,2020,2020Q4,2020-12,spot,Binance Will List COVER Protocol (COVER) in the Innovation Zone
2020-12-07,2020,2020Q4,2020-12,futures,"Binance Futures Will Launch TRX, ETC, FIL Quarterly 1225 & 0326 Coin-Margined Contracts with up to 75X Leverage"
2020-12-07,2020,2020Q4,2020-12,other,"Margin Trading for GBP, SUSHI & DCR Enabled on Binance"
2020-12-07,2020,2020Q4,2020-12,futures,Binance Futures Will Launch SKL USDT-Margined Perpetual Contracts with up to 50X Leverage
2020-12-08,2020,2020Q4,2020-12,spot,Binance Will List Aavegotchi (GHST) in the Innovation Zone
2020-12-09,2020,2020Q4,2020-12,other,"Binance Leveraged Tokens (BLVT) Target Leverage Range Adjusted to 1.25x - 4x and Will List SUSHIUP, SUSHIDOWN, XLMUP and XLMDOWN"
2020-12-09,2020,2020Q4,2020-12,other,"AKRO, MTL & SKL Enabled on Binance Isolated Margin"
2020-12-11,2020,2020Q4,2020-12,trading_pairs,"Binance Adds LINK/BRL, LINK/NGN, LTC/RUB, TRX/TRY & XLM/EUR Trading Pairs"
2020-12-11,2020,2020Q4,2020-12,spot,Binance Will List dForce (DF) in the Innovation Zone
2020-12-14,2020,2020Q4,2020-12,other,Cross Margin Trading for THETA Enabled on Binance
2020-12-14,2020,2020Q4,2020-12,launch_event,"Introducing Juventus and Paris Saint-Germain Fan Tokens on Binance Launchpool! Farm JUV and PSG tokens By Staking BNB, BUSD & CHZ Tokens"
2020-12-17,2020,2020Q4,2020-12,spot,"Binance Will List The Graph (GRT), Deposits Are Now Open"
2020-12-18,2020,2020Q4,2020-12,other,EGLD Enabled on Binance Isolated Margin
2020-12-19,2020,2020Q4,2020-12,futures,Binance Futures Will Launch USDT-Margined GRT Perpetual Contracts with Up to 50X Leverage
2020-12-19,2020,2020Q4,2020-12,other,Updates to USDT-Margined GRT Perpetual Contract
2020-12-20,2020,2020Q4,2020-12,other,GRT Enabled on Binance Isolated Margin
2020-12-21,2020,2020Q4,2020-12,futures,"Binance Futures Will Launch Coin-Margined EGLDUSD 50X Perpetual Contracts and USDT-Margined BNT, UNFI 50X Perpetual Contracts"
2020-12-21,2020,2020Q4,2020-12,spot,Binance Will List GRTUP & GRTDOWN Binance Leveraged Tokens
2020-12-22,2020,2020Q4,2020-12,launch_event,"Introducing Reef Finance (REEF) on Binance Launchpool! Farm REEF By Staking BNB, BUSD & DOT Tokens"
2020-12-23,2020,2020Q4,2020-12,launch_event,"Introducing OG, Atlético de Madrid and AS Roma Fan Tokens on Binance Launchpool! Farm OG, ATM & ASR By Staking BNB, BUSD & CHZ Tokens"
2020-12-24,2020,2020Q4,2020-12,delist,Binance Will Delist AE & HC on 2020/12/30
2020-12-25,2020,2020Q4,2020-12,spot,"Binance Will List 1inch (1INCH) in the Innovation Zone, Deposits Are Now Open"
2020-12-25,2020,2020Q4,2020-12,futures,Binance Futures Will List Coin-Margined Quarterly 0625 Futures Contracts
2020-12-25,2020,2020Q4,2020-12,other,Binance Will Enable Isolated Margin Trading and Launch a USDT-Margined Perpetual Contract with Up to 20X Leverage for 1INCH
2020-12-28,2020,2020Q4,2020-12,futures,"Binance Futures Will Launch USDT-Margined BNT, UNFI, CHZ Perpetual Contracts with Up to 20X Leverage"
2020-12-28,2020,2020Q4,2020-12,other,Binance Will Suspend COVER Trading and COVER Deposits
2020-12-28,2020,2020Q4,2020-12,options,Binance Launches Vanilla Options Trading Platform
2020-12-29,2020,2020Q4,2020-12,other,"Cross Margin Trading for ALGO, CRV Enabled on Binance"
2021-01-05,2021,2021Q1,2021-01,spot,Binance Will List Celo (CELO)
2021-01-07,2021,2021Q1,2021-01,other,COVER Compensation Distribution Complete. Trading Will Resume at 2021/01/07 5:00 AM (UTC)
2021-01-07,2021,2021Q1,2021-01,spot,Binance Will List RSK Infrastructure Framework (RIF)
2021-01-07,2021,2021Q1,2021-01,launch_event,"Introducing Bitcoin Standard Hashrate Token (BTCST) on Binance Launchpool! Farm BTCST By Staking BNB, BUSD & BTC Tokens"
2021-01-11,2021,2021Q1,2021-01,futures,Binance Futures Launches BTCBUSD Perpetual Contracts
2021-01-12,2021,2021Q1,2021-01,other,PAXG Enabled on Binance Isolated Margin
2021-01-13,2021,2021Q1,2021-01,delist,Notice of Removal of Trading Pairs - 2021/01/14
2021-01-19,2021,2021Q1,2021-01,futures,Binance Futures Will Launch USDT-Margined AKRO Perpetual Contracts with Up to 20X Leverage
2021-01-19,2021,2021Q1,2021-01,spot,Binance Will List TrueFi (TRU) in the Innovation Zone
2021-01-20,2021,2021Q1,2021-01,futures,Binance Futures Launches DOTECO (Polkadot Ecosystem) Composite Index Perpetual Contract with Up to 20x Leverage
2021-01-21,2021,2021Q1,2021-01,futures,"Binance Futures Will Launch USDT-Margined CHZ, INJ Perpetual Contracts with Up to 20X Leverage"
2021-01-21,2021,2021Q1,2021-01,spot,Binance Will List DeXe (DEXE) in the Innovation Zone
2021-01-25,2021,2021Q1,2021-01,futures,"Binance Futures Will Launch USDT-Margined SAND, ANKR Perpetual Contracts with Up to 20X Leverage"
2021-01-25,2021,2021Q1,2021-01,trading_pairs,"Binance Adds USDC/BUSD, TUSD/BUSD & PAX/BUSD Trading Pairs with 0 Trading Fees "
2021-01-26,2021,2021Q1,2021-01,spot,Binance Will List Nervos Network (CKB)
2021-01-27,2021,2021Q1,2021-01,spot,Binance Will List Trust Wallet Token (TWT) in the Innovation Zone
2021-01-27,2021,2021Q1,2021-01,trading_pairs,Binance Adds BETH/ETH Trading Pair 
2021-01-28,2021,2021Q1,2021-01,futures,Binance Futures Will Launch USDT-Margined LUNA Perpetual Contracts with Up to 20X Leverage
2021-01-28,2021,2021Q1,2021-01,launch_event,"Introducing Litentry (LIT) on Binance Launchpool! Farm LIT By Staking BNB, BUSD & DOT Tokens"
2021-01-28,2021,2021Q1,2021-01,other,Margin Trading for SNX & REEF Enabled on Binance
2021-02-01,2021,2021Q1,2021-02,other,Binance Futures: New Listings This Week
2021-02-01,2021,2021Q1,2021-02,other,Cross Margin Trading for DOGE Enabled on Binance
2021-02-01,2021,2021Q1,2021-02,launch_event,Introducing the SafePal (SFP) Token Sale With a New Binance Launchpad Subscription Format!
2021-02-03,2021,2021Q1,2021-02,spot,Binance Will List Prosper (PROS) in the Innovation Zone
2021-02-03,2021,2021Q1,2021-02,other,Updates to Maximum Leverage and Margin Tiers of Binance Futures Contracts
2021-02-04,2021,2021Q1,2021-02,spot,Binance Will List Vai (VAI) in the Innovation Zone
2021-02-08,2021,2021Q1,2021-02,launch_event,Subscription for the SafePal (SFP) Token Sale on Binance Launchpad Is Now Open
2021-02-08,2021,2021Q1,2021-02,launch_event,Binance Completes the SafePal Subscription Launchpad and Will Open Trading for SFP
2021-02-09,2021,2021Q1,2021-02,other,LIT Enabled on Binance Isolated Margin
2021-02-18,2021,2021Q1,2021-02,futures,"Binance Futures Will Launch USDT-Margined LIT, UNFI Perpetual Contracts with Up to 25X Leverage"
2021-02-18,2021,2021Q1,2021-02,spot,Binance Will List Frax Share (FXS) in the Innovation Zone
2021-02-18,2021,2021Q1,2021-02,launch_event,"Introducing DODO (DODO) on Binance Launchpool! Farm DODO By Staking BNB, BETH & BUSD Tokens"
2021-02-18,2021,2021Q1,2021-02,trading_pairs,"Binance Adds FRONT/BTC, EASY/BTC, CAKE/BTC, CAKE/USDT &  BAKE/BUSD Trading Pairs"
2021-02-19,2021,2021Q1,2021-02,other,Binance Will Move PancakeSwap (CAKE) & Venus (XVS) to the Main Trading Zone
2021-02-19,2021,2021Q1,2021-02,futures,Binance Futures Will Launch USDT-Margined DODO Perpetual Contracts with Up to 25X Leverage
2021-02-22,2021,2021Q1,2021-02,futures,"Binance Futures Will Launch USDT-Margined REEF, RVN and SFP Perpetual Contracts with Up to 25X Leverage"
2021-02-22,2021,2021Q1,2021-02,other,"CAKE, DODO and GLM Enabled on Binance Isolated Margin"
2021-02-23,2021,2021Q1,2021-02,spot,Binance Will List UniLend (UFT) in the Innovation Zone
2021-02-23,2021,2021Q1,2021-02,trading_pairs,"Binance Will Add BUSD Trading Pairs for 1INCH, BAND, GRT, IOST, OMG and REEF"
2021-02-24,2021,2021Q1,2021-02,launch_event,Binance Will List AC Milan Fan Token (ACM). Purchase ACM Tokens with BNB at a 25% Discount Prior to Trading Using the Launchpad Subscription Format!
2021-02-24,2021,2021Q1,2021-02,spot,Binance Completes the AC Milan Fan Token Discount Sale and Will Open Trading for ACM
2021-02-24,2021,2021Q1,2021-02,other,"Margin Trading for AION, BAKE, BQX, DENT, HOT, KEY, MFT, NPXS, SUN & SXP Enabled on Binance"
2021-02-25,2021,2021Q1,2021-02,spot,Binance Will List Phala Network (PHA) in the Innovation Zone
2021-02-26,2021,2021Q1,2021-02,trading_pairs,"Binance Adds DOT/GBP, ADA/TRY, ADA/BRL & ADA/GBP Trading Pairs"
2021-02-26,2021,2021Q1,2021-02,spot,Binance Will List Terra Virtua (TVK) in the Innovation Zone
2021-02-26,2021,2021Q1,2021-02,other,AVAX and EGLD Enabled on Binance Cross Margin
2021-03-01,2021,2021Q1,2021-03,other,"BTCST, CKB, GAS and XVS Enabled on Binance Isolated Margin"
2021-03-02,2021,2021Q1,2021-03,spot,Binance Will List Badger DAO (BADGER) in the Innovation Zone
2021-03-02,2021,2021Q1,2021-03,other,CTXC and FIO Enabled on Binance Isolated Margin
2021-03-03,2021,2021Q1,2021-03,futures,Binance Futures Will Launch USDT-Margined XEM and BTCST Perpetual Contracts with Up to 25X Leverage
2021-03-03,2021,2021Q1,2021-03,spot,Binance Will List Stafi (FIS) in the Innovation Zone
2021-03-04,2021,2021Q1,2021-03,other,Cross Margin Trading for 1INCH Enabled on Binance
2021-03-05,2021,2021Q1,2021-03,other,"Binance Futures Will Increase the Maximum Leverage of LIT, UNFI, DODO, REEF, RVN, SFP USDT-Margined Perpetual Contracts to 50X"
2021-03-05,2021,2021Q1,2021-03,other,"Margin Trading for AERGO, FIRO & FTM Enabled on Binance"
2021-03-08,2021,2021Q1,2021-03,spot,Binance Will List MANTRA DAO (OM) in the Innovation Zone
2021-03-09,2021,2021Q1,2021-03,spot,Binance Will List Marlin (POND) in the Innovation Zone
2021-03-09,2021,2021Q1,2021-03,futures,Binance Futures Will Launch USDT-Margined COTI Perpetual Contracts with Up to 25X Leverage
2021-03-09,2021,2021Q1,2021-03,other,"AUDIO, DREP and PERL Enabled on Binance Isolated Margin"
2021-03-09,2021,2021Q1,2021-03,launch_event,"Introducing My Neighbor Alice (ALICE) on Binance Launchpool! Farm ALICE By Staking BNB, BUSD & CHR Tokens"
2021-03-10,2021,2021Q1,2021-03,launch_event,Binance Will List Dego Finance (DEGO) in the Innovation Zone. Purchase DEGO Tokens with BNB at a 40% Discount Prior to Trading Using the Launchpad Subscription Format!
2021-03-10,2021,2021Q1,2021-03,spot,Binance Completes the Dego Finance Discount Sale and Will Open Trading for DEGO
2021-03-12,2021,2021Q1,2021-03,futures,Binance Futures Will Launch USDT-Margined CHR Perpetual Contracts with Up to 25X Leverage
2021-03-15,2021,2021Q1,2021-03,other,Binance Futures: New Listings This Week (2021-03-15)
2021-03-16,2021,2021Q1,2021-03,futures,Binance Futures Will Launch USDT-Margined ALICE Perpetual Contracts with Up to 25X Leverage
2021-03-16,2021,2021Q1,2021-03,spot,Binance Will List Beefy.Finance (BIFI) in the Innovation Zone
2021-03-17,2021,2021Q1,2021-03,futures,Binance Futures Will Launch USDT-Margined ONE Perpetual Contracts with Up to 25X Leverage
2021-03-18,2021,2021Q1,2021-03,launch_event,Binance Will List Linear (LINA) in the Innovation Zone. Purchase LINA Tokens with BNB at a 30% Discount Prior to Trading Using the Launchpad Subscription Format!
2021-03-18,2021,2021Q1,2021-03,other,"ALICE, DEGO, FRONT, MBL, OM & POND Enabled on Binance Isolated Margin"
2021-03-18,2021,2021Q1,2021-03,spot,Binance Completes the Linear Discount Sale and Will Open Trading for LINA
2021-03-19,2021,2021Q1,2021-03,futures,Binance Futures Will Launch USDT-Margined LINA Perpetual Contracts with Up to 25X Leverage
2021-03-19,2021,2021Q1,2021-03,spot,Binance Will List Perpetual Protocol (PERP) in the Innovation Zone
2021-03-22,2021,2021Q1,2021-03,other,Binance Futures: New Listings This Week (2021-03-22)
2021-03-22,2021,2021Q1,2021-03,spot,Binance Will List RAMP (RAMP) in the Innovation Zone
2021-03-23,2021,2021Q1,2021-03,other,"Margin Trading for CHZ, COS & LINA Enabled on Binance"
2021-03-24,2021,2021Q1,2021-03,futures,Binance Futures Will Launch USDT-Margined DENT Perpetual Contracts with Up to 25X Leverage
2021-03-25,2021,2021Q1,2021-03,spot,Binance Will List SuperFarm (SUPER) in the Innovation Zone
2021-03-29,2021,2021Q1,2021-03,other,Binance Futures: New Listings This Week (2021-03-29)
2021-03-29,2021,2021Q1,2021-03,spot,Binance Will List Conflux Network (CFX)
2021-03-30,2021,2021Q1,2021-03,launch_event,Introducing the Tokocrypto (TKO) Token Sale on Binance Launchpad!
2021-03-30,2021,2021Q1,2021-03,other,Cross Margin Trading for CAKE Enabled on Binance
2021-03-31,2021,2021Q1,2021-03,futures,Binance Futures Will Launch USDT-Margined MTL Perpetual Contracts with Up to 25X Leverage
2021-04-01,2021,2021Q2,2021-04,futures,Binance Futures Will Launch USDT-Margined OGN Perpetual Contracts with Up to 25X Leverage
2021-04-01,2021,2021Q2,2021-04,other,Margin Trading for KAVA  & SUPER Enabled on Binance
2021-04-02,2021,2021Q2,2021-04,spot,Binance Will List Ellipsis (EPS) and Auto (AUTO) in the Innovation Zone
2021-04-06,2021,2021Q2,2021-04,other,New Listings This Week and Updates on Leverage and Margin Tiers of Binance Futures Contracts
2021-04-06,2021,2021Q2,2021-04,other,Cross Margin Trading for BTT & KSM Enabled on Binance
2021-04-06,2021,2021Q2,2021-04,launch_event,Introducing Alien Worlds (TLM) on Binance Launchpool! Farm TLM By Staking BNB & BUSD Tokens
2021-04-07,2021,2021Q2,2021-04,launch_event,Subscription for the Tokocrypto (TKO) Token Sale on Binance Launchpad Is Now Open
2021-04-07,2021,2021Q2,2021-04,launch_event,Binance Completes the Tokocrypto Subscription Launchpad and Will Open Trading for TKO
2021-04-08,2021,2021Q2,2021-04,other,BTCST & WIN Enabled on Binance Isolated Margin
2021-04-09,2021,2021Q2,2021-04,futures,Binance Futures Will Launch USDT-Margined NKN Perpetual Contracts with Up to 25X Leverage
2021-04-12,2021,2021Q2,2021-04,other,Binance Futures: New Listings This Week (2021-04-12)
2021-04-13,2021,2021Q2,2021-04,other,DREP & TKO Enabled on Binance Isolated Margin
2021-04-16,2021,2021Q2,2021-04,trading_pairs,"Binance Adds BTG/BUSD, BTG/USDT &  HOT/BUSD Trading Pairs"
2021-04-19,2021,2021Q2,2021-04,spot,Binance Will List Mirror Protocol (MIR) in the Innovation Zone
2021-04-20,2021,2021Q2,2021-04,futures,Binance Futures Will Launch USDT-Margined DGB Perpetual Contracts with Up to 25X Leverage
2021-04-21,2021,2021Q2,2021-04,launch_event,Binance Will List FC Barcelona Fan Token (BAR) in the Innovation Zone. Purchase BAR Tokens with BNB at a 30% Discount Prior to Trading Using the Launchpad Subscription Format!
2021-04-21,2021,2021Q2,2021-04,spot,Binance Completes the FC Barcelona Fan Token Discount Sale and Will Open Trading for BAR
2021-04-21,2021,2021Q2,2021-04,other,Margin Trading for SOL & PUNDIX Enabled on Binance
2021-04-23,2021,2021Q2,2021-04,spot,Binance Will List Ampleforth Governance Token (FORTH)
2021-04-29,2021,2021Q2,2021-04,other,TLM Enabled on Binance Isolated Margin
2021-05-07,2021,2021Q2,2021-05,other,BAKE & CFX Enabled on Binance Isolated Margin
2021-05-10,2021,2021Q2,2021-05,spot,Binance Will List SHIBA INU (SHIB) in the Innovation Zone
2021-05-10,2021,2021Q2,2021-05,futures,Binance Futures Will Launch USDT-Margined 1000SHIB Perpetual Contracts with Up to 25X Leverage
2021-05-10,2021,2021Q2,2021-05,spot,Binance Will List Internet Computer (ICP)
2021-05-10,2021,2021Q2,2021-05,spot,Binance Will Open Trading for Internet Computer (ICP)
2021-05-11,2021,2021Q2,2021-05,futures,Binance Futures Will Launch USDT-Margined ICP Perpetual Contracts with Up to 25X Leverage
2021-05-11,2021,2021Q2,2021-05,other,"BTG, DEXE & SHIB Enabled on Binance Isolated Margin"
2021-05-12,2021,2021Q2,2021-05,spot,Binance Will List GYEN
2021-05-14,2021,2021Q2,2021-05,spot,Binance Will List Arweave (AR)
2021-05-18,2021,2021Q2,2021-05,futures,Binance Futures Will Launch USDT-Margined BAKE Perpetual Contracts with Up to 25X Leverage
2021-05-18,2021,2021Q2,2021-05,other,ICP & STRAX Enabled on Binance Isolated Margin
2021-05-19,2021,2021Q2,2021-05,spot,Binance Will List Polkastarter (POLS) in the Innovation Zone
2021-05-21,2021,2021Q2,2021-05,other,Binance Margin Interest Rate Updates & New Assets for Isolated Margin
2021-05-24,2021,2021Q2,2021-05,spot,Binance Will List Mdex (MDX) in the Innovation Zone
2021-05-25,2021,2021Q2,2021-05,spot,Binance Will List Mask Network (MASK)
2021-05-26,2021,2021Q2,2021-05,other,"BURGER, MASK & MDX Enabled on Binance Isolated Margin"
2021-05-28,2021,2021Q2,2021-05,spot,Binance Will List Livepeer (LPT)
2021-06-01,2021,2021Q2,2021-06,launch_event,"Introducing Automata (ATA) on Binance Launchpool! Farm ATA By Staking BNB, BUSD & DOT Tokens"
2021-06-01,2021,2021Q2,2021-06,other,Cross Margin Trading for TFUEL Enabled on Binance
2021-06-03,2021,2021Q2,2021-06,trading_pairs,"BUSD Trading Pairs for 1INCH, AUDIO, CHZ, GRT, NEAR, OMG and ONE Enabled on Binance Isolated Margin"
2021-06-04,2021,2021Q2,2021-06,spot,Binance Will List NuCypher (NU)
2021-06-04,2021,2021Q2,2021-06,trading_pairs,Binance Adds 1 USDT Trading Pair & 9 BUSD Trading Pairs
2021-06-08,2021,2021Q2,2021-06,trading_pairs,"ATA Asset & BUSD Trading Pairs for CKB, FIO, THETA, XVG Enabled on Binance Isolated Margin"
2021-06-10,2021,2021Q2,2021-06,spot,Binance Will List Gitcoin (GTC)
2021-06-11,2021,2021Q2,2021-06,spot,Binance Will List Tornado Cash (TORN)
2021-06-11,2021,2021Q2,2021-06,trading_pairs,"Binance Adds BAKE/BTC, COTI/BUSD, ETC/GBP, MATIC/TRY & SOL/GBP Trading Pairs"
2021-06-17,2021,2021Q2,2021-06,spot,Binance Will List Keep Network (KEEP)
2021-06-17,2021,2021Q2,2021-06,trading_pairs,"Binance Adds 3 Fiat Trading Pairs, 6 BUSD Trading Pairs and 1 BIDR Trading Pair"
2021-06-17,2021,2021Q2,2021-06,other,"COCOS, IQ, PHA, PROM, TVK & TWT Enabled on Binance Isolated Margin"
2021-06-22,2021,2021Q2,2021-06,spot,Binance Will List Ethernity Chain (ERN) in the Innovation Zone
2021-06-24,2021,2021Q2,2021-06,spot,Binance Will List Klaytn (KLAY)
2021-06-24,2021,2021Q2,2021-06,launch_event,Introducing Klaytn (KLAY) on Binance Launchpool! Farm KLAY by Staking BNB & BUSD Tokens
2021-07-02,2021,2021Q3,2021-07,other,"FOR, FXS, HNT, KLAY, LPT and PERP Listing on Isolated Margin, $1M Margin 0% Interest Vouchers Giveaway"
2021-07-05,2021,2021Q3,2021-07,spot,Binance Will List BarnBridge (BOND) and Enzyme  (MLN)
2021-07-15,2021,2021Q3,2021-07,launch_event,Introducing the Coin98 (C98) Token Sale on Binance Launchpad!
2021-07-23,2021,2021Q3,2021-07,spot,Binance Will List QuickSwap (QUICK) in the Innovation Zone
2021-07-23,2021,2021Q3,2021-07,launch_event,Subscription for the Coin98 (C98) Token Sale on Binance Launchpad Is Now Open
2021-07-23,2021,2021Q3,2021-07,other,"COVER, ERN & PHA Listing on Isolated Margin, $1M Margin Interest Free Vouchers Giveaway"
2021-07-23,2021,2021Q3,2021-07,launch_event,Binance Completes the Coin98 Subscription Launchpad and Will Open Trading for C98
2021-07-29,2021,2021Q3,2021-07,spot,Binance Will List Clover Finance (CLV) and Quant (QNT)
2021-07-30,2021,2021Q3,2021-07,spot,Binance Will List Flow (FLOW)
2021-08-10,2021,2021Q3,2021-08,spot,Binance Will List Mina (MINA) and Raydium (RAY) in the Innovation Zone
2021-08-11,2021,2021Q3,2021-08,spot,Binance Will List Alpaca Finance (ALPACA) and Harvest Finance (FARM) in the Innovation Zone
2021-08-13,2021,2021Q3,2021-08,trading_pairs,"Binance Adds ORN/BUSD, QUICK/USDT & TLM/TRY Trading Pairs"
2021-08-19,2021,2021Q3,2021-08,spot,Binance Will List MOBOX (MBOX)
2021-08-19,2021,2021Q3,2021-08,trading_pairs,"Binance Adds FIS/BRL, FOR/USDT, GHST/USDT, REQ/USDT & TRU/RUB Trading Pairs"
2021-08-19,2021,2021Q3,2021-08,launch_event,"Introducing Mobox (MBOX) on Binance Launchpool! Farm MBOX by Staking BNB, MBOX and BUSD Tokens"
2021-08-23,2021,2021Q3,2021-08,spot,Binance Will List WAX (WAXP)
2021-08-24,2021,2021Q3,2021-08,spot,Binance Will List Tribe (TRIBE)
2021-08-30,2021,2021Q3,2021-08,spot,Binance Will List Gnosis (GNO)
2021-09-08,2021,2021Q3,2021-09,trading_pairs,Binance Adds ELF/USDT & POLY/BUSD Trading Pairs
2021-09-08,2021,2021Q3,2021-09,spot,Binance Will List dYdX (DYDX) in the Innovation Zone
2021-09-09,2021,2021Q3,2021-09,trading_pairs,"Binance Adds AXS/BIDR, ELF/BUSD, IDEX/USDT, POLY/USDT, SOL/BIDR & VIDT/USDT Trading Pairs"
2021-09-13,2021,2021Q3,2021-09,spot,Binance Will List Gala (GALA)
2021-09-17,2021,2021Q3,2021-09,trading_pairs,"Binance Adds ALGO/BIDR, CAKE/AUD, FTM/BIDR, KSM/AUD, SUN/BUSD & WAVES/RUB Trading Pairs"
2021-09-17,2021,2021Q3,2021-09,futures,Binance Futures Will Launch USDT-Margined GALA Perpetual Contracts with Up to 25X Leverage
2021-09-17,2021,2021Q3,2021-09,ecosystem_add,"Binance Adds GALA & XEC on Isolated Margin, BUSD Annual Interest Rate Starts at 6.20%!"
2021-09-21,2021,2021Q3,2021-09,futures,Binance Futures Will List USDⓈ-M BTC & ETH Quarterly 1231 Futures Contracts
2021-09-22,2021,2021Q3,2021-09,spot,Binance Will List Illuvium (ILV)
2021-09-22,2021,2021Q3,2021-09,trading_pairs,Binance Adds REN/BUSD Trading Pair
2021-09-22,2021,2021Q3,2021-09,futures,Binance Futures Will List Coin-Margined Quarterly 0325 Futures Contracts
2021-09-23,2021,2021Q3,2021-09,other,"CELR/BUSD & FTM/BUSD Pairs Enabled on Isolated Margin, BUSD Annual Interest Rate Starts at 6.20%!"
2021-09-24,2021,2021Q3,2021-09,spot,Binance Will List Yield Guild Games (YGG)
2021-09-24,2021,2021Q3,2021-09,trading_pairs,"Binance Adds ARPA/RUB, DF/USDT, FET/BUSD, LTC/UAH, SOL/USDC, STX/BUSD & SYS/USDT Trading Pairs"
2021-09-24,2021,2021Q3,2021-09,futures,Binance Futures Will Launch USDT-Margined CELO & AR Perpetual Contracts with Up to 25X Leverage
2021-09-29,2021,2021Q3,2021-09,launch_event,Introducing the Beta Finance (BETA) Token Sale on Binance Launchpad!
2021-09-30,2021,2021Q3,2021-09,spot,Binance Will List Bonfida (FIDA)
2021-09-30,2021,2021Q3,2021-09,spot,Bonfida (FIDA) Listing Postponed
2021-09-30,2021,2021Q3,2021-09,trading_pairs,"Binance Adds ALICE/BIDR, ARPA/BUSD, AVAX/BIDR & LSK/BUSD​​ Trading Pairs"
2021-10-05,2021,2021Q4,2021-10,spot,Binance Will List Adventure Gold (AGLD) in the Innovation Zone
2021-10-07,2021,2021Q4,2021-10,spot,Binance Will List Radicle (RAD)
2021-10-08,2021,2021Q4,2021-10,trading_pairs,"Binance Adds HIVE/BUSD, SHIB/AUD, STPT/BUSD & UNI/AUD​​ Trading Pairs"
2021-10-08,2021,2021Q4,2021-10,launch_event,Subscription for the Beta Finance (BETA) Token Sale on Binance Launchpad Is Now Open
2021-10-08,2021,2021Q4,2021-10,launch_event,Binance Completes the Beta Finance Subscription Launchpad and Will Open Trading for BETA
2021-10-11,2021,2021Q4,2021-10,spot,Binance Will List SuperRare (RARE)
2021-10-11,2021,2021Q4,2021-10,futures,Binance Futures Will Launch USDT-Margined KLAY Perpetual Contracts with Up to 25X Leverage
2021-10-13,2021,2021Q4,2021-10,launch_event,Introducing the Lazio Fan Token (LAZIO) Token Sale on Binance Launchpad!
2021-10-15,2021,2021Q4,2021-10,trading_pairs,"Binance Adds AVAX/AUD, AVAX/BRL, AXS/ETH, FTM/ETH, LUNA/AUD, SOL/ETH & TROY/BUSD Trading Pairs"
2021-10-18,2021,2021Q4,2021-10,futures,Binance Futures Will Launch USDT-Margined ARPA & NU Perpetual Contracts with Up to 25X Leverage
2021-10-20,2021,2021Q4,2021-10,ecosystem_add,"Binance Adds RAD & RARE on Isolated Margin, Stablecoins Annual Interest Rate Starts at 6.20%!"
2021-10-21,2021,2021Q4,2021-10,launch_event,Subscription for the Lazio Fan Token (LAZIO) Token Sale on Binance Launchpad Is Now Open
2021-10-21,2021,2021Q4,2021-10,launch_event,Binance Completes the Lazio Fan Token Subscription Launchpad and Will Open Trading for LAZIO
2021-10-22,2021,2021Q4,2021-10,spot,Binance Will List Tranchess (CHESS) in the Innovation Zone
2021-10-22,2021,2021Q4,2021-10,trading_pairs,"Binance Adds FTM/AUD, FTM/BRL & SCRT/BUSD Trading Pairs"
2021-10-25,2021,2021Q4,2021-10,futures,Binance Futures Will Launch USDT-Margined CTSI Perpetual Contracts with Up to 25X Leverage
2021-10-28,2021,2021Q4,2021-10,ecosystem_add,"Binance Adds CHESS on Isolated Margin, Stablecoins Annual Interest Rate Starts at 6.20%!"
2021-10-28,2021,2021Q4,2021-10,launch_event,Introducing Mines of Dalarnia (DAR) on Binance Launchpool! Farm DAR By Staking BNB and BUSD
2021-10-29,2021,2021Q4,2021-10,trading_pairs,"Binance Adds ADX/USDT, AUCTION/USDT, CELO/BUSD, FTM/RUB, NU/AUD, NU/RUB, REEF/BIDR & REEF/TRY Trading Pairs"
2021-11-01,2021,2021Q4,2021-11,trading_pairs,Binance Adds SHIB/DOGE Trading Pair
2021-11-02,2021,2021Q4,2021-11,futures,Binance Futures Will Launch Coin-Margined FTM Perpetual Contracts with Up to 20X Leverage
2021-11-04,2021,2021Q4,2021-11,spot,Binance Will List BinaryX (BNX) in the Innovation Zone
2021-11-04,2021,2021Q4,2021-11,ecosystem_add,"Binance Adds DOGE/BUSD Cross Margin & SHIB/DOGE Isolated Margin Pairs, Stablecoins Annual Interest Rate Starts at 6.20%!"
2021-11-05,2021,2021Q4,2021-11,spot,Binance Will List Rari Governance Token (RGT)
2021-11-05,2021,2021Q4,2021-11,trading_pairs,"Binance Adds ALGO/RUB, AUD/USDC, LAZIO/BUSD, LUNA/BIDR, MANA/TRY, OXT/BUSD & SHIB/UAH Trading Pairs"
2021-11-05,2021,2021Q4,2021-11,launch_event,Introducing the FC Porto Fan Token (PORTO) Token Sale on Binance Launchpad!
2021-11-05,2021,2021Q4,2021-11,ecosystem_add,"Binance Adds BETA & BNX on Isolated Margin, Stablecoins Annual Interest Rate Starts at 6.20%!"
2021-11-08,2021,2021Q4,2021-11,spot,Binance Will List Moonriver (MOVR)
2021-11-08,2021,2021Q4,2021-11,futures,Binance Futures Will Launch Coin-Margined SAND Perpetual Contracts with Up to 20X Leverage
2021-11-10,2021,2021Q4,2021-11,spot,Binance Will List Manchester City Fan Token (CITY)
2021-11-10,2021,2021Q4,2021-11,spot,Binance Will List Ethereum Name Service (ENS)
2021-11-10,2021,2021Q4,2021-11,futures,Binance Futures Will Launch USDT-Margined LPT Perpetual Contracts with Up to 25X Leverage
2021-11-10,2021,2021Q4,2021-11,launch_event,"Introducing Manchester City Fan Token (CITY) on Binance Launchpool! Farm CITY by Staking BNB, CHZ and BUSD Tokens"
2021-11-11,2021,2021Q4,2021-11,ecosystem_add,"Binance Adds AXS, LRC, LUNA, MANA, SAND on Cross Margin, Stablecoins Annual Interest Rate Starts at 6.20%!"
2021-11-12,2021,2021Q4,2021-11,trading_pairs,"Binance Adds ANKR/BUSD, DOT/ETH, KP3R/USDT, MANA/BRL, MATIC/ETH, SAND/ETH, SAND/TRY & STORJ/BUSD Trading Pairs"
2021-11-15,2021,2021Q4,2021-11,spot,Binance Will List BENQI (QI)
2021-11-15,2021,2021Q4,2021-11,launch_event,"Introducing BENQI (QI) on Binance Launchpool! Farm QI by Staking BNB, AVAX and BUSD Tokens"
2021-11-16,2021,2021Q4,2021-11,launch_event,Subscription for the FC Porto Fan Token (PORTO) Token Sale on Binance Launchpad Is Now Open
2021-11-16,2021,2021Q4,2021-11,futures,Binance Futures Will Launch Coin-Margined MANA Perpetual Contracts with Up to 20X Leverage
2021-11-16,2021,2021Q4,2021-11,launch_event,Binance Completes the FC Porto Fan Token Subscription Launchpad and Will Open Trading for PORTO
2021-11-17,2021,2021Q4,2021-11,trading_pairs,Binance Adds POWR/BUSD and POWR/USDT Trading Pairs
2021-11-19,2021,2021Q4,2021-11,trading_pairs,"Binance Adds AVAX/ETH, CHR/ETH, FIS/BIDR, FIS/TRY, LRC/TRY & SLP/TRY Trading Pairs"
2021-11-19,2021,2021Q4,2021-11,ecosystem_add,"Binance Adds ENS on Margin, Launches Interest Rate Promotion!"
2021-11-22,2021,2021Q4,2021-11,trading_pairs,Binance Adds GALA/ETH and VGX/USDT Trading Pairs
2021-11-22,2021,2021Q4,2021-11,spot,Binance Will List JasmyCoin (JASMY)
2021-11-23,2021,2021Q4,2021-11,spot,Binance Will List Amp (AMP) and PlayDapp (PLA)
2021-11-26,2021,2021Q4,2021-11,spot,Binance Will List Vulcan Forged PYR (PYR)
2021-11-26,2021,2021Q4,2021-11,launch_event,Introducing Santos FC Fan Token (SANTOS) on Binance Launchpool! Farm SANTOS By Staking BNB and BUSD
2021-11-27,2021,2021Q4,2021-11,spot,Binance Will List Render (RNDR)
2021-11-29,2021,2021Q4,2021-11,futures,Binance Futures Will Launch USDT-Margined ENS Perpetual Contracts with Up to 25X Leverage
2021-11-30,2021,2021Q4,2021-11,spot,Binance Will List Alchemix (ALCX)
2021-11-30,2021,2021Q4,2021-11,futures,Binance Futures Will Launch Coin-Margined GALA Perpetual Contracts with Up to 20X Leverage
2021-12-02,2021,2021Q4,2021-12,spot,Binance Will List Merit Circle (MC)
2021-12-02,2021,2021Q4,2021-12,launch_event,"Introducing Merit Circle (MC) on Binance Launchpool! Farm MC by Staking BNB, MC and BUSD Tokens"
2021-12-02,2021,2021Q4,2021-12,trading_pairs,"Binance Adds BEL/TRY, COCOS/BUSD, DENT/TRY, ENJ/TRY, NEO/RUB, SAND/AUD & SLP/BIDR Trading Pairs"
2021-12-03,2021,2021Q4,2021-12,ecosystem_add,"Binance Adds ANKR, DAR, ENJ, HIVE, ROSE, STPT on Cross Margin and AMP, DAR, RNDR on Isolated Margin, Stablecoins Annual Interest Rate Starts at 6.20%!"
2021-12-04,2021,2021Q4,2021-12,spot,Binance Will List Anyswap (ANY)
2021-12-06,2021,2021Q4,2021-12,launch_event,Introducing the Voxies (VOXEL) Token Sale on Binance Launchpad!
2021-12-07,2021,2021Q4,2021-12,futures,Binance Futures Will Launch Coin-Margined MATIC Perpetual Contracts with Up to 20X Leverage
2021-12-09,2021,2021Q4,2021-12,spot,Binance Will List Biconomy (BICO)
2021-12-09,2021,2021Q4,2021-12,trading_pairs,"Binance Adds ALICE/TRY, FXS/USDT, GALA/BRL, GALA/TRY, LUNA/TRY, REQ/BUSD & SAND/BRL Trading Pairs"
2021-12-09,2021,2021Q4,2021-12,ecosystem_add,"Binance Adds CHR, IDEX, MBOX, ONE, POLS, SUPER on Cross Margin and ANY, JASMY, KP3R, PLA, POWR, PYR, VGX on Isolated Margin, Stablecoins Annual Interest Rate Starts at 6.20%!"
2021-12-10,2021,2021Q4,2021-12,spot,Binance Will List Flux (FLUX)
2021-12-13,2021,2021Q4,2021-12,futures,Binance Futures Will Launch Coin-Margined NEAR Perpetual Contracts with Up to 20X Leverage
2021-12-14,2021,2021Q4,2021-12,launch_event,Subscription for the Voxies (VOXEL) Token Sale on Binance Launchpad Is Now Open
2021-12-14,2021,2021Q4,2021-12,launch_event,Binance Completes the Voxies Subscription Launchpad and Will Open Trading for VOXEL
2021-12-16,2021,2021Q4,2021-12,trading_pairs,"Binance Adds COS/BUSD, CTXC/BUSD, FTM/TRY, MANA/BNB, MINA/TRY & XTZ/TRY Trading Pairs"
2021-12-17,2021,2021Q4,2021-12,spot,Binance Will List Highstreet (HIGH)
2021-12-17,2021,2021Q4,2021-12,launch_event,Introducing Highstreet (HIGH) on Binance Launchpool! Farm HIGH by Staking BNB and BUSD Tokens
2021-12-20,2021,2021Q4,2021-12,ecosystem_add,"Binance Adds ANT, CLV, MDT, MIR, NEAR & WAXP on Cross Margin and ALCX, BICO & ELF on Isolated Margin"
2021-12-20,2021,2021Q4,2021-12,futures,Binance Futures Will Launch Coin-Margined ATOM Perpetual Contracts with Up to 20X Leverage
2021-12-21,2021,2021Q4,2021-12,futures,Binance Futures Will List USDⓈ-M BTC & ETH Quarterly 0325 Futures Contracts
2021-12-23,2021,2021Q4,2021-12,spot,Binance Will List Convex Finance (CVX) and ConstitutionDAO (PEOPLE) in the Innovation Zone
2021-12-23,2021,2021Q4,2021-12,futures,Binance Futures Will Launch USDT-Margined PEOPLE Perpetual Contracts with Up to 25X Leverage
2021-12-23,2021,2021Q4,2021-12,trading_pairs,"Binance Adds COCOS/TRY, GXS/BNB, LINK/BNB, LUNA/ETH, MDT/BUSD & NULS/BUSD Trading Pairs"
2021-12-24,2021,2021Q4,2021-12,spot,Binance Will List Spell Token (SPELL) and TerraUSD (UST)
2021-12-24,2021,2021Q4,2021-12,futures,Binance Futures Will Launch USDT-Margined ANT Perpetual Contracts with Up to 25X Leverage
2021-12-24,2021,2021Q4,2021-12,ecosystem_add,"Binance Adds BNX, KEEP, KLAY, MINA, TRIBE on Cross Margin and FLUX, PEOPLE, REQ, SUN, VOXEL on Isolated Margin"
2021-12-27,2021,2021Q4,2021-12,futures,Binance Futures Will Launch Coin-Margined AAVE Perpetual Contracts with Up to 20X Leverage
2021-12-28,2021,2021Q4,2021-12,spot,Binance Will List JOE (JOE)
2021-12-29,2021,2021Q4,2021-12,futures,Binance Futures Will List Coin-Margined Quarterly 0624 Futures Contracts
2021-12-29,2021,2021Q4,2021-12,futures,Binance Futures Will Launch USDT-Margined ROSE Perpetual Contracts with Up to 25X Leverage
2021-12-31,2021,2021Q4,2021-12,ecosystem_add,"Binance Adds AGLD, AUDIO, BICO, GTC, JASMY, LPT, QUICK, RNDR on Cross Margin and HIGH, MC, OOKI, SPELL on Isolated Margin"
2022-01-04,2022,2022Q1,2022-01,trading_pairs,"Binance Adds ATOM/ETH, DUSK/BUSD, EGLD/ETH, ICP/ETH, LUNA/BRL, LUNA/UST, NEAR/ETH, ROSE/BNB & VOXEL/ETH Trading Pairs"
2022-01-05,2022,2022Q1,2022-01,futures,Binance Futures Will Launch Coin-Margined CRV Perpetual Contracts with Up to 20X Leverage
2022-01-06,2022,2022Q1,2022-01,futures,Binance Futures Will Launch USDT-Margined DUSK Perpetual Contracts with Up to 25X Leverage
2022-01-07,2022,2022Q1,2022-01,trading_pairs,"Binance Adds ALICE/BNB, ATOM/TRY, ETH/UST, GALA/AUD, LRC/BNB, ONE/ETH & OOKI/BNB Trading Pairs"
2022-01-07,2022,2022Q1,2022-01,ecosystem_add,"Binance Adds CTXC, DUSK, GXS, HOT, LINA, SFP on Cross Margin and AUTO, CTXC, CVP, CVX, LSK, VIDT on Isolated Margin"
2022-01-10,2022,2022Q1,2022-01,spot,Binance Will List Alchemy Pay (ACH) and Immutable X (IMX)
2022-01-11,2022,2022Q1,2022-01,futures,Binance Futures Will Launch Coin-Margined AXS Perpetual Contracts with Up to 20X Leverage
2022-01-11,2022,2022Q1,2022-01,spot,Binance Will List Glimmer (GLMR)
2022-01-11,2022,2022Q1,2022-01,launch_event,Introducing the League of Kingdoms (LOKA) Token Sale on Binance Launchpad!
2022-01-13,2022,2022Q1,2022-01,trading_pairs,"Binance Adds ATOM/BIDR, DYDX/ETH, FARM/ETH, FOR/BNB, ICP/TRY, JASMY/ETH, LINA/BNB, OOKI/ETH, ROSE/ETH, UMA/BUSD, UNI/ETH & XTZ/ETH Trading Pairs"
2022-01-17,2022,2022Q1,2022-01,futures,Binance Futures Will Launch Coin-Margined ROSE Perpetual Contracts with Up to 20X Leverage
2022-01-20,2022,2022Q1,2022-01,launch_event,Subscription for the League of Kingdoms (LOKA) Token Sale on Binance Launchpad Is Now Open
2022-01-20,2022,2022Q1,2022-01,launch_event,Binance Completes the League of Kingdoms Subscription Launchpad and Will Open Trading for LOKA
2022-01-20,2022,2022Q1,2022-01,trading_pairs,"Binance Adds ATOM/BRL, BNB/UST, CRV/ETH, HIGH/BNB, NEAR/RUB, ROSE/TRY & SCRT/USDT Trading Pairs"
2022-01-21,2022,2022Q1,2022-01,ecosystem_add,"Binance Adds CELO, COTI, FLUX, HBAR, ICX, POND, YGG on Cross Margin and BTC/USDC, CELO/BUSD, ETH/USDC, FTM/ETH, LINK/ETH, LUNA/ETH, POWR/ETH, SAND/ETH, SOL/ETH, SYS/USDT, XMR/ETH on Isolated Margin"
2022-01-21,2022,2022Q1,2022-01,spot,Binance Will List API3 (API3)
2022-01-25,2022,2022Q1,2022-01,spot,Binance Will List Acala (ACA)
2022-01-25,2022,2022Q1,2022-01,spot,Binance Will List Anchor Protocol (ANC)
2022-01-25,2022,2022Q1,2022-01,launch_event,"Introducing Anchor Protocol (ANC) on Binance Launchpool! Farm ANC by Staking BNB, LUNA and BUSD Tokens"
2022-01-27,2022,2022Q1,2022-01,trading_pairs,"Binance Adds COS/TRY, KAVA/ETH, MC/BNB & ONE/TRY Trading Pairs"
2022-01-27,2022,2022Q1,2022-01,trading_pairs,Binance Adds BDOT/DOT Trading Pair
2022-01-28,2022,2022Q1,2022-01,ecosystem_add,"Binance Adds GLMR & SCRT on Isolated Margin, and BETA, DENT, POND, REEF, SLP & VOXEL on Cross Margin"
2022-02-08,2022,2022Q1,2022-02,spot,Binance Will List WOO Network (WOO)
2022-02-09,2022,2022Q1,2022-02,trading_pairs,"Binance Adds CELR/ETH, PEOPLE/BNB, SLP/BNB, SPELL/BNB, SPELL/TRY & TFUEL/BUSD Trading Pairs"
2022-02-09,2022,2022Q1,2022-02,futures,Binance Futures Will Launch USDT-Margined FLOW Perpetual Contracts with Up to 25X Leverage
2022-02-10,2022,2022Q1,2022-02,futures,Binance Futures Will Launch USDT-Margined IMX Perpetual Contracts with Up to 25X Leverage
2022-02-11,2022,2022Q1,2022-02,futures,Binance Futures Will Launch Coin-Margined XTZ Perpetual Contracts with Up to 20X Leverage
2022-02-11,2022,2022Q1,2022-02,ecosystem_add,"Binance Adds BLZ, FET, MTL, PEOPLE on Cross Margin and ACA, IMX on Isolated Margin"
2022-02-15,2022,2022Q1,2022-02,launch_event,Introducing the Alpine F1® Team Fan Token (ALPINE) Token Sale on Binance Launchpad!
2022-02-17,2022,2022Q1,2022-02,trading_pairs,"Binance Adds AXS/TRY, DAR/TRY, IDEX/BNB & NEAR/TRY Trading Pairs"
2022-02-17,2022,2022Q1,2022-02,ecosystem_add,"Binance Adds PYR, QNT, SUN on Cross Margin and BTTC, LOKA on Isolated Margin"
2022-02-21,2022,2022Q1,2022-02,futures,Binance Futures Will Launch USDT-Margined API3 Perpetual Contracts with Up to 25X Leverage
2022-02-21,2022,2022Q1,2022-02,launch_event,Subscription for the Alpine F1® Team Fan Token (ALPINE) Token Sale on Binance Launchpad Is Now Open
2022-02-21,2022,2022Q1,2022-02,launch_event,Binance Completes the Alpine F1® Team Fan Token Subscription Launchpad and Will Open Trading for ALPINE
2022-02-24,2022,2022Q1,2022-02,trading_pairs,"Binance Adds API3/BNB, BETA/ETH, INJ/TRY & TLM/BNB Trading Pairs"
2022-02-28,2022,2022Q1,2022-02,spot,Binance Will List Astar (ASTR) in the Innovation Zone
2022-03-01,2022,2022Q1,2022-03,launch_event,Introducing the STEPN (GMT) Token Sale on Binance Launchpad!
2022-03-02,2022,2022Q1,2022-03,ecosystem_add,"Binance Adds HNT, KEY, PAXG, RARE, SKL, WAN on Cross Margin and ANC, API3, JOE, WOO on Isolated Margin"
2022-03-03,2022,2022Q1,2022-03,trading_pairs,"Binance Adds API3/TRY, GLMR/BNB, MBOX/TRY & PAXG/BUSD Trading Pairs"
2022-03-07,2022,2022Q1,2022-03,futures,Binance Futures Will Launch USDT-Margined ANC Perpetual Contracts with Up to 25X Leverage
2022-03-09,2022,2022Q1,2022-03,launch_event,Subscription for the STEPN (GMT) Token Sale on Binance Launchpad Is Now Open
2022-03-09,2022,2022Q1,2022-03,launch_event,Binance Completes the STEPN Subscription Launchpad and Will Open Trading for GMT
2022-03-10,2022,2022Q1,2022-03,trading_pairs,"Binance Adds ANC/BNB, ATOM/EUR, GALA/EUR, KSM/ETH & UMA/TRY Trading Pairs"
2022-03-11,2022,2022Q1,2022-03,spot,Binance Will List Kadena (KDA)
2022-03-11,2022,2022Q1,2022-03,futures,Binance Futures Will Launch Coin-Margined ICX & ALGO Perpetual Contracts with Up to 20X Leverage
2022-03-14,2022,2022Q1,2022-03,futures,Binance Futures Will Launch USDT-Margined GMT Perpetual Contracts with Up to 25X Leverage
2022-03-15,2022,2022Q1,2022-03,ecosystem_add,"Binance Adds CVC, FRONT, QI, RAD, TWT on Cross Margin and BIDR, T on Isolated Margin"
2022-03-17,2022,2022Q1,2022-03,spot,Binance Will List ApeCoin (APE)
2022-03-17,2022,2022Q1,2022-03,futures,Binance Futures Will Launch USDT-Margined APE Perpetual Contracts with Up to 25X Leverage
2022-03-17,2022,2022Q1,2022-03,trading_pairs,"Binance Adds ALPINE/BUSD, LUNA/GBP, NEAR/EUR, TWT/TRY & WAVES/EUR Trading Pairs"
2022-03-18,2022,2022Q1,2022-03,trading_pairs,"Binance Adds APE/EUR, APE/GBP & APE/TRY Trading Pairs"
2022-03-21,2022,2022Q1,2022-03,futures,Binance Futures Will List USDⓈ-M BTC & ETH Quarterly 0624 Futures Contracts
2022-03-21,2022,2022Q1,2022-03,futures,Binance Futures Will List Coin-Margined Quarterly 0930 Futures Contracts
2022-03-21,2022,2022Q1,2022-03,ecosystem_add,"Binance Adds RUNE, GMT, APE on Cross Margin and GMT, APE on Isolated Margin"
2022-03-21,2022,2022Q1,2022-03,spot,Binance Will List Biswap (BSW) in the Innovation Zone
2022-03-22,2022,2022Q1,2022-03,futures,Binance Futures Will Launch Coin-Margined RUNE Perpetual Contracts with Up to 20X Leverage
2022-03-24,2022,2022Q1,2022-03,trading_pairs,"Binance Adds APE/BNB, GMT/BRL, GMT/ETH, JASMY/TRY & SANTOS/BUSD Trading Pairs"
2022-03-25,2022,2022Q1,2022-03,futures,Binance Futures Will Launch Coin-Margined APE Perpetual Contracts with Up to 20X Leverage
2022-03-29,2022,2022Q1,2022-03,futures,Binance Futures Will Launch Coin-Margined VET Perpetual Contracts with Up to 20X Leverage
2022-03-31,2022,2022Q1,2022-03,futures,Binance Futures Will Launch USDT-Margined BNX Perpetual Contracts with Up to 25X Leverage
2022-03-31,2022,2022Q1,2022-03,trading_pairs,"Binance Adds APE/AUD, AVAX/GBP, BIFI/USDT, GMT/EUR, IMX/BNB & RUNE/ETH Trading Pairs"
2022-04-06,2022,2022Q2,2022-04,futures,Binance Futures Will Launch Coin-Margined ZIL Perpetual Contracts with Up to 20X Leverage
2022-04-06,2022,2022Q2,2022-04,delist,"Binance Adds KDA, MBL on Cross Margin and KDA, IMX on Isolated Margin, Delisting HEGIC/BUSD Isolated Margin Pair"
2022-04-07,2022,2022Q2,2022-04,futures,Binance Futures Will Launch USDT-Margined WOO Perpetual Contracts with Up to 25X Leverage
2022-04-07,2022,2022Q2,2022-04,trading_pairs,"Binance Adds APE/ETH, BSW/ETH, FIL/TRY, FTM/EUR, GMT/GBP & ZIL/TRY Trading Pairs"
2022-04-12,2022,2022Q2,2022-04,futures,Binance Futures Will Launch Coin-Margined KNC Perpetual Contracts and USDT-Margined FTT Perpetual Contracts
2022-04-13,2022,2022Q2,2022-04,delist,Binance to Delist UST/BTC Trading Pair and Add BTC/UST Trading Pair
2022-04-14,2022,2022Q2,2022-04,trading_pairs,Binance Adds GMT/TRY and WAVES/TRY Trading Pairs
2022-04-19,2022,2022Q2,2022-04,futures,Binance Futures Will Launch USDT-Margined JASMY Perpetual Contracts and Coin-Margined XMR Perpetual Contracts
2022-04-21,2022,2022Q2,2022-04,trading_pairs,"Binance Adds ASTR/BTC, ASTR/ETH, BSW/TRY, FTT/ETH, FUN/BNB, PORTO/BUSD, STEEM/USDT & ZIL/EUR Trading Pairs"
2022-04-22,2022,2022Q2,2022-04,ecosystem_add,Binance Adds KNC on Cross Margin and ASTR on Isolated Margin
2022-04-25,2022,2022Q2,2022-04,futures,Binance Futures Will Launch Coin-Margined GMT Perpetual Contracts with Up to 20X Leverage
2022-04-28,2022,2022Q2,2022-04,trading_pairs,"Binance Adds APE/BRL, AUDIO/TRY, BTTC/BUSD, GMT/AUD & MBL/BUSD Trading Pairs"
2022-04-28,2022,2022Q2,2022-04,launch_event,"Introducing Project Galaxy (GAL) on Binance Launchpool! Farm GAL By Staking BNB, BUSD and CAKE"
2022-04-28,2022,2022Q2,2022-04,futures,Binance Futures Will Launch USDT-Margined DAR Perpetual Contracts with Up to 25X Leverage
2022-04-29,2022,2022Q2,2022-04,spot,Binance Will List MobileCoin (MOB) and Nexo (NEXO)
2022-04-29,2022,2022Q2,2022-04,spot,Nexo (NEXO) Listing Postponed
2022-05-04,2022,2022Q2,2022-05,ecosystem_add,"Binance Adds API3, ASTR, CTK on Cross Margin and APE/BTC, APE/ETH Pairs on Isolated Margin"
2022-05-05,2022,2022Q2,2022-05,futures,Binance Futures Will Launch USDT-Margined GAL Perpetual Contracts with Up to 25X Leverage
2022-05-05,2022,2022Q2,2022-05,trading_pairs,"Binance Adds JASMY/EUR, KNC/BNB & SHIB/GBP Trading Pairs"
2022-05-06,2022,2022Q2,2022-05,trading_pairs,Binance Adds GAL/EUR & GAL/TRY Trading Pairs
2022-05-06,2022,2022Q2,2022-05,ecosystem_add,"Binance Adds GAL, MOB, NEXO, SRM, STX, WOO on Cross Margin and GAL, MOB, NEXO on Isolated Margin"
2022-05-09,2022,2022Q2,2022-05,spot,Binance Will List Lido DAO (LDO)
2022-05-12,2022,2022Q2,2022-05,trading_pairs,"Binance Adds ALGO/ETH, DAR/ETH, DAR/EUR & ENS/TRY Trading Pairs"
2022-05-13,2022,2022Q2,2022-05,futures,Binance Futures Will Launch BUSD-Margined AVAX Perpetual Contracts with Up to 20X Leverage
2022-05-16,2022,2022Q2,2022-05,delist,Binance Futures Will Cancel USDⓈ-M FTTBUSD Delisting and Launch Multiple USDⓈ-M  Perpetual Contracts
2022-05-19,2022,2022Q2,2022-05,trading_pairs,Binance Adds ALGO/TRY & GAL/ETH Trading Pairs
2022-05-20,2022,2022Q2,2022-05,futures,Binance Futures Will Launch Multiple BUSD-Margined Perpetual Contracts with Up to 20X Leverage
2022-05-20,2022,2022Q2,2022-05,delist,"Binance Adds DYDX, FTT, KAVA, VOXEL Cross Margin Pairs and TROY Isolated Margin Pair, Delisting YFI and YFII from Cross Margin"
2022-05-24,2022,2022Q2,2022-05,futures,Binance Futures Will Launch BUSD-Margined ANC Perpetual Contracts with Up to 20X Leverage
2022-05-26,2022,2022Q2,2022-05,trading_pairs,"Binance Adds AKRO/BUSD, CVC/BUSD, DREP/BUSD, GAL/BRL, PUNDIX/BUSD, REI/BUSD, RUNE/TRY & STEEM/BUSD Trading Pairs"
2022-05-28,2022,2022Q2,2022-05,spot,Binance Will List Terra 2.0 (LUNA) in the Innovation Zone *LUNA (old) Renamed as LUNC
2022-05-30,2022,2022Q2,2022-05,futures,Binance Futures Will Launch BUSD-Margined 1000LUNC Perpetual Contracts with Up to 20X Leverage
2022-05-31,2022,2022Q2,2022-05,futures,Binance Futures Will Launch BUSD-Margined LUNA2 Perpetual Contracts with Up to 20X Leverage
2022-06-01,2022,2022Q2,2022-06,spot,Binance Will List Optimism (OP)
2022-06-01,2022,2022Q2,2022-06,futures,Binance Futures Will Launch USDT-Margined OP Perpetual Contracts with Up to 25x Leverage
2022-06-01,2022,2022Q2,2022-06,trading_pairs,"Binance Adds ASR/BUSD, KEY/BUSD & OG/BUSD Trading Pairs"
2022-06-06,2022,2022Q2,2022-06,futures,Binance Futures Will Launch Multiple BUSD-Margined Perpetual Contracts with Up to 20X Leverage
2022-06-07,2022,2022Q2,2022-06,ecosystem_add,"Binance Adds ANC, MBL, OP on Cross Margin and AKRO, ANC, EPX, LUNA, LUNC, MBL, OP on Isolated Margin"
2022-06-16,2022,2022Q2,2022-06,trading_pairs,"Binance Adds BLZ/BUSD, FIRO/BUSD, NKN/BUSD, OP/BNB & OP/EUR Trading Pairs"
2022-06-17,2022,2022Q2,2022-06,futures,Binance Futures Will List USDⓈ-M BTC & ETH Quarterly 0930 Futures Contracts
2022-06-20,2022,2022Q2,2022-06,ecosystem_add,"Binance Adds HNT, PAXG Cross Margin Pairs and FIRO, PAXG on Isolated Margin"
2022-06-20,2022,2022Q2,2022-06,futures,Binance Futures Will List Coin-Margined Quarterly 1230 Futures Contracts
2022-06-23,2022,2022Q2,2022-06,trading_pairs,"Binance Adds GTO/BUSD, SNX/ETH & WBTC/BUSD Trading Pairs"
2022-06-28,2022,2022Q2,2022-06,futures,Binance Futures Will Launch BUSD-Margined WAVES and LINK Perpetual Contracts with Up to 20X Leverage
2022-06-30,2022,2022Q2,2022-06,trading_pairs,Binance Adds BEL/ETH & LIT/ETH Trading Pairs
2022-07-05,2022,2022Q3,2022-07,futures,Binance Futures Will Launch BUSD-Margined SAND and LTC Perpetual Contracts with Up to 20X Leverage
2022-07-12,2022,2022Q3,2022-07,futures,Binance Futures Will Launch BUSD-Margined MATIC and CVX Perpetual Contracts with Up to 20X Leverage
2022-07-14,2022,2022Q3,2022-07,trading_pairs,"Binance Adds BURGER/ETH, PEOPLE/ETH & UNFI/ETH Trading Pairs"
2022-07-18,2022,2022Q3,2022-07,futures,"Binance Futures Will Launch BUSD-Margined FIL, 1000SHIB and LEVER Perpetual Contracts with Up to 20X Leverage"
2022-07-19,2022,2022Q3,2022-07,ecosystem_add,"Binance Adds LEVER, OGN, TVK on Cross Margin and LEVER on Isolated Margin"
2022-07-25,2022,2022Q3,2022-07,ecosystem_add,"Binance Adds FIDA, LDO on Cross Margin and Isolated Margin, Lists New FLM, KMD Cross Margin Pairs"
2022-07-27,2022,2022Q3,2022-07,futures,Binance Futures Will Launch BUSD-Margined ETC Perpetual Contracts with Up to 20X Leverage
2022-07-28,2022,2022Q3,2022-07,trading_pairs,Binance Adds BOND/ETH & STORJ/TRY Trading Pairs
2022-07-28,2022,2022Q3,2022-07,futures,Binance Futures Will Launch BUSD-Margined LDO Perpetual Contracts with Up to 20X Leverage
2022-07-29,2022,2022Q3,2022-07,futures,Binance Futures Will Launch Coin-Margined OP Perpetual Contracts with Up to 20X Leverage
2022-07-29,2022,2022Q3,2022-07,ecosystem_add,"Binance Adds BURGER/BUSD, BURGER/USDT Pairs on Cross Margin and ACH on Isolated Margin"
2022-08-01,2022,2022Q3,2022-08,futures,Binance Futures Will Launch Coin-Margined ENS Perpetual Contracts with Up to 20X Leverage
2022-08-03,2022,2022Q3,2022-08,futures,Binance Futures Will Launch BUSD-Margined AUCTION and UNI Perpetual Contracts with Up to 20X Leverage
2022-08-04,2022,2022Q3,2022-08,trading_pairs,Binance Adds ETC/TRY & OP/ETH Trading Pairs
2022-08-11,2022,2022Q3,2022-08,trading_pairs,Binance Adds FIL/ETH & WING/ETH Trading Pairs
2022-08-12,2022,2022Q3,2022-08,ecosystem_add,"Binance Adds AUCTION, PUNDIX on Cross Margin and PUNDIX/BUSD pair on Isolated Margin"
2022-08-16,2022,2022Q3,2022-08,futures,Binance Futures Will Launch USDT-Margined INJ Perpetual Contracts with Up to 25X Leverage
2022-08-18,2022,2022Q3,2022-08,trading_pairs,Binance Adds GLM/BUSD & SSV/BUSD Trading Pairs
2022-08-18,2022,2022Q3,2022-08,futures,Binance Futures Will Launch Coin-Margined CHZ Perpetual Contracts with Up to 20X Leverage
2022-08-19,2022,2022Q3,2022-08,spot,Binance Will List Stargate (STG) in the Innovation Zone
2022-08-19,2022,2022Q3,2022-08,ecosystem_add,"Binance Adds FIO, IMX & SPELL on Cross Margin"
2022-08-25,2022,2022Q3,2022-08,trading_pairs,"Binance Adds ANKR/TRY, ARK/BUSD, BETH/BUSD, LOOM/BUSD & SNM/BUSD Trading Pairs"
2022-08-25,2022,2022Q3,2022-08,futures,Binance Futures Will Launch USDT-Margined STG Perpetual Contracts with Up to 25X Leverage
2022-08-31,2022,2022Q3,2022-08,futures,Binance Futures Will Launch USDⓈ-M Binance Football Fan Token Index Perpetual Contracts with Up to 25X Leverage
2022-09-06,2022,2022Q3,2022-09,futures,Binance Futures Will Launch USDⓈ-M SPELL Perpetual Contracts with Up to 25X Leverage
2022-09-08,2022,2022Q3,2022-09,futures,Binance Futures Will Launch USDⓈ-M 1000LUNC Perpetual Contracts with Up to 25X Leverage
2022-09-08,2022,2022Q3,2022-09,trading_pairs,"Binance Adds AMB/BUSD, LUNC/USDT & PHB/BUSD Trading Pairs"
2022-09-09,2022,2022Q3,2022-09,futures,Binance Futures Will Launch USDⓈ-M LUNA2 Perpetual Contracts with Up to 25X Leverage
2022-09-13,2022,2022Q3,2022-09,futures,Binance Futures Will Launch USDⓈ-M AMB Perpetual Contracts with Up to 20x Leverage
2022-09-15,2022,2022Q3,2022-09,trading_pairs,"Binance Adds GAS/BUSD, LUNA/TRY, NEBL/BUSD, PROS/BUSD & VIB/BUSD Trading Pairs"
2022-09-15,2022,2022Q3,2022-09,futures,Binance Futures Will Launch USDⓈ-M PHB Perpetual Contracts with Up to 20x Leverage
2022-09-21,2022,2022Q3,2022-09,futures,Binance Futures Will Launch USDⓈ-M LDO and CVX Perpetual Contracts with Up to 25X Leverage
2022-09-22,2022,2022Q3,2022-09,futures,Binance Futures Will List USDⓈ-M BTC & ETH Quarterly 1230 Futures Contracts
2022-09-26,2022,2022Q3,2022-09,futures,Binance Futures Will Launch USDⓈ-M ICP Perpetual Contracts with Up to 25X Leverage
2022-09-27,2022,2022Q3,2022-09,futures,Binance Futures Will List Coin-Margined Quarterly 0331 Futures Contracts
2022-09-28,2022,2022Q3,2022-09,ecosystem_add,Binance Adds USTC & More Pairs on Cross Margin and Isolated Margin
2022-09-30,2022,2022Q3,2022-09,trading_pairs,"Binance Adds BTC/ZAR, ETH/ZAR & BUSD/ZAR Trading Pairs"
2022-10-05,2022,2022Q4,2022-10,spot,Binance Will List GMX (GMX) in the Innovation Zone
2022-10-06,2022,2022Q4,2022-10,ecosystem_add,"Binance Adds GMX, SNM & More Pairs on Cross Margin and Isolated Margin"
2022-10-07,2022,2022Q4,2022-10,ecosystem_add,"Binance Adds LAZIO, PORTO & More Pairs on Cross Margin and Isolated Margin"
2022-10-12,2022,2022Q4,2022-10,options,Binance Options Will Launch ETHUSDT Daily Options
2022-10-12,2022,2022Q4,2022-10,ecosystem_add,"Binance Adds PROS on Isolated Margin, With New FORTH, KP3R, STRAX, TROY Margin Pairs"
2022-10-13,2022,2022Q4,2022-10,trading_pairs,"Binance Adds AGIX/BUSD, NEBL/USDT & SNT/BUSD Trading Pairs"
2022-10-14,2022,2022Q4,2022-10,ecosystem_add,"Binance Adds New BSW, DODO, INJ, JST, MDX & MKR Cross Margin Pairs"
2022-10-18,2022,2022Q4,2022-10,spot,Binance Will List Aptos (APT)
2022-10-18,2022,2022Q4,2022-10,trading_pairs,"Binance Adds BTC/PLN, ETH/PLN & BUSD/PLN Trading Pairs"
2022-10-18,2022,2022Q4,2022-10,futures,Binance Futures Will Launch USDⓈ-M APT and QNT Perpetual Contracts with Up to 25X Leverage
2022-10-19,2022,2022Q4,2022-10,options,Binance Options Will Launch BTCUSDT Weekly Options
2022-10-19,2022,2022Q4,2022-10,trading_pairs,Binance Adds APT/EUR & APT/TRY Trading Pairs
2022-10-21,2022,2022Q4,2022-10,ecosystem_add,Binance Adds POLYX & More Pairs on Cross Margin & Isolated Margin
2022-10-24,2022,2022Q4,2022-10,futures,Binance Futures Will Launch USDⓈ-M APTBUSD and COIN-M APTUSD Perpetual Contracts
2022-10-27,2022,2022Q4,2022-10,trading_pairs,Binance Adds APT/BRL & QKC/BUSD Trading Pairs
2022-10-28,2022,2022Q4,2022-10,spot,Binance Will List Osmosis (OSMO) in the Innovation Zone
2022-10-31,2022,2022Q4,2022-10,launch_event,Introducing Hashflow (HFT) on Binance Launchpool! Farm HFT by Staking BNB and BUSD
2022-11-02,2022,2022Q4,2022-11,options,Binance Options Will Launch BTCUSDT Monthly Options
2022-11-02,2022,2022Q4,2022-11,futures,Binance Futures Will Launch USDⓈ-M Binance Bluebird Index Perpetual Contracts with Up to 25X Leverage
2022-11-17,2022,2022Q4,2022-11,trading_pairs,"Binance Adds ARPA/ETH, PHB/USDT & VITE/BUSD Trading Pairs"
2022-11-23,2022,2022Q4,2022-11,launch_event,Introducing the Hooked Protocol (HOOK) Token Sale on Binance Launchpad!
2022-12-01,2022,2022Q4,2022-12,launch_event,Subscription for the Hooked Protocol (HOOK) Token Sale on Binance Launchpad Is Now Open
2022-12-01,2022,2022Q4,2022-12,launch_event,Binance Completes the Hooked Protocol Subscription Launchpad and Will Open Trading for HOOK
2022-12-09,2022,2022Q4,2022-12,trading_pairs,Binance Adds BUSD/RON Fiat Trading Pair
2022-12-12,2022,2022Q4,2022-12,spot,Binance Will List Magic (MAGIC) in the Innovation Zone
2022-12-19,2022,2022Q4,2022-12,futures,Binance Futures Will List USDⓈ-M BTC & ETH Quarterly 0331 Futures Contracts
2022-12-27,2022,2022Q4,2022-12,futures,Binance Futures Will List Coin-Margined Quarterly 0630 Futures Contracts
2023-01-13,2023,2023Q1,2023-01,futures,Binance Futures Will Launch USDⓈ-M FET Perpetual Contracts with Up to 20X Leverage
2023-01-17,2023,2023Q1,2023-01,futures,Binance Futures Will Launch BUSD-Margined AGIX Perpetual Contracts
2023-01-18,2023,2023Q1,2023-01,spot,Binance Will List Rocket Pool (RPL) in the Innovation Zone
2023-01-18,2023,2023Q1,2023-01,ecosystem_add,Binance Adds HIFI on Isolated Margin
2023-01-19,2023,2023Q1,2023-01,futures,Binance Futures Will Launch USDⓈ-M FXS Perpetual Contracts with Up to 20X Leverage
2023-01-20,2023,2023Q1,2023-01,futures,Binance Futures Will Launch USDⓈ-M HOOK Perpetual Contracts with Up to 20X Leverage
2023-01-23,2023,2023Q1,2023-01,futures,Binance Futures Will Launch USDⓈ-M MAGIC Perpetual Contracts with Up to 20X Leverage
2023-01-26,2023,2023Q1,2023-01,trading_pairs,Binance Adds FET/TRY & PROS/USDT Trading Pairs
2023-01-30,2023,2023Q1,2023-01,ecosystem_add,Binance Adds MAGIC on Cross Margin
2023-01-31,2023,2023Q1,2023-01,futures,Binance Futures Will Launch USDⓈ-M Threshold (T) Perpetual Contracts with Up to 20X Leverage
2023-02-01,2023,2023Q1,2023-02,ecosystem_add,Binance Adds HOOK on Cross Margin & Isolated Margin
2023-02-01,2023,2023Q1,2023-02,options,Binance Options Will Launch BTCUSDT Daily Options
2023-02-02,2023,2023Q1,2023-02,futures,Binance Futures Will Launch USDⓈ-M RNDR Perpetual Contracts with Up to 20X Leverage
2023-02-02,2023,2023Q1,2023-02,ecosystem_add,Binance Adds AGIX on Cross Margin & Isolated Margin
2023-02-03,2023,2023Q1,2023-02,futures,Binance Futures Will Launch USDⓈ-M MINA and HIGH Perpetual Contracts with Up to 20X Leverage
2023-02-07,2023,2023Q1,2023-02,options,Binance Options Will List Additional BTCUSDT Monthly Options
2023-02-10,2023,2023Q1,2023-02,ecosystem_add,"Binance Adds HFT, OCEAN on Cross Margin and HFT on Isolated Margin"
2023-02-13,2023,2023Q1,2023-02,futures,Binance Futures Will Launch USDⓈ-M ASTR Perpetual Contracts with Up to 20X Leverage
2023-02-15,2023,2023Q1,2023-02,futures,Binance Futures Will Launch USDⓈ-M AGIX and PHB Perpetual Contracts with Up to 20X Leverage
2023-02-16,2023,2023Q1,2023-02,trading_pairs,"Binance Adds BTC/RON, AGIX/USDT & APT/ETH Trading Pairs"
2023-02-16,2023,2023Q1,2023-02,futures,Binance Futures Will Launch USDⓈ-M GMX Perpetual Contracts with Up to 20X Leverage
2023-02-17,2023,2023Q1,2023-02,ecosystem_add,Binance Adds CELR & FET on Cross Margin
2023-02-17,2023,2023Q1,2023-02,spot,Binance Will List Gains Network (GNS) in the Innovation Zone
2023-02-20,2023,2023Q1,2023-02,futures,Binance Futures Will Launch USDⓈ-M CFX Perpetual Contracts with Up to 20X Leverage
2023-02-21,2023,2023Q1,2023-02,futures,Binance Futures Will Launch USDⓈ-M STX and COCOS Perpetual Contracts with Up to 20X Leverage
2023-02-22,2023,2023Q1,2023-02,futures,Binance Futures Will Launch USDⓈ-M ACH Perpetual Contracts with Up to 20X Leverage
2023-02-22,2023,2023Q1,2023-02,spot,Binance Will List Synapse (SYN) in the Innovation Zone
2023-02-22,2023,2023Q1,2023-02,other,Binance Futures to Relaunch USDⓈ-M BNX Perpetual Contracts with Up to 20X Leverage
2023-02-23,2023,2023Q1,2023-02,trading_pairs,Binance Adds SSV/USDT & VIB/USDT Trading Pairs
2023-02-23,2023,2023Q1,2023-02,futures,Binance Futures Will Launch USDⓈ-M SSV Perpetual Contracts with Up to 20X Leverage
2023-02-24,2023,2023Q1,2023-02,ecosystem_add,Binance Adds COCOS & KEY on Cross Margin & Isolated Margin
2023-02-27,2023,2023Q1,2023-02,futures,Binance Futures Will Launch USDⓈ-M CKB Perpetual Contracts with Up to 20X Leverage
2023-02-28,2023,2023Q1,2023-02,spot,Binance Will List Liquity (LQTY) in the Innovation Zone
2023-03-01,2023,2023Q1,2023-03,ecosystem_add,"Binance Adds BNX, YFI & More Pairs on Cross Margin & Isolated Margin"
2023-03-02,2023,2023Q1,2023-03,trading_pairs,Binance Adds AMB/USDT & BETH/USDT Trading Pairs
2023-03-03,2023,2023Q1,2023-03,ecosystem_add,"Binance Adds LQTY, MDT, QUICK & More Pairs on Cross Margin & Isolated Margin"
2023-03-03,2023,2023Q1,2023-03,futures,Binance Futures Will Launch USDⓈ-M PERP Perpetual Contract with Up to 20X Leverage
2023-03-06,2023,2023Q1,2023-03,futures,Binance Futures Will Launch USDⓈ-M TRU Perpetual Contract with Up to 20X Leverage
2023-03-07,2023,2023Q1,2023-03,options,Binance Options Will List Additional BTCUSDT Monthly Options
2023-03-07,2023,2023Q1,2023-03,ecosystem_add,"Binance Adds ALCX, DF & More Tokens on Cross Margin and DF on Isolated Margin"
2023-03-09,2023,2023Q1,2023-03,trading_pairs,"Binance Adds CFX/TRY, KEY/USDT, STX/TRY & USTC/USDT Trading Pairs"
2023-03-09,2023,2023Q1,2023-03,futures,Binance Futures Will Launch USDⓈ-M LQTY Perpetual Contract with Up to 20X Leverage
2023-03-10,2023,2023Q1,2023-03,ecosystem_add,Binance Adds TRU & More Pairs on Cross Margin
2023-03-12,2023,2023Q1,2023-03,trading_pairs,"Binance Adds BNB/USDC, BTC/USDC & ETH/USDC Trading Pairs"
2023-03-12,2023,2023Q1,2023-03,futures,Binance Futures Will Launch USDⓈ-M USDC Perpetual Contract with Up to 30x Leverage
2023-03-15,2023,2023Q1,2023-03,options,Binance Options Will Launch BTCUSDT and ETHUSDT Quarterly Options
2023-03-15,2023,2023Q1,2023-03,ecosystem_add,Binance Adds USDC on Cross Margin & Isolated Margin
2023-03-16,2023,2023Q1,2023-03,trading_pairs,"Binance Adds GAS/USDT, GLM/USDT, PROM/USDT, QKC/USDT & UFT/USDT Trading Pairs"
2023-03-16,2023,2023Q1,2023-03,launch_event,Introducing the Space ID (ID) Token Sale on Binance Launchpad!
2023-03-20,2023,2023Q1,2023-03,ecosystem_add,Binance Adds GNS and More Pairs on Cross Margin & Isolated Margin
2023-03-20,2023,2023Q1,2023-03,spot,Binance Will List Arbitrum (ARB)
2023-03-21,2023,2023Q1,2023-03,options,Binance Options Will List Additional BTCUSDT and ETHUSDT Quarterly Options
2023-03-22,2023,2023Q1,2023-03,options,Binance Options Will Launch XRPUSDT Weekly Options
2023-03-22,2023,2023Q1,2023-03,launch_event,Subscription for the Space ID (ID) Token Sale on Binance Launchpad Is Now Open
2023-03-22,2023,2023Q1,2023-03,launch_event,Binance Completes the Space ID Subscription Launchpad and Will Open Trading for ID
2023-03-22,2023,2023Q1,2023-03,futures,Binance Futures Will Launch USDⓈ-M ARB Perpetual Contract with Up to 50x Leverage
2023-03-22,2023,2023Q1,2023-03,futures,Binance Futures Will List USDⓈ-M BTC & ETH Quarterly 0630 Futures Contracts
2023-03-23,2023,2023Q1,2023-03,trading_pairs,"Binance Adds AGIX/TRY, LOOM/USDT & OAX/USDT Trading Pairs"
2023-03-23,2023,2023Q1,2023-03,ecosystem_add,"Binance Adds JOE, RIF, RLC, SYN & More Pairs on Cross Margin & Isolated Margin"
2023-03-23,2023,2023Q1,2023-03,futures,Binance Futures Will Launch USDⓈ-M ID Perpetual Contract with Up to 20X Leverage
2023-03-23,2023,2023Q1,2023-03,other,Arbitrum (ARB) Listing Will Be Advanced
2023-03-24,2023,2023Q1,2023-03,trading_pairs,"Binance Adds ARB/TUSD, ARB/EUR, ARB/TRY, ID/TUSD, ID/EUR & ID/TRY Trading Pairs"
2023-03-24,2023,2023Q1,2023-03,ecosystem_add,"Binance Adds ARB, ID & More Pairs on Cross Margin & Isolated Margin"
2023-03-24,2023,2023Q1,2023-03,spot_legacy,"Auto-Invest Adds Arbitrum Portfolio and ARB, GMX, MAGIC, GNS Listings"
2023-03-28,2023,2023Q1,2023-03,trading_pairs,"Binance Adds LDO/TUSD, MATIC/TUSD, OP/TUSD, SOL/TUSD, SSV/TUSD & XRP/TUSD Trading Pairs"
2023-03-28,2023,2023Q1,2023-03,futures,Binance Futures Will Launch USDⓈ-M JOE Perpetual Contract with Up to 20X Leverage
2023-03-29,2023,2023Q1,2023-03,options,Binance Options Will List Additional BTCUSDT and ETHUSDT Quarterly Options (2023-03-30)
2023-03-29,2023,2023Q1,2023-03,ecosystem_add,Binance Adds New ARB & BNB Trading Pairs on Cross Margin & Isolated Margin
2023-03-29,2023,2023Q1,2023-03,futures,Binance Futures Will List Coin-Margined Quarterly 0929 Futures Contracts
2023-03-29,2023,2023Q1,2023-03,futures,"Binance Futures Will Launch USDT-Margined AMB, LEVER and TLM Perpetual Contracts with Up to 20X Leverage"
2023-03-30,2023,2023Q1,2023-03,spot,Binance Will List Radiant Capital (RDNT) in the Innovation Zone
2023-03-30,2023,2023Q1,2023-03,launch_event,Introducing Radiant Capital (RDNT) on Binance Launchpool! Farm RDNT by Staking BNB and TUSD
2023-03-30,2023,2023Q1,2023-03,trading_pairs,Binance Adds ARB & ID Trading Pairs on Spot Grid
2023-03-31,2023,2023Q1,2023-03,ecosystem_add,Binance Adds OAX & RDNT on Cross Margin & Isolated Margin
2023-04-04,2023,2023Q2,2023-04,futures,Binance Futures Will Launch USDⓈ-M RDNT Perpetual Contract with Up to 20X Leverage
2023-04-05,2023,2023Q2,2023-04,ecosystem_add,"Binance Adds NKN, ZRX & More Pairs on Cross Margin"
2023-04-05,2023,2023Q2,2023-04,futures,Binance Futures Will Launch USDⓈ-M HFT Perpetual Contract with Up to 20X Leverage
2023-04-11,2023,2023Q2,2023-04,ecosystem_add,Binance Adds ERN & STPT on Cross Margin and OG on Isolated Margin
2023-04-12,2023,2023Q2,2023-04,futures,Binance Futures Will Launch USDⓈ-M XVS Perpetual Contract with Up to 20X Leverage
2023-04-13,2023,2023Q2,2023-04,trading_pairs,"Binance Adds ARB/RUB, JOE/TRY, MAGIC/TRY & USDT/PLN Trading Pairs"
2023-04-17,2023,2023Q2,2023-04,ecosystem_add,Binance Adds MC & XVS on Cross Margin
2023-04-18,2023,2023Q2,2023-04,trading_pairs,Binance Adds ACH/TRY & XVS/TRY Trading Pairs
2023-04-20,2023,2023Q2,2023-04,trading_pairs,Binance Adds EGLD/RON & USDT/RON Trading Pairs
2023-04-20,2023,2023Q2,2023-04,ecosystem_add,Binance Adds CTSI on Cross Margin and USDP on Isolated Margin
2023-04-21,2023,2023Q2,2023-04,launch_event,Introducing the Open Campus (EDU) Token Sale on Binance Launchpad!
2023-04-24,2023,2023Q2,2023-04,options,Binance Options Will Launch BNBUSDT Daily Options
2023-04-27,2023,2023Q2,2023-04,trading_pairs,"Binance Adds DOGE/TUSD, USDT/ARS & WBTC/USDT Trading Pairs"
2023-04-27,2023,2023Q2,2023-04,futures,Binance Futures Will Launch USDⓈ-M BLUR Perpetual Contract with Up to 20X Leverage
2023-04-28,2023,2023Q2,2023-04,launch_event,Subscription for the Open Campus (EDU) Token Sale on Binance Launchpad Is Now Open
2023-04-28,2023,2023Q2,2023-04,other,WBTC/USDT Trading Postponed
2023-04-28,2023,2023Q2,2023-04,launch_event,Binance Completes the Open Campus Subscription Launchpad and Will Open Trading for EDU
2023-04-28,2023,2023Q2,2023-04,futures,Binance Futures Will Launch USDⓈ-M EDU Perpetual Contract with Up to 20X Leverage
2023-04-30,2023,2023Q2,2023-04,trading_pairs,Binance Adds EDU/EUR & EDU/TRY Trading Pairs
2023-04-30,2023,2023Q2,2023-04,launch_event,Introducing Sui (SUI) on Binance Launchpool! Farm SUI by Staking BNB and TUSD
2023-05-02,2023,2023Q2,2023-05,futures,Binance Futures Will Launch USDⓈ-M IDEX Perpetual Contract With Up to 20X Leverage
2023-05-03,2023,2023Q2,2023-05,spot,Binance Will Open Trading for SUI
2023-05-03,2023,2023Q2,2023-05,other,Sui (SUI) Listing Will Be Advanced
2023-05-03,2023,2023Q2,2023-05,futures,Binance Futures Will Launch USDⓈ-M SUI Perpetual Contract With Up to 50X Leverage
2023-05-04,2023,2023Q2,2023-05,ecosystem_add,Binance Adds EDU & SUI on Cross Margin & Isolated Margin
2023-05-04,2023,2023Q2,2023-05,trading_pairs,Binance Adds AERGO/USDT & RNDR/TRY Trading Pairs
2023-05-05,2023,2023Q2,2023-05,spot,Binance Will List FLOKI (FLOKI) and Pepe (PEPE) in the Innovation Zone
2023-05-05,2023,2023Q2,2023-05,futures,Binance Futures Will Launch USDⓈ-M 1000PEPE Perpetual Contract With Up to 20X Leverage
2023-05-05,2023,2023Q2,2023-05,other,FLOKI (FLOKI) and Pepe (PEPE) Listing Will Be Postponed
2023-05-06,2023,2023Q2,2023-05,futures,Binance Futures Will Launch USDⓈ-M 1000FLOKI Perpetual Contract With Up to 20x Leverage
2023-05-09,2023,2023Q2,2023-05,trading_pairs,Binance Adds OG/TRY & PEPE/TRY Trading Pairs
2023-05-09,2023,2023Q2,2023-05,ecosystem_add,Binance Adds FLOKI & PEPE on Cross Margin
2023-05-09,2023,2023Q2,2023-05,futures,Binance Futures Will Launch USDⓈ-M RAD Perpetual Contract With Up to 20X Leverage
2023-05-09,2023,2023Q2,2023-05,futures,Binance Futures Will Launch USDⓈ-M UMA Perpetual Contract With Up to 20X Leverage
2023-05-11,2023,2023Q2,2023-05,trading_pairs,Binance Adds CVC/USDT & WBETH/ETH Trading Pairs
2023-05-12,2023,2023Q2,2023-05,options,Binance Options Will Launch Additional BTCUSDT and ETHUSDT Daily Options
2023-05-15,2023,2023Q2,2023-05,ecosystem_add,"Binance Adds UMA on Cross Margin, PEPE & SUI Pairs on Isolated Margin"
2023-05-18,2023,2023Q2,2023-05,trading_pairs,Binance Adds AST/USDT & SNT/USDT Trading Pairs
2023-05-23,2023,2023Q2,2023-05,trading_pairs,Binance Adds CITY/TRY & FLOKI/TRY Trading Pairs
2023-05-23,2023,2023Q2,2023-05,futures,Binance Futures Will Launch USDⓈ-M KEY Perpetual Contract With Up to 20X Leverage
2023-05-30,2023,2023Q2,2023-05,trading_pairs,"Binance Adds ADA/TUSD, LTC/TUSD & TUSD/BUSD Trading Pairs"
2023-06-01,2023,2023Q2,2023-06,futures,Binance Futures Will Launch USDⓈ-M COMBO Perpetual Contract With Up to 20X Leverage
2023-06-06,2023,2023Q2,2023-06,trading_pairs,Binance Adds LTC/TRY and RAD/TRY Trading Pairs
2023-06-06,2023,2023Q2,2023-06,other,Binance Futures Will Update the Leverage & Margin Tiers of USDⓈ-M MTLUSDT Perpetual Contract
2023-06-07,2023,2023Q2,2023-06,ecosystem_add,Binance Adds COMBO & More Pairs on Cross Margin & Isolated Margin
2023-06-08,2023,2023Q2,2023-06,trading_pairs,Binance Adds BTC/NGN & USDT/ZAR Trading Pairs
2023-06-13,2023,2023Q2,2023-06,launch_event,Introducing Maverick Protocol (MAV) on Binance Launchpool! Farm MAV by Staking BNB and TUSD
2023-06-20,2023,2023Q2,2023-06,trading_pairs,"Binance Adds BTC/ARS, OP/TRY & PAXG/TRY Trading Pairs"
2023-06-21,2023,2023Q2,2023-06,futures,Binance Futures Will Launch USDⓈ-M NMR Perpetual Contract With Up to 20X Leverage
2023-06-22,2023,2023Q2,2023-06,futures,Binance Futures Will List USDⓈ-M BTC & ETH Quarterly 0929 Futures Contracts
2023-06-27,2023,2023Q2,2023-06,futures,Binance Futures Will List Coin-Margined Quarterly 1229 Futures Contracts
2023-06-27,2023,2023Q2,2023-06,spot,Binance Will Open Trading for Maverick Protocol (MAV)
2023-06-28,2023,2023Q2,2023-06,futures,Binance Futures Will Launch USDⓈ-M MAV Perpetual Contract With Up to 20x Leverage
2023-06-29,2023,2023Q2,2023-06,trading_pairs,Binance Adds BCH/TUSD & CFX/TUSD Trading Pairs
2023-06-29,2023,2023Q2,2023-06,futures,Binance Futures Will Launch USDⓈ-M MDT Perpetual Contract With Up to 20x Leverage
2023-07-03,2023,2023Q3,2023-07,ecosystem_add,Binance Adds MAV on Cross Margin & Isolated Margin
2023-07-03,2023,2023Q3,2023-07,spot,Binance Will List Pendle (PENDLE) in the Innovation Zone
2023-07-03,2023,2023Q3,2023-07,launch_event,Introducing Pendle (PENDLE) on Binance Launchpool! Farm PENDLE by Staking BNB and TUSD
2023-07-04,2023,2023Q3,2023-07,futures,Binance Futures Will Launch USDⓈ-M XVG Perpetual Contract With Up to 20x Leverage
2023-07-06,2023,2023Q3,2023-07,ecosystem_add,Binance Adds XVG on Isolated Margin
2023-07-06,2023,2023Q3,2023-07,trading_pairs,"Binance Adds MAV/TRY, OCEAN/TRY & TUSD/TRY Trading Pairs"
2023-07-10,2023,2023Q3,2023-07,launch_event,Introducing the Arkham (ARKM) Token Sale on Binance Launchpad!
2023-07-11,2023,2023Q3,2023-07,ecosystem_add,"Binance Adds PENDLE, STORJ, XEC & XVG on Cross Margin"
2023-07-13,2023,2023Q3,2023-07,trading_pairs,"Binance Adds ARB/ETH, BCH/TRY, XVG/TRY & XVG/TUSD Trading Pairs"
2023-07-17,2023,2023Q3,2023-07,launch_event,Subscription for the Arkham (ARKM) Token Sale on Binance Launchpad Is Now Open
2023-07-18,2023,2023Q3,2023-07,trading_pairs,Binance Adds WBETH/USDT Trading Pair and Launches WBETH Zero Maker Fee Promotion
2023-07-18,2023,2023Q3,2023-07,launch_event,Binance Completes the Arkham Subscription Launchpad and Will Open Trading for ARKM
2023-07-19,2023,2023Q3,2023-07,trading_pairs,"Binance Adds ACA/TRY, AVAX/TUSD, COMP/TUSD, COMP/TRY & XEC/TRY Trading Pairs"
2023-07-20,2023,2023Q3,2023-07,ecosystem_add,Binance Adds ARKM on Cross Margin & Isolated Margin
2023-07-24,2023,2023Q3,2023-07,options,Binance Options Will Launch Additional BNBUSDT Weekly Options
2023-07-24,2023,2023Q3,2023-07,spot,Binance Will List Worldcoin (WLD)
2023-07-24,2023,2023Q3,2023-07,futures,Binance Futures Will Launch USDⓈ-M WLD Perpetual Contract With Up to 20x Leverage
2023-07-26,2023,2023Q3,2023-07,spot,Binance Will List First Digital USD (FDUSD) and Introduce FDUSD Zero Trading Fee Promotions
2023-07-26,2023,2023Q3,2023-07,ecosystem_add,"Binance Adds QUICK, WLD on Cross Margin and QUICK on Isolated Margin"
2023-07-26,2023,2023Q3,2023-07,other,First Digital USD (FDUSD) Listing Will Be Postponed
2023-07-27,2023,2023Q3,2023-07,futures,Binance Futures Will Launch USDⓈ-M PENDLE Perpetual Contract With Up to 20x Leverage
2023-07-27,2023,2023Q3,2023-07,trading_pairs,"Binance Adds ARKM/RUB, WLD/RUB & WLD/TRY Trading Pairs"
2023-07-27,2023,2023Q3,2023-07,futures,Binance Futures Will Launch USDⓈ-M ARKM Perpetual Contract With Up to 20x Leverage
2023-07-28,2023,2023Q3,2023-07,futures,Binance Futures Will Launch USDⓈ-M AGLD Perpetual Contract With Up to 20x Leverage
2023-07-31,2023,2023Q3,2023-07,ecosystem_add,"Binance Adds AGLD, T on Cross Margin & New ARKM, AUCTION Isolated Margin Pairs"
2023-08-01,2023,2023Q3,2023-08,trading_pairs,Binance Adds AMP/TRY & OGN/TRY Trading Pairs
2023-08-01,2023,2023Q3,2023-08,launch_event,"Introducing Sei (SEI) on Binance Launchpool! Farm SEI by Staking BNB, TUSD and FDUSD"
2023-08-01,2023,2023Q3,2023-08,launch_event,"Introducing CyberConnect (CYBER) on Binance Launchpool! Farm CYBER by Staking BNB, TUSD and FDUSD"
2023-08-03,2023,2023Q3,2023-08,trading_pairs,Binance Adds BTC/FDUSD & ETH/FDUSD Trading Pairs and Updates the Zero-Fee Bitcoin Trading Program
2023-08-04,2023,2023Q3,2023-08,ecosystem_add,Binance Adds XEM on Cross Margin
2023-08-04,2023,2023Q3,2023-08,futures,Binance Futures Will Launch USDⓈ-M YGG Perpetual Contract With Up to 20x Leverage
2023-08-07,2023,2023Q3,2023-08,futures,Binance Futures Will Launch USDⓈ-M DODO Perpetual Contract With Up to 20x Leverage
2023-08-07,2023,2023Q3,2023-08,delist,"Binance Will Open Spot Grid Trading for ARKM/USDT, PEPE/USDT, USTC/USDT & WLD/USDT Trading Pairs, and Delist Selected Spot Grid Trading Pairs"
2023-08-08,2023,2023Q3,2023-08,trading_pairs,"Binance Adds ASR/TRY, ATM/TRY, ACM/TRY, BAR/TRY, JUV/TRY & PSG/TRY Trading Pairs"
2023-08-09,2023,2023Q3,2023-08,ecosystem_add,Binance Adds FDUSD & More Pairs on Cross Margin and Isolated Margin
2023-08-09,2023,2023Q3,2023-08,futures,Binance Futures Will Launch USDⓈ-M BNT Perpetual Contract With Up to 20x Leverage
2023-08-09,2023,2023Q3,2023-08,options,Binance Options Will Launch DOGEUSDT Weekly Options
2023-08-10,2023,2023Q3,2023-08,futures,Binance Futures Will Launch USDⓈ-M OXT Perpetual Contract With Up to 20x Leverage
2023-08-14,2023,2023Q3,2023-08,spot,Binance Will Open Trading for CyberConnect (CYBER) and Sei (SEI)
2023-08-15,2023,2023Q3,2023-08,ecosystem_add,"Binance Adds BNT, FRONT, OXT, RPL on Cross Margin and New FRONT Isolated Margin Pair"
2023-08-16,2023,2023Q3,2023-08,futures,Binance Futures Will Launch USDⓈ-M BTC & ETH Quarterly 1229 Delivery Contracts With Up to 25x Leverage
2023-08-16,2023,2023Q3,2023-08,futures,Binance Futures Will Launch USDⓈ-M SEI Perpetual Contract With Up to 20x Leverage
2023-08-17,2023,2023Q3,2023-08,ecosystem_add,"Binance Adds ATA, SEI on Cross Margin and SEI on Isolated Margin"
2023-08-20,2023,2023Q3,2023-08,futures,Binance Futures Will Launch USDⓈ-M CYBER Perpetual Contract With Up to 20x Leverage
2023-08-22,2023,2023Q3,2023-08,trading_pairs,"Binance Adds CYBER/TUSD, LPT/TRY, SEI/TUSD & UNI/TRY Trading Pairs"
2023-08-23,2023,2023Q3,2023-08,ecosystem_add,Binance Adds CYBER & New SEI Pairs on Cross Margin & Isolated Margin
2023-08-29,2023,2023Q3,2023-08,options,Binance Options Will Launch Additional BNBUSDT Daily Options
2023-09-06,2023,2023Q3,2023-09,trading_pairs,"Binance Adds DOGE/FDUSD, SOL/FDUSD, TOMO/TRY, UNFI/TRY & XRP/FDUSD Trading Pairs"
2023-09-08,2023,2023Q3,2023-09,ecosystem_add,"Binance Adds BAND, FLM, STMX on Cross Margin & New ADX, PROM, PROS Isolated Margin Pairs"
2023-09-16,2023,2023Q3,2023-09,futures,Binance Futures Will Launch USDⓈ-M HIFI Perpetual Contract with Up to 20X Leverage
2023-09-19,2023,2023Q3,2023-09,futures,Binance Futures Will Launch USDⓈ-M ARK Perpetual Contract With Up to 10x Leverage
2023-09-20,2023,2023Q3,2023-09,trading_pairs,Binance Adds CYBER/ETH & MTL/TRY Trading Pairs
2023-09-21,2023,2023Q3,2023-09,delist,Notice of Addition & Removal of Trading Pairs - 2023-09-22
2023-09-22,2023,2023Q3,2023-09,futures,Binance Futures Will Launch USDⓈ-M FRONT Perpetual Contract With Up to 10x Leverage
2023-09-25,2023,2023Q3,2023-09,futures,Binance Futures Will List USDⓈ-M & COIN-M Quarterly 0329 Futures Delivery Contracts
2023-09-25,2023,2023Q3,2023-09,futures,Binance Futures Will Launch USDⓈ-M GLMR Perpetual Contract With Up to 10x Leverage
2023-09-26,2023,2023Q3,2023-09,ecosystem_add,Binance Adds VTHO/USDT Cross Margin Pair
2023-09-28,2023,2023Q3,2023-09,futures,Binance Futures Will Launch USDⓈ-M BICO Perpetual Contract With Up to 10x Leverage
2023-10-04,2023,2023Q4,2023-10,trading_pairs,"Binance Adds ARB/FDUSD, FDUSD/TRY, FRONT/TRY, LINK/TUSD & SUI/FDUSD Trading Pairs"
2023-10-09,2023,2023Q4,2023-10,ecosystem_add,Binance Adds WBETH & More Pairs on Cross Margin & Isolated Margin
2023-10-10,2023,2023Q4,2023-10,spot,Binance Will List Neutron (NTRN) with Seed Tag Applied
2023-10-10,2023,2023Q4,2023-10,launch_event,"Introducing Neutron (NTRN) on Binance Launchpool! Farm NTRN by Staking BNB, TUSD and FDUSD"
2023-10-10,2023,2023Q4,2023-10,futures,Binance Futures Will Launch USDⓈ-M STRAX Perpetual Contract With Up to 10x Leverage
2023-10-11,2023,2023Q4,2023-10,ecosystem_add,Binance Adds New SEI & WBETH Pairs on Cross Margin
2023-10-11,2023,2023Q4,2023-10,trading_pairs,"Binance Adds ADA/FDUSD, FIL/FDUSD, FRONT/TUSD, LEVER/TRY, LTC/FDUSD, RUNE/TUSD & TRB/TRY Trading Pairs"
2023-10-11,2023,2023Q4,2023-10,futures,Binance Futures Will Launch USDⓈ-M LOOM Perpetual Contract With Up to 10x Leverage
2023-10-12,2023,2023Q4,2023-10,futures,Binance Futures Will Launch USDⓈ-M BIGTIME Perpetual Contract With Up to 20x Leverage
2023-10-13,2023,2023Q4,2023-10,ecosystem_add,Binance Adds NTRN on Margin
2023-10-15,2023,2023Q4,2023-10,futures,Binance Futures Will Launch USDⓈ-M BOND Perpetual Contract With Up to 50x Leverage
2023-10-17,2023,2023Q4,2023-10,futures,Binance Futures Will Launch USDⓈ-M ORBS Perpetual Contract With Up to 20x Leverage
2023-10-18,2023,2023Q4,2023-10,futures,Binance Futures Will Launch USDⓈ-M STPT and WAXP Perpetual Contracts With Up to 50x Leverage
2023-10-18,2023,2023Q4,2023-10,trading_pairs,Notice on New Trading Pairs & Trading Bots Services on Binance Spot - 2023-10-19
2023-10-19,2023,2023Q4,2023-10,ecosystem_add,"Binance Adds ARK, OMG & More Pairs on Cross Margin & Isolated Margin"
2023-10-20,2023,2023Q4,2023-10,futures,Binance Futures Will Launch USDⓈ-M BSV Perpetual Contract With Up to 50x Leverage
2023-10-21,2023,2023Q4,2023-10,futures,Binance Futures Will Launch USDⓈ-M RIF Perpetual Contract With Up to 50x Leverage
2023-10-24,2023,2023Q4,2023-10,futures,Binance Futures Will Launch USDⓈ-M POLYX and GAS Perpetual Contracts With Up to 50x Leverage
2023-10-25,2023,2023Q4,2023-10,trading_pairs,Notice on New Trading Pairs & Trading Bots Services on Binance Spot - 2023-10-26
2023-10-26,2023,2023Q4,2023-10,futures,Binance Futures Will Launch USDⓈ-M POWR Perpetual Contract With Up to 50x Leverage
2023-10-27,2023,2023Q4,2023-10,launch_event,"Introducing Memecoin (MEME) on Binance Launchpool! Farm MEME by Staking BNB, TUSD and FDUSD"
2023-10-30,2023,2023Q4,2023-10,ecosystem_add,"Binance Adds ACA, GHST, VIDT and More Pairs on Cross Margin & Isolated Margin"
2023-10-30,2023,2023Q4,2023-10,spot,Binance Will List Celestia (TIA) with Seed Tag Applied
2023-10-31,2023,2023Q4,2023-10,futures,Binance Futures Will Launch USDⓈ-M SLP Perpetual Contract With Up to 50x Leverage
2023-10-31,2023,2023Q4,2023-10,futures,Binance Futures Will Launch USDⓈ-M TIA Perpetual Contract With Up to 50x Leverage
2023-11-02,2023,2023Q4,2023-11,futures,Binance Futures Will Launch USDⓈ-M SNT Perpetual Contract With Up to 50x Leverage
2023-11-02,2023,2023Q4,2023-11,futures,Binance Futures Will Launch USDⓈ-M CAKE Perpetual Contract With Up to 50x Leverage
2023-11-02,2023,2023Q4,2023-11,spot,Binance Will Open Trading for Memecoin (MEME)
2023-11-02,2023,2023Q4,2023-11,ecosystem_add,"Binance Adds TIA, SNT, STEEM and More Pairs on Cross Margin & Isolated Margin"
2023-11-03,2023,2023Q4,2023-11,futures,Binance Futures Will Launch USDⓈ-M TWT Perpetual Contract With Up to 50x Leverage
2023-11-03,2023,2023Q4,2023-11,futures,Binance Futures Will Launch USDⓈ-M MEME Perpetual Contract With Up to 50x Leverage
2023-11-03,2023,2023Q4,2023-11,futures,Binance Futures Will Launch USDⓈ-M TOKEN Perpetual Contract With Up to 50x Leverage
2023-11-07,2023,2023Q4,2023-11,spot,Binance Will List ORDI (ORDI) with Seed Tag Applied
2023-11-07,2023,2023Q4,2023-11,futures,Binance Futures Will Launch USDⓈ-M ORDI Perpetual Contract With Up to 50x Leverage
2023-11-07,2023,2023Q4,2023-11,ecosystem_add,"Binance Adds MEME, MULTI, UFT and More Pairs on Cross Margin & Isolated Margin"
2023-11-08,2023,2023Q4,2023-11,futures,Binance Futures Will Launch USDⓈ-M STEEM Perpetual Contract With Up to 50x Leverage
2023-11-08,2023,2023Q4,2023-11,trading_pairs,Notice on New Trading Pairs & Trading Bots Services on Binance Spot - 2023-11-09
2023-11-09,2023,2023Q4,2023-11,ecosystem_add,"Binance Adds AST, GNO, ORDI and More Pairs on Cross Margin & Isolated Margin"
2023-11-09,2023,2023Q4,2023-11,futures,Binance Futures Will Launch USDⓈ-M BADGER Perpetual Contract With Up to 50x Leverage
2023-11-10,2023,2023Q4,2023-11,futures,Binance Futures Will Launch USDⓈ-M ILV Perpetual Contract With Up to 50x Leverage
2023-11-14,2023,2023Q4,2023-11,futures,Binance Futures Will Launch USDⓈ-M NTRN Perpetual Contract With Up to 50x Leverage
2023-11-14,2023,2023Q4,2023-11,ecosystem_add,Binance Adds FIS and More Pairs on Cross Margin
2023-11-14,2023,2023Q4,2023-11,futures,Binance Futures Will Launch USDⓈ-M MBL Perpetual Contract With Up to 50x Leverage
2023-11-15,2023,2023Q4,2023-11,trading_pairs,Notice on New Trading Pairs on Binance Spot - 2023-11-16
2023-11-16,2023,2023Q4,2023-11,ecosystem_add,Binance Adds BEAMX and More Pairs on Cross Margin and Isolated Margin
2023-11-16,2023,2023Q4,2023-11,futures,Binance Futures Will Launch USDⓈ-M KAS Perpetual Contract With Up to 50x Leverage
2023-11-17,2023,2023Q4,2023-11,ecosystem_add,"Binance Adds ACA, AMP, GHST & More Pairs on Cross Margin and Isolated Margin"
2023-11-17,2023,2023Q4,2023-11,futures,Binance Futures Will Launch USDⓈ-M BEAMX Perpetual Contract With Up to 50x Leverage
2023-11-21,2023,2023Q4,2023-11,ecosystem_add,"Binance Adds CVC, ELF, FARM & More Pairs on Cross Margin and Isolated Margin"
2023-11-22,2023,2023Q4,2023-11,trading_pairs,Notice on New Trading Pairs & Trading Bots Services on Binance Spot - 2023-11-23
2023-11-22,2023,2023Q4,2023-11,futures,Binance Futures Will Launch USDⓈ-M 1000BONK and PYTH Perpetual Contracts With Up to 50x Leverage
2023-11-24,2023,2023Q4,2023-11,spot,Binance Will List Blur (BLUR) with Seed Tag Applied
2023-11-26,2023,2023Q4,2023-11,futures,Binance Futures Will Launch USDⓈ-M SUPER Perpetual Contract With Up to 50x Leverage
2023-11-27,2023,2023Q4,2023-11,futures,Binance Futures Will Launch USDⓈ-M USTC Perpetual Contract With Up to 50x Leverage
2023-11-27,2023,2023Q4,2023-11,futures,Binance Futures Will Launch USDⓈ-M ONG Perpetual Contract With Up to 50x Leverage
2023-11-28,2023,2023Q4,2023-11,ecosystem_add,"Binance Adds BLUR, VIC & More Pairs on Cross Margin and Isolated Margin"
2023-11-28,2023,2023Q4,2023-11,futures,Binance Futures Will Launch USDⓈ-M ETHW Perpetual Contract With Up to 50x Leverage
2023-11-29,2023,2023Q4,2023-11,trading_pairs,Notice on New Trading Pairs on Binance Spot - 2023-11-30
2023-12-01,2023,2023Q4,2023-12,ecosystem_add,Binance Adds GFT & More Pairs on Cross Margin and Isolated Margin
2023-12-04,2023,2023Q4,2023-12,spot,Binance Will List Anchored Coins EUR (AEUR) and Introduce AEUR Zero Trading Fee Promotions
2023-12-04,2023,2023Q4,2023-12,trading_pairs,Notice on New Trading Pairs on Binance Spot - 2023-12-05
2023-12-07,2023,2023Q4,2023-12,spot,Binance Will List Jito (JTO) with Seed Tag Applied
2023-12-08,2023,2023Q4,2023-12,ecosystem_add,Binance Adds PIVX & More Pairs on Cross Margin and Isolated Margin
2023-12-08,2023,2023Q4,2023-12,futures,Binance Futures Will Launch USDⓈ-M JTO Perpetual Contract With Up to 50x Leverage
2023-12-11,2023,2023Q4,2023-12,launch_event,Introducing Fusionist (ACE) on Binance Launchpool! Farm ACE by Staking BNB and FDUSD
2023-12-12,2023,2023Q4,2023-12,spot,Binance Will List BRC-20 Sats (1000SATS) with Seed Tag Applied
2023-12-12,2023,2023Q4,2023-12,futures,Binance Futures Will Launch USDⓈ-M 1000SATS Perpetual Contract With Up to 50x Leverage
2023-12-13,2023,2023Q4,2023-12,trading_pairs,Notice on New Trading Pairs & Trading Bots Services on Binance Spot - 2023-12-14
2023-12-13,2023,2023Q4,2023-12,ecosystem_add,"Binance Adds AEUR, 1000SATS & More Pairs on Cross Margin and Isolated Margin"
2023-12-15,2023,2023Q4,2023-12,spot,Binance Will List Bonk (BONK) with Seed Tag Applied
2023-12-15,2023,2023Q4,2023-12,futures,Binance Futures Will Launch USDⓈ-M AUCTION Perpetual Contract With Up to 50x Leverage
2023-12-15,2023,2023Q4,2023-12,futures,Binance Futures Will Launch USDⓈ-M 1000RATS Perpetual Contract With Up to 50x Leverage
2023-12-18,2023,2023Q4,2023-12,options,Binance Options Will Launch Additional BTCUSDT & ETHUSDT Weekly Options
2023-12-18,2023,2023Q4,2023-12,futures,Binance Futures Will Launch USDⓈ-M ACE Perpetual Contract With Up to 50x Leverage
2023-12-19,2023,2023Q4,2023-12,launch_event,"Introducing NFPrompt (NFP) on Binance Launchpool Fair Mode! Farm NFP by Staking BNB, FDUSD and TUSD"
2023-12-19,2023,2023Q4,2023-12,ecosystem_add,"Binance Margin Adds ACE, BONK, XNO & More Pairs"
2023-12-20,2023,2023Q4,2023-12,trading_pairs,Notice on New Trading Pairs & Trading Bots Services on Binance Spot - 2023-12-21
2023-12-22,2023,2023Q4,2023-12,futures,Binance Futures Will List USDⓈ-M & COIN-M Quarterly 0628 Delivery Contracts
2023-12-25,2023,2023Q4,2023-12,ecosystem_add,"Binance Margin Adds ADA, DOGE, MATIC & More Pairs"
2023-12-26,2023,2023Q4,2023-12,spot_legacy,Binance Copy Trading Adds USDⓈ-M ORDI and 1000SATS Contracts
2023-12-26,2023,2023Q4,2023-12,futures,Binance Futures Will Launch USDⓈ-M MOVR Perpetual Contract With Up to 50x Leverage
2023-12-26,2023,2023Q4,2023-12,launch_event,"Introducing Sleepless AI (AI) on Binance Launchpool! Farm AI by Staking BNB, FDUSD and TUSD"
2023-12-27,2023,2023Q4,2023-12,trading_pairs,Notice on New Trading Pairs on Binance Spot - 2023-12-28
2023-12-27,2023,2023Q4,2023-12,futures,Binance Futures Will Launch USDⓈ-M NFP Perpetual Contract With Up to 50x Leverage
2023-12-28,2023,2023Q4,2023-12,futures,"Binance Futures Will Launch USDC-Margined BTC, ETH, BNB, SOL and XRP Perpetual Contracts: Enjoy 10% Off When Trading on USDC-Margined Futures!"
2024-01-03,2024,2024Q1,2024-01,ecosystem_add,"Binance Margin Adds NFP, MLN & More Pairs"
2024-01-03,2024,2024Q1,2024-01,launch_event,"Introducing Xai (XAI) on Binance Launchpool! Farm XAI by Staking BNB, FDUSD and TUSD"
2024-01-04,2024,2024Q1,2024-01,trading_pairs,Notice on New Trading Pairs & Trading Bots Services on Binance Spot - 2024-01-05
2024-01-08,2024,2024Q1,2024-01,futures,Binance Will Launch Sleepless AI (AI) on Margin & Futures
2024-01-09,2024,2024Q1,2024-01,ecosystem_add,"Binance Adds Xai (XAI) on Earn, Convert, Margin, Futures & Auto-Invest"
2024-01-10,2024,2024Q1,2024-01,trading_pairs,Notice on New Trading Pairs & Trading Bots Services on Binance Spot - 2024-01-11
2024-01-12,2024,2024Q1,2024-01,ecosystem_add,"Binance Margin Adds DOCK & More ARB, OP and SOL Pairs"
2024-01-15,2024,2024Q1,2024-01,launch_event,Introducing Manta (MANTA) on Binance Launchpool! Farm MANTA by Staking BNB and FDUSD
2024-01-17,2024,2024Q1,2024-01,futures,Binance Futures Will Launch USDC-Margined DOGE Perpetual Contract With Up to 75x Leverage
2024-01-17,2024,2024Q1,2024-01,launch_event,Introducing AltLayer (ALT) on Binance Launchpool! Farm ALT by Staking BNB and FDUSD
2024-01-18,2024,2024Q1,2024-01,trading_pairs,Notice on New Trading Pairs & Trading Bots Services on Binance Spot - 2024-01-19
2024-01-18,2024,2024Q1,2024-01,futures,Binance Futures Will Launch USDⓈ-M WIF Perpetual Contract With Up to 50x Leverage
2024-01-18,2024,2024Q1,2024-01,ecosystem_add,"Binance Adds Manta (MANTA) on Earn, Convert, Margin & Futures"
2024-01-19,2024,2024Q1,2024-01,ecosystem_add,"Binance Margin Adds ALPINE, BAR, CITY, PSG & More Pairs"
2024-01-20,2024,2024Q1,2024-01,futures,Binance Futures Will Launch USDⓈ-M ONDO Perpetual Contract With Up to 50x Leverage
2024-01-23,2024,2024Q1,2024-01,trading_pairs,Notice on New Trading Pairs & Trading Bots Services on Binance Spot - 2024-01-24
2024-01-25,2024,2024Q1,2024-01,trading_pairs,Notice on New Trading Pairs & Trading Bots Services on Binance Spot - 2024-01-26
2024-01-25,2024,2024Q1,2024-01,futures,Binance Futures Will Launch USDⓈ-M LSK Perpetual Contract With Up to 50x Leverage
2024-01-25,2024,2024Q1,2024-01,ecosystem_add,"Binance Adds AltLayer (ALT) on Earn, Convert, Margin & Futures"
2024-01-31,2024,2024Q1,2024-01,ecosystem_add,Binance Margin Adds DCR & More FDUSD and USDT Pairs
2024-01-31,2024,2024Q1,2024-01,spot,Binance Will List Jupiter (JUP) with Seed Tag Applied
2024-01-31,2024,2024Q1,2024-01,ecosystem_add,"Binance Adds Jupiter (JUP) on Earn, Convert, Margin & Futures"
2024-02-01,2024,2024Q1,2024-02,trading_pairs,Notice on New Trading Pairs & Trading Bots Services on Binance Spot - 2024-02-02
2024-02-02,2024,2024Q1,2024-02,futures,Binance Futures Will Launch USDⓈ-M ZETA Perpetual Contract With Up to 50x Leverage
2024-02-02,2024,2024Q1,2024-02,ecosystem_add,"Binance Margin Adds CREAM, IRIS & More FDUSD and USDC Pairs"
2024-02-02,2024,2024Q1,2024-02,spot,Binance Will List Pyth Network (PYTH) with Seed Tag Applied
2024-02-02,2024,2024Q1,2024-02,ecosystem_add,"Binance Adds Pyth Network (PYTH) on Earn, Convert & Margin"
2024-02-05,2024,2024Q1,2024-02,spot,Binance Will List Ronin (RONIN) with Seed Tag Applied
2024-02-05,2024,2024Q1,2024-02,ecosystem_add,"Binance Adds Ronin (RONIN) on Earn, Convert, Margin & Futures"
2024-02-06,2024,2024Q1,2024-02,trading_pairs,Notice on New Trading Pairs & Trading Bots Services on Binance Spot - 2024-02-07
2024-02-06,2024,2024Q1,2024-02,futures,Binance Futures Will Launch USDC-Margined SUI Perpetual Contract With Up to 50x Leverage
2024-02-06,2024,2024Q1,2024-02,spot,Binance Will List Dymension (DYM) with Seed Tag Applied
2024-02-07,2024,2024Q1,2024-02,ecosystem_add,Binance Adds Dymension (DYM) on Margin & Futures
2024-02-08,2024,2024Q1,2024-02,launch_event,Introducing Pixels (PIXEL) on Binance Launchpool! Farm PIXEL by Staking BNB and FDUSD
2024-02-13,2024,2024Q1,2024-02,futures,Binance Futures Will Launch USDⓈ-M OM Perpetual Contract With Up to 50x Leverage
2024-02-14,2024,2024Q1,2024-02,futures,Binance Futures Will Launch USDC-Margined LINK Perpetual Contract With Up to 75x Leverage
2024-02-19,2024,2024Q1,2024-02,futures,Binance Futures Will Launch USDC-Margined ORDI Perpetual Contract With Up to 75x Leverage
2024-02-19,2024,2024Q1,2024-02,ecosystem_add,"Binance Adds Pixels (PIXEL) on Earn, Convert, Margin & Futures"
2024-02-20,2024,2024Q1,2024-02,spot,Binance Will List Starknet (STRK) with Seed Tag Applied
2024-02-20,2024,2024Q1,2024-02,options,Binance Options Will Launch T+4 BTCUSDT Daily Options
2024-02-21,2024,2024Q1,2024-02,futures,Binance Futures Will Launch USDⓈ-M MAVIA Perpetual Contract With Up to 50x Leverage
2024-02-21,2024,2024Q1,2024-02,launch_event,Introducing Portal (PORTAL) on Binance Launchpool! Farm PORTAL by Staking BNB and FDUSD
2024-02-22,2024,2024Q1,2024-02,ecosystem_add,"Binance Margin Adds ACM, FIO, IQ & More USDT and USDC Pairs"
2024-02-22,2024,2024Q1,2024-02,futures,Binance Futures Will Launch USDⓈ-M GLM Perpetual Contract With Up to 50x Leverage
2024-02-22,2024,2024Q1,2024-02,trading_pairs,Notice on New Trading Pairs & Trading Bots Services on Binance Spot - 2024-02-23
2024-02-27,2024,2024Q1,2024-02,trading_pairs,Notice on New Trading Pairs & Trading Bots Services on Binance Spot - 2024-02-28
2024-02-28,2024,2024Q1,2024-02,ecosystem_add,Binance Margin Adds More FDUSD and USDT Pairs
2024-02-29,2024,2024Q1,2024-02,ecosystem_add,"Binance Adds Portal (PORTAL) on Earn, Convert, Margin & Futures"
2024-03-01,2024,2024Q1,2024-03,futures,Binance Futures Will Launch USDⓈ-M TON Perpetual Contract With Up to 50x Leverage
2024-03-01,2024,2024Q1,2024-03,spot,Binance Will List Axelar (AXL) with Seed Tag Applied
2024-03-01,2024,2024Q1,2024-03,ecosystem_add,"Binance Adds Axelar (AXL) on Earn, Convert, Margin & Futures"
2024-03-04,2024,2024Q1,2024-03,trading_pairs,Notice on New Trading Pairs on Binance Spot - 2024-03-05
2024-03-05,2024,2024Q1,2024-03,spot_legacy,Binance Copy Trading Adds New USDⓈ-M Contracts (2024-03-05)
2024-03-05,2024,2024Q1,2024-03,futures,Binance Futures Will Launch MYROUSDT and 1000PEPEUSDC Perpetual Contracts With Up to 50x Leverage
2024-03-05,2024,2024Q1,2024-03,spot,Binance Will List Dogwifhat (WIF) with Seed Tag Applied
2024-03-05,2024,2024Q1,2024-03,ecosystem_add,"Binance Adds Dogwifhat (WIF) on Earn, Convert & Margin"
2024-03-06,2024,2024Q1,2024-03,launch_event,Introducing AEVO (AEVO) on Binance Launchpool! Farm AEVO by Staking BNB and FDUSD
2024-03-06,2024,2024Q1,2024-03,trading_pairs,Notice on New Trading Pairs & Trading Bots Services on Binance Spot - 2024-03-07
2024-03-07,2024,2024Q1,2024-03,trading_pairs,"Binance Adds BNB/JPY, BTC/JPY & ETH/JPY Trading Pairs and Launches Zero-Fee Trading for JPY Spot Trading Pairs"
2024-03-08,2024,2024Q1,2024-03,options,Binance Options RFQ Will Launch XRPUSDT Options
2024-03-11,2024,2024Q1,2024-03,spot,Binance Will List Metis (METIS) with Seed Tag Applied
2024-03-11,2024,2024Q1,2024-03,ecosystem_add,"Binance Adds Metis (METIS) on Earn, Convert & Margin"
2024-03-12,2024,2024Q1,2024-03,futures,Binance Futures Will Launch METISUSDT and WLDUSDC Perpetual Contracts With Up to 75x Leverage
2024-03-12,2024,2024Q1,2024-03,trading_pairs,Notice on New Trading Pairs & Trading Bots Services on Binance Spot - 2024-03-13 & 2024-03-14
2024-03-12,2024,2024Q1,2024-03,launch_event,Introducing ether.fi (ETHFI) on Binance Launchpool! Farm ETHFI by Staking BNB and FDUSD
2024-03-13,2024,2024Q1,2024-03,ecosystem_add,"Binance Adds AEVO (AEVO) on Earn, Convert, Margin & Futures"
2024-03-13,2024,2024Q1,2024-03,futures,Binance Futures Will Launch USDⓈ-M VANRY Perpetual Contract With Up to 50x Leverage
2024-03-16,2024,2024Q1,2024-03,futures,Binance Futures Will Launch USDⓈ-M BOME Perpetual Contract With Up to 50x Leverage
2024-03-16,2024,2024Q1,2024-03,spot,Binance Will List BOOK OF MEME (BOME) with Seed Tag Applied
2024-03-18,2024,2024Q1,2024-03,futures,Binance Futures Will Launch USDC-Margined AVAX Perpetual Contract With Up to 75x Leverage
2024-03-18,2024,2024Q1,2024-03,ecosystem_add,"Binance Adds ether.fi (ETHFI) on Earn, Convert, Margin & Futures"
2024-03-19,2024,2024Q1,2024-03,spot_legacy,Binance Copy Trading Adds New USDⓈ-M Contracts (2024-03-19)
2024-03-20,2024,2024Q1,2024-03,trading_pairs,Notice on New Trading Pairs & Trading Bots Services on Binance Spot - 2024-03-21
2024-03-22,2024,2024Q1,2024-03,futures,Binance Futures Will List USDⓈ-M & COIN-M Quarterly 0927 Delivery Contracts
2024-03-26,2024,2024Q1,2024-03,futures,Binance Futures Will Launch USDC-Margined 1000SHIB Perpetual Contract With Up to 50x Leverage
2024-03-26,2024,2024Q1,2024-03,trading_pairs,Notice on New Trading Pairs & Trading Bots Services on Binance Spot - 2024-03-27
2024-03-27,2024,2024Q1,2024-03,ecosystem_add,"Binance Margin Adds DCR, LTO, MLN, WBTC & More FDUSD, USDC and USDT Pairs"
2024-03-29,2024,2024Q1,2024-03,launch_event,Introducing Ethena (ENA) on Binance Launchpool! Farm ENA by Staking BNB and FDUSD
2024-04-02,2024,2024Q2,2024-04,futures,Binance Futures Will Launch USDC-Margined BCH and WIF Perpetual Contracts With Up to 75x Leverage
2024-04-02,2024,2024Q2,2024-04,trading_pairs,Notice on New Trading Pairs & Trading Bots Services on Binance Spot - 2024-04-03
2024-04-02,2024,2024Q2,2024-04,ecosystem_add,"Binance Adds Ethena (ENA) on Earn, Convert, Margin & Futures"
2024-04-02,2024,2024Q2,2024-04,spot,Binance Will List Wormhole (W) with Seed Tag Applied
2024-04-04,2024,2024Q2,2024-04,launch_event,Introducing Saga (SAGA) on Binance Launchpool! Farm SAGA by Staking BNB and FDUSD
2024-04-04,2024,2024Q2,2024-04,trading_pairs,Notice on New Trading Pairs & Trading Bots Services on Binance Spot - 2024-04-05
2024-04-04,2024,2024Q2,2024-04,trading_pairs,Binance Adds USDT/MXN Spot Trading Pair with Trading Bots Services Enabled
2024-04-08,2024,2024Q2,2024-04,trading_pairs,"Binance Adds USDT/CZK Trading Pair on Spot, with Trading Bots Services Enabled"
2024-04-08,2024,2024Q2,2024-04,spot,Binance Will List Tensor (TNSR) with Seed Tag Applied
2024-04-08,2024,2024Q2,2024-04,ecosystem_add,"Binance Adds Tensor (TNSR) on Earn, Convert, Margin & Futures"
2024-04-09,2024,2024Q2,2024-04,futures,Binance Futures Will Launch USDC-Margined LTC and NEAR Perpetual Contracts With Up to 75x Leverage
2024-04-09,2024,2024Q2,2024-04,ecosystem_add,"Binance Adds Saga (SAGA) on Earn, Convert, Margin & Futures"
2024-04-10,2024,2024Q2,2024-04,ecosystem_add,"Binance Margin Adds ASR, ATM, FIO, JUV, WAN & More BTC, FDUSD and USDC Pairs"
2024-04-10,2024,2024Q2,2024-04,trading_pairs,Notice on New Trading Pairs & Trading Bots Services on Binance Spot - 2024-04-11
2024-04-11,2024,2024Q2,2024-04,spot,Binance Will List Bittensor (TAO) with Seed Tag Applied
2024-04-11,2024,2024Q2,2024-04,ecosystem_add,"Binance Adds Bittensor (TAO) on Earn, Convert, Margin & Futures"
2024-04-12,2024,2024Q2,2024-04,launch_event,Introducing Omni Network (OMNI) on Binance Launchpool! Farm OMNI by Staking BNB and FDUSD
2024-04-16,2024,2024Q2,2024-04,futures,"Binance Futures Will Launch USDC-Margined ARB, NEO, and FIL Perpetual Contracts With Up to 75x Leverage"
2024-04-16,2024,2024Q2,2024-04,trading_pairs,Notice on New Trading Pairs & Trading Bots Services on Binance Spot - 2024-04-17
2024-04-17,2024,2024Q2,2024-04,ecosystem_add,"Binance Adds Omni Network (OMNI) on Earn, Buy Crypto, Convert, Margin & Futures"
2024-04-18,2024,2024Q2,2024-04,ecosystem_add,Binance Margin Adds New USDC Pairs - 2024-04-18
2024-04-18,2024,2024Q2,2024-04,trading_pairs,Notice on New Trading Pairs & Trading Bots Services on Binance Spot - 2024-04-19
2024-04-18,2024,2024Q2,2024-04,launch_event,Binance Launches Megadrop: A Token Launch Platform with Airdrops and Web3 Quests
2024-04-23,2024,2024Q2,2024-04,ecosystem_add,"Binance Margin Adds ALPINE, BAR, CITY & More FDUSD, USDC and BTC Pairs"
2024-04-23,2024,2024Q2,2024-04,trading_pairs,Notice on New Trading Pairs & Trading Bots Services on Binance Spot - 2024-04-24
2024-04-23,2024,2024Q2,2024-04,launch_event,Introducing Renzo (REZ) on Binance Launchpool! Farm REZ by Staking BNB and FDUSD
2024-04-24,2024,2024Q2,2024-04,futures,"Binance Futures Will Launch USDC-Margined BOME, TIA, and MATIC Perpetual Contracts With Up to 75x Leverage"
2024-04-25,2024,2024Q2,2024-04,trading_pairs,Notice on New Trading Pairs & Trading Bots Services on Binance Spot - 2024-04-26
2024-04-25,2024,2024Q2,2024-04,launch_event,BounceBit (BB) Megadrop Is Now Open: Subscribe to BNB Locked Products or Complete Web3 Quests to Participate!
2024-04-29,2024,2024Q2,2024-04,trading_pairs,Notice on New Trading Pairs & Trading Bots Services on Binance Spot - 2024-04-30
2024-04-30,2024,2024Q2,2024-04,spot_legacy,Binance Futures Copy Trading Adds New USDⓈ-M Contracts (2024-04-30)
2024-04-30,2024,2024Q2,2024-04,futures,"Binance Futures Will Launch USDC-Margined ENA, ETHFI, and 1000BONK Perpetual Contracts With Up to 50x Leverage"
2024-04-30,2024,2024Q2,2024-04,ecosystem_add,"Binance Adds Renzo (REZ) on Earn, Buy Crypto, Convert, Margin & Futures"
2024-05-07,2024,2024Q2,2024-05,trading_pairs,Notice on New Trading Pairs & Trading Bots Services on Binance Spot - 2024-05-08
2024-05-09,2024,2024Q2,2024-05,launch_event,Introducing Notcoin (NOT) on Binance Launchpool! Farm NOT by Staking BNB and FDUSD
2024-05-13,2024,2024Q2,2024-05,ecosystem_add,"Binance Adds BounceBit (BB) on Earn, Buy Crypto, Convert, Margin & Futures"
2024-05-14,2024,2024Q2,2024-05,trading_pairs,Notice on New Trading Pairs & Trading Bots Services on Binance Spot - 2024-05-15
2024-05-14,2024,2024Q2,2024-05,spot_legacy,Binance Futures Copy Trading Adds New USDⓈ-M Contracts (2024-05-14)
2024-05-16,2024,2024Q2,2024-05,trading_pairs,Notice on New Trading Pairs & Trading Bots Services on Binance Spot - 2024-05-17
2024-05-16,2024,2024Q2,2024-05,ecosystem_add,"Binance Adds Notcoin (NOT) on Earn, Buy Crypto, Convert, Margin & Futures"
2024-05-22,2024,2024Q2,2024-05,trading_pairs,Notice on New Trading Pairs & Trading Bots Services on Binance Spot - 2024-05-23
2024-05-23,2024,2024Q2,2024-05,launch_event,Introducing Lista (LISTA) on Binance Megadrop! Lock Your BNB and Complete Web3 Quests for Airdrop
2024-05-24,2024,2024Q2,2024-05,trading_pairs,Binance Adds USDC/TRY Spot Trading Pair with Trading Bots Services Enabled
2024-05-28,2024,2024Q2,2024-05,launch_event,Lista (LISTA) Megadrop Is Now Open: Subscribe to BNB Locked Products or Complete Web3 Quests to Participate!
2024-05-28,2024,2024Q2,2024-05,trading_pairs,Notice on New Trading Pairs & Trading Bots Services on Binance Spot - 2024-05-29
2024-05-29,2024,2024Q2,2024-05,trading_pairs,Notice on New Trading Pairs & Trading Bots Services on Binance Spot - 2024-05-30
2024-05-30,2024,2024Q2,2024-05,trading_pairs,Binance Adds USDT/COP Spot Trading Pair with Trading Bots Services Enabled
2024-05-30,2024,2024Q2,2024-05,futures,Binance Futures Will Launch USDT-Margined TURBO Perpetual Contract With Up to 50x Leverage
2024-06-04,2024,2024Q2,2024-06,trading_pairs,Notice on New Trading Pairs & Trading Bots Services on Binance Spot - 2024-06-05
2024-06-05,2024,2024Q2,2024-06,trading_pairs,Notice on New Trading Pairs Services on Binance Spot Copy Trading - 2024-06-07
2024-06-06,2024,2024Q2,2024-06,launch_event,Introducing IO.NET (IO) on Binance Launchpool! Farm IO by Staking BNB and FDUSD
2024-06-11,2024,2024Q2,2024-06,spot_legacy,Binance Futures Copy Trading Adds New USDⓈ-M Contracts (2024-06-11)
2024-06-11,2024,2024Q2,2024-06,ecosystem_add,"Binance Adds IO.NET (IO) on Earn, Buy Crypto, Convert, Margin & Futures"
2024-06-12,2024,2024Q2,2024-06,trading_pairs,Notice on New Trading Pairs & Trading Bots Services on Binance Spot - 2024-06-13
2024-06-17,2024,2024Q2,2024-06,spot,Binance Will List ZKsync (ZK) with ZK Token Distribution Program
2024-06-17,2024,2024Q2,2024-06,ecosystem_add,"Binance Adds ZKsync (ZK) on Earn, Margin & Futures"
2024-06-17,2024,2024Q2,2024-06,futures,Binance Futures Will Launch USDⓈ-M MEW Perpetual Contract With Up to 50x Leverage
2024-06-18,2024,2024Q2,2024-06,ecosystem_add,"Binance Margin Adds New FDUSD, USDC, and USDT Pairs - 2024-06-18"
2024-06-19,2024,2024Q2,2024-06,other,Notice on New Trading Bots Services on Binance Spot - 2024-06-20
2024-06-19,2024,2024Q2,2024-06,futures,Binance Futures Will List USDⓈ-M & COIN-M Quarterly 1227 Delivery Contracts
2024-06-20,2024,2024Q2,2024-06,spot,Binance Will List LayerZero (ZRO) with Seed Tag Applied
2024-06-20,2024,2024Q2,2024-06,ecosystem_add,"Binance Adds Lista (LISTA) on Earn, Buy Crypto, Convert, Margin & Futures"
2024-06-20,2024,2024Q2,2024-06,ecosystem_add,"Binance Adds LayerZero (ZRO) on Earn, Buy Crypto, Convert, Margin & Futures"
2024-06-20,2024,2024Q2,2024-06,trading_pairs,Notice on New Trading Pairs & Trading Bots Services on Binance Spot - 2024-06-21
2024-06-25,2024,2024Q2,2024-06,spot_legacy,Binance Futures Copy Trading Adds New USDⓈ-M Contract (2024-06-25)
2024-06-28,2024,2024Q2,2024-06,ecosystem_add,Binance Margin Adds New FDUSD Pairs - 2024-06-28
2024-07-01,2024,2024Q3,2024-07,futures,Binance Futures Will Launch USDC-Margined CRV Perpetual Contract With Up to 25x Leverage
2024-07-02,2024,2024Q3,2024-07,spot_legacy,Binance Futures Copy Trading Adds New USDⓈ-M Contract (2024-07-02)
2024-07-02,2024,2024Q3,2024-07,trading_pairs,Notice on New Trading Pairs & Trading Bots Services on Binance Spot - 2024-07-03
2024-07-09,2024,2024Q3,2024-07,ecosystem_add,Binance Margin Adds New USDC Pairs - 2024-07-09
2024-07-11,2024,2024Q3,2024-07,trading_pairs,Notice on New Trading Pairs & Trading Bots Services on Binance Spot - 2024-07-12
2024-07-16,2024,2024Q3,2024-07,futures,Binance Futures Will Launch WIFUSD COIN-M Perpetual Contract with up to 20x Leverage
2024-07-17,2024,2024Q3,2024-07,trading_pairs,Notice on New Trading Pairs & Trading Bots Services on Binance Spot - 2024-07-18
2024-07-18,2024,2024Q3,2024-07,ecosystem_add,Binance Margin Adds New USDC Pairs - 2024-07-18
2024-07-18,2024,2024Q3,2024-07,launch_event,Introducing Banana Gun (BANANA) on Binance HODLer Airdrops! Subscribe your BNB to Simple Earn
2024-07-19,2024,2024Q3,2024-07,ecosystem_add,"Binance Adds Gravity (G) on Earn, Buy Crypto, Convert, & Margin"
2024-07-20,2024,2024Q3,2024-07,ecosystem_add,"Binance Adds Banana Gun (BANANA) on Earn, Buy Crypto, Convert & Margin"
2024-07-23,2024,2024Q3,2024-07,options,Binance Options Will List BTCUSDT and ETHUSDT 2024-11-08 Expiry Options
2024-07-24,2024,2024Q3,2024-07,ecosystem_add,Binance Margin Adds New USDC Pairs - 2024-07-24
2024-07-26,2024,2024Q3,2024-07,ecosystem_add,"Binance Adds Render (RENDER) on Earn, Buy Crypto, Convert, Margin & Futures"
2024-07-31,2024,2024Q3,2024-07,ecosystem_add,Binance Margin Adds New USDC Pairs - 2024-07-31
2024-08-06,2024,2024Q3,2024-08,spot_legacy,Binance Futures Copy Trading Adds New USDⓈ-M Contract (2024-08-06)
2024-08-08,2024,2024Q3,2024-08,spot,Binance Will List Toncoin (TON) with Seed Tag Applied
2024-08-08,2024,2024Q3,2024-08,futures,Binance Futures Will Launch SOLUSD COIN-M Quarterly and Bi-Quarterly Contracts with up to 20x Leverage
2024-08-08,2024,2024Q3,2024-08,ecosystem_add,"Binance Adds Toncoin (TON) on Earn, Buy Crypto, Convert & Margin"
2024-08-13,2024,2024Q3,2024-08,launch_event,"Introducing Toncoin (TON) on Binance Launchpool and Super Earn! Farm TON by Staking BNB, FDUSD, and TON"
2024-08-14,2024,2024Q3,2024-08,trading_pairs,Notice on New Trading Pairs & Trading Bots Services on Binance Spot - 2024-08-16
2024-08-14,2024,2024Q3,2024-08,futures,Binance Futures Will Launch USDⓈ-M BANANA Perpetual Contract With Up to 50x Leverage
2024-08-15,2024,2024Q3,2024-08,futures,Binance Futures Will Launch USDⓈ-Margined G and RARE Perpetual Contracts With Up to 50x Leverage
2024-08-16,2024,2024Q3,2024-08,futures,Binance Futures Will Launch USDⓈ-Margined SYN Perpetual Contract With up to 50x Leverage
2024-08-19,2024,2024Q3,2024-08,futures,Binance Futures Will Launch USDⓈ-Margined SYS Perpetual Contract With up to 50x Leverage
2024-08-20,2024,2024Q3,2024-08,futures,Binance Futures Will Launch USDⓈ-Margined VOXEL Perpetual Contract With up to 50x Leverage
2024-08-20,2024,2024Q3,2024-08,futures,Binance Futures Will Launch USDⓈ-Margined BRETT Perpetual Contract With up to 50x Leverage
2024-08-20,2024,2024Q3,2024-08,launch_event,Introducing Dogs (DOGS) on Binance Launchpool! Farm DOGS by Staking BNB and FDUSD
2024-08-21,2024,2024Q3,2024-08,trading_pairs,Notice on New Trading Pairs & Trading Bots Services on Binance Spot - 2024-08-22
2024-08-22,2024,2024Q3,2024-08,futures,Binance Futures Will Launch USDⓈ-Margined ALPACA Perpetual Contract With up to 75x Leverage
2024-08-22,2024,2024Q3,2024-08,futures,Binance Futures Will Launch USDⓈ-Margined POPCAT and SUN Perpetual Contracts With Up to 75x Leverage
2024-08-23,2024,2024Q3,2024-08,futures,Binance Futures Will Launch USDⓈ-Margined VIDT Perpetual Contract With up to 75x Leverage
2024-08-26,2024,2024Q3,2024-08,spot,Binance Will List Eurite (EURI) and Introduce EURI Zero Trading Fee Promotions
2024-08-26,2024,2024Q3,2024-08,futures,Binance Futures Will Launch USDⓈ-Margined NULS and DOGS Perpetual Contracts With up to 75x Leverage
2024-08-26,2024,2024Q3,2024-08,ecosystem_add,"Binance Adds Dogs (DOGS) on Earn, Buy Crypto, Convert & Margin"
2024-08-27,2024,2024Q3,2024-08,trading_pairs,Notice on New Trading Pairs & Trading Bots Services on Binance Spot - 2024-08-28
2024-08-28,2024,2024Q3,2024-08,futures,Binance Futures Will Launch USDⓈ-Margined MBOX Perpetual Contract With up to 75x Leverage
2024-08-29,2024,2024Q3,2024-08,futures,Binance Futures Will Launch USDⓈ-Margined CHESS Perpetual Contract With up to 75x Leverage
2024-08-30,2024,2024Q3,2024-08,ecosystem_add,Binance Margin Adds New Trading Pairs - 2024-08-30
2024-08-30,2024,2024Q3,2024-08,ecosystem_add,"Binance Adds Self Chain (SLF) on Earn, Buy Crypto, Convert & Margin"
2024-09-03,2024,2024Q3,2024-09,futures,Binance Futures Will Launch USDⓈ-Margined FLUX Perpetual Contract With up to 75x Leverage
2024-09-03,2024,2024Q3,2024-09,trading_pairs,Notice on New Trading Pairs & Trading Bots Services on Binance Spot - 2024-09-04
2024-09-05,2024,2024Q3,2024-09,futures,Binance Futures Will Launch USDⓈ-Margined BSW Perpetual Contract With up to 75x Leverage
2024-09-05,2024,2024Q3,2024-09,futures,Binance Futures Will Launch DOGSUSD COIN-M Perpetual Contract with up to 20x Leverage
2024-09-06,2024,2024Q3,2024-09,futures,Binance Futures Will Launch USDⓈ-Margined QUICK Perpetual Contract With up to 75x Leverage
2024-09-06,2024,2024Q3,2024-09,ecosystem_add,Binance Margin Adds New Trading Pairs - 2024-09-06
2024-09-06,2024,2024Q3,2024-09,futures,Binance Futures Will Launch USDⓈ-Margined NEIROETH Perpetual Contract With up to 75x Leverage
2024-09-09,2024,2024Q3,2024-09,futures,Binance Futures Will Launch USDⓈ-Margined RPL Perpetual Contract With up to 75x Leverage
2024-09-10,2024,2024Q3,2024-09,spot_legacy,Binance Futures Copy Trading Adds New USDⓈ-M Contract (2024-09-10)
2024-09-10,2024,2024Q3,2024-09,futures,Binance Futures Will Launch USDⓈ-Margined AERGO Perpetual Contract With up to 75x Leverage
2024-09-12,2024,2024Q3,2024-09,other,Notice on New Trading Bots Services on Binance Spot - 2024-09-13
2024-09-12,2024,2024Q3,2024-09,futures,Binance Futures Will Launch SUIUSD COIN-M Perpetual Contract With up to 20x Leverage
2024-09-12,2024,2024Q3,2024-09,launch_event,Introducing Hamster Kombat (HMSTR) on Binance Launchpool and Super Earn!
2024-09-13,2024,2024Q3,2024-09,ecosystem_add,"Binance Will Add Polygon (POL) on Earn, Buy Crypto, Convert, Margin & Futures"
2024-09-13,2024,2024Q3,2024-09,launch_event,Introducing Catizen (CATI) on Binance Launchpool! Farm CATI by Locking BNB and FDUSD
2024-09-15,2024,2024Q3,2024-09,futures,Binance Futures Will Launch USDⓈ-Margined UXLINK Perpetual Contract With up to 75x Leverage
2024-09-16,2024,2024Q3,2024-09,spot,"Binance Will List First Neiro on Ethereum (NEIRO), Turbo (TURBO), and Baby Doge Coin (1MBABYDOGE) with Seed Tag Applied"
2024-09-16,2024,2024Q3,2024-09,futures,Binance Futures Will Launch USDⓈ-Margined NEIROUSDT and 1MBABYDOGEUSDT Perpetual Contracts With up to 75x Leverage
2024-09-16,2024,2024Q3,2024-09,ecosystem_add,"Binance Will Add First Neiro on Ethereum (NEIRO), Turbo (TURBO) and Baby Doge Coin (1MBABYDOGE) on Earn, Buy Crypto, Convert & Margin"
2024-09-16,2024,2024Q3,2024-09,futures,Binance Futures Will Launch USDⓈ-Margined CATIUSDT and HMSTRUSDT Perpetual Contracts With up to 75x Leverage
2024-09-18,2024,2024Q3,2024-09,futures,Binance Futures Will Launch USDⓈ-Margined KDAUSDT Perpetual Contract With up to 75x Leverage
2024-09-19,2024,2024Q3,2024-09,futures,Binance Futures Will Launch USDⓈ-Margined FIDAUSDT Perpetual Contract With up to 75x Leverage
2024-09-20,2024,2024Q3,2024-09,futures,Binance Futures Will List USDⓈ-M & COIN-M Quarterly 0328 Delivery Contracts
2024-09-20,2024,2024Q3,2024-09,ecosystem_add,"Binance Will Add Catizen (CATI) on Earn, Buy Crypto, Convert & Margin"
2024-09-20,2024,2024Q3,2024-09,futures,Binance Futures Will Launch USDⓈ-Margined FIOUSDT Perpetual Contract With up to 75x Leverage
2024-09-23,2024,2024Q3,2024-09,futures,Binance Futures Will Launch USDⓈ-Margined GHSTUSDT Perpetual Contract With up to 75x Leverage
2024-09-24,2024,2024Q3,2024-09,futures,Binance Futures Will Launch USDⓈ-Margined LOKAUSDT Perpetual Contract With up to 75x Leverage
2024-09-24,2024,2024Q3,2024-09,trading_pairs,Notice on New Trading Pairs & Trading Bots Services on Binance Spot - 2024-09-25
2024-09-26,2024,2024Q3,2024-09,ecosystem_add,"Binance Will Add Hamster Kombat (HMSTR) on Earn, Buy Crypto, Convert & Margin"
2024-09-27,2024,2024Q3,2024-09,futures,Binance Futures Will Launch WLDUSD COIN-M Perpetual Contract with up to 20x Leverage
2024-09-27,2024,2024Q3,2024-09,futures,Binance Futures Will Launch USDⓈ-Margined REIUSDT Perpetual Contract With up to 75x Leverage
2024-09-30,2024,2024Q3,2024-09,spot,Binance Will List EigenLayer (EIGEN) with Seed Tag Applied
2024-09-30,2024,2024Q3,2024-09,futures,Binance Futures Will Launch USDⓈ-Margined COSUSDT Perpetual Contract With up to 75x Leverage
2024-10-01,2024,2024Q4,2024-10,ecosystem_add,"Binance Will Add EigenLayer (EIGEN) on Earn, Buy Crypto, Convert, Margin & Futures"
2024-10-01,2024,2024Q4,2024-10,trading_pairs,Notice on New Trading Pairs & Trading Bots Services on Binance Spot - 2024-10-02
2024-10-02,2024,2024Q4,2024-10,futures,Binance Futures Will Launch USDⓈ-Margined DIAUSDT Perpetual Contract With up to 75x Leverage
2024-10-08,2024,2024Q4,2024-10,launch_event,Introducing Scroll (SCR) on Binance Launchpool and Pre-Market!
2024-10-09,2024,2024Q4,2024-10,spot,Binance Will List Binance Staked SOL (BNSOL) and Introduce BNSOL Boosted APR Promotion
2024-10-10,2024,2024Q4,2024-10,ecosystem_add,"Binance Will Add Binance Staked SOL (BNSOL) on Earn, Convert & Margin"
2024-10-11,2024,2024Q4,2024-10,other,Notice on New Trading Bots Services on Binance Spot - 2024-10-11
2024-10-15,2024,2024Q4,2024-10,trading_pairs,Notice on New Trading Pairs & Trading Bots Services on Binance Spot - 2024-10-16
2024-10-16,2024,2024Q4,2024-10,trading_pairs,Notice on New Trading Pairs & Trading Bots Services on Binance Spot and Margin - 2024-10-17
2024-10-18,2024,2024Q4,2024-10,other,Binance Will End the Scroll (SCR) Pre-Market and List Scroll (SCR) with Seed Tag Applied
2024-10-18,2024,2024Q4,2024-10,other,"Binance Has Added Binance Staked SOL (BNSOL) on Auto-Invest, Buy Crypto & Loans"
2024-10-18,2024,2024Q4,2024-10,ecosystem_add,"Binance Will Add Lumia (LUMIA) on Earn, Buy Crypto, Convert & Margin"
2024-10-21,2024,2024Q4,2024-10,futures,Binance Futures Will Launch USDⓈ-Margined 1000CATUSDT Perpetual Contract With up to 75x Leverage
2024-10-22,2024,2024Q4,2024-10,ecosystem_add,"Binance Will Add Scroll (SCR) on Earn, Buy Crypto, Convert, Margin & Futures"
2024-10-24,2024,2024Q4,2024-10,futures,Binance Futures Will Launch USDⓈ-Margined GOATUSDT Perpetual Contract With up to 75x Leverage
2024-10-25,2024,2024Q4,2024-10,futures,Binance Futures Will Launch USDⓈ-Margined MOODENGUSDT Perpetual Contract With up to 75x Leverage
2024-10-25,2024,2024Q4,2024-10,futures,Binance Futures Will Launch USDⓈ-Margined SAFEUSDT Perpetual Contract With up to 75x Leverage
2024-10-28,2024,2024Q4,2024-10,futures,Binance Futures Will Launch USDⓈ-Margined SANTOSUSDT Perpetual Contract With up to 75x Leverage
2024-10-29,2024,2024Q4,2024-10,spot_legacy,Binance Futures Copy Trading Adds New USDⓈ-M Perpetual Contracts (2024-10-29)
2024-10-31,2024,2024Q4,2024-10,ecosystem_add,"Binance Will Add Kaia (KAIA) on Earn, Buy Crypto, Convert, and Margin"
2024-10-31,2024,2024Q4,2024-10,futures,Binance Futures Will Launch USDⓈ-Margined TROYUSDT Perpetual Contract With up to 75x Leverage
2024-11-04,2024,2024Q4,2024-11,futures,Binance Futures Will Launch USDⓈ-Margined PONKEUSDT Perpetual Contract With up to 75x Leverage
2024-11-05,2024,2024Q4,2024-11,spot_legacy,Binance Futures Copy Trading Adds New USDⓈ-M Perpetual Contracts (2024-11-05)
2024-11-06,2024,2024Q4,2024-11,spot,Binance Will List Cow Protocol (COW) and Cetus Protocol (CETUS) with Seed Tag Applied
2024-11-06,2024,2024Q4,2024-11,ecosystem_add,"Binance Will Add Cow Protocol (COW) and Cetus Protocol (CETUS) on Earn, Buy Crypto, Convert, Margin & Futures"
2024-11-07,2024,2024Q4,2024-11,futures,Binance Futures Will Launch USDⓈ-Margined 1000000MOGUSDT Perpetual Contract With up to 75x Leverage
2024-11-08,2024,2024Q4,2024-11,futures,"Binance Futures Will Launch USDⓈ-Margined GRASSUSDT, DRIFTUSDT, and SWELLUSDT Perpetual Contracts With up to 75x Leverage"
2024-11-11,2024,2024Q4,2024-11,spot,Binance Will List Act I : The AI Prophecy (ACT) and Peanut the Squirrel (PNUT) with Seed Tag Applied
2024-11-11,2024,2024Q4,2024-11,ecosystem_add,"Binance Will Add Act I : The AI Prophecy (ACT) and Peanut the Squirrel (PNUT) on Earn, Buy Crypto, Convert, Margin & Futures"
2024-11-12,2024,2024Q4,2024-11,trading_pairs,Notice on New Trading Pairs & Trading Bots Services on Binance Spot - 2024-11-13
2024-11-13,2024,2024Q4,2024-11,futures,Binance Futures Will Launch USDⓈ-Margined HIPPOUSDT and 1000XUSDT Perpetual Contract With up to 75x Leverage
2024-11-14,2024,2024Q4,2024-11,launch_event,Introducing Usual (USUAL) on Binance Launchpool and Pre-Market!
2024-11-14,2024,2024Q4,2024-11,trading_pairs,Notice on New Trading Pairs & Trading Bots Services on Binance Spot - 2024-11-15
2024-11-15,2024,2024Q4,2024-11,futures,Binance Futures Will Launch USDⓈ-Margined DEGENUSDT Perpetual Contract With up to 75x Leverage
2024-11-18,2024,2024Q4,2024-11,ecosystem_add,Binance Margin Adds New USDC Pairs - 2024-11-18
2024-11-18,2024,2024Q4,2024-11,futures,Binance Futures Will Launch USDⓈ-Margined BANUSDT and AKTUSDT Perpetual Contracts With up to 75x Leverage
2024-11-19,2024,2024Q4,2024-11,trading_pairs,Notice on New Trading Pairs & Trading Bots Services on Binance Spot - 2024-11-20
2024-11-20,2024,2024Q4,2024-11,trading_pairs,Notice on New Trading Pairs & Trading Bots Services on Binance Spot - 2024-11-22
2024-11-21,2024,2024Q4,2024-11,futures,Binance Futures Will Launch USDⓈ-Margined SLERFUSDT and SCRTUSDT Perpetual Contracts With up to 75x Leverage
2024-11-25,2024,2024Q4,2024-11,ecosystem_add,Binance Margin Adds New USDC Pairs - 2024-11-25
2024-11-25,2024,2024Q4,2024-11,options,Binance Options Will Launch BNBUSDT and SOLUSDT Monthly Options
2024-11-25,2024,2024Q4,2024-11,futures,Binance Futures Will Launch USDⓈ-Margined 1000WHYUSDT and 1000CHEEMSUSDT Perpetual Contracts With up to 75x Leverage
2024-11-26,2024,2024Q4,2024-11,launch_event,Introducing Thena (THE) on Binance HODLer Airdrops! Subscribe your BNB to Simple Earn
2024-11-27,2024,2024Q4,2024-11,trading_pairs,Notice on New Trading Pairs and Trading Bots Services on Binance Spot - 2024-11-28 and 2024-11-29
2024-11-27,2024,2024Q4,2024-11,ecosystem_add,"Binance Will Add Thena (THE) on Earn, Buy Crypto, Convert, Margin & Futures"
2024-11-27,2024,2024Q4,2024-11,futures,Binance Futures Will Launch USDⓈ-Margined MORPHOUSDT and CHILLGUYUSDT Perpetual Contracts With up to 75x Leverage
2024-12-03,2024,2024Q4,2024-12,spot_legacy,Binance Futures Copy Trading Adds New USDⓈ-M Perpetual Contracts (2024-12-03)
2024-12-03,2024,2024Q4,2024-12,trading_pairs,Notice on New Trading Pairs & Trading Bots Services on Binance Spot - 2024-12-04
2024-12-04,2024,2024Q4,2024-12,futures,Binance Futures Will Launch USDⓈ-Margined KAIAUSDT and AEROUSDT Perpetual Contracts With up to 75x Leverage
2024-12-05,2024,2024Q4,2024-12,trading_pairs,Notice on New Trading Pairs & Trading Bots Services on Binance Spot - 2024-12-06
2024-12-06,2024,2024Q4,2024-12,spot,Binance Will List Across Protocol (ACX) and Orca (ORCA) with Seed Tag Applied
2024-12-06,2024,2024Q4,2024-12,ecosystem_add,"Binance Will Add Across Protocol (ACX) and Orca (ORCA) on Earn, Buy Crypto, Convert, Margin & Futures"
2024-12-09,2024,2024Q4,2024-12,launch_event,Introducing Movement (MOVE) on Binance HODLer Airdrops! Subscribe your BNB to Simple Earn
2024-12-09,2024,2024Q4,2024-12,other,Movement (MOVE) Listing Will Be Advanced
2024-12-09,2024,2024Q4,2024-12,ecosystem_add,"Binance Will Add Movement (MOVE) on Earn, Buy Crypto, Convert, Margin & Futures"
2024-12-10,2024,2024Q4,2024-12,spot,Binance Will List Magic Eden (ME) with Seed Tag Applied
2024-12-10,2024,2024Q4,2024-12,futures,"Binance Futures Will Launch USDⓈ-Margined RAYSOLUSDT, KOMAUSDT, VIRTUALUSDT, and SPXUSDT Perpetual Contracts With up to 75x Leverage"
2024-12-10,2024,2024Q4,2024-12,trading_pairs,Notice on New Trading Pairs & Trading Bots Services on Binance Spot - 2024-12-11
2024-12-10,2024,2024Q4,2024-12,ecosystem_add,"Binance Will Add Magic Eden (ME) on Earn, Buy Crypto, Convert, Margin & Futures"
2024-12-12,2024,2024Q4,2024-12,trading_pairs,Notice on New Trading Pairs & Trading Bots Services on Binance Spot - 2024-12-13
2024-12-12,2024,2024Q4,2024-12,other,Binance Will End the Usual (USUAL) Pre-Market and List Usual (USUAL) with Seed Tag Applied
2024-12-13,2024,2024Q4,2024-12,spot,Binance Will List Velodrome Finance (VELODROME) with Seed Tag Applied
2024-12-13,2024,2024Q4,2024-12,launch_event,Introducing Vana (VANA) on Binance Launchpool! Farm VANA by Locking BNB and FDUSD
2024-12-13,2024,2024Q4,2024-12,futures,Binance Futures Will Launch USDⓈ-Margined AVAUSDT and DEGOUSDT Perpetual Contracts With up to 75x Leverage
2024-12-13,2024,2024Q4,2024-12,ecosystem_add,"Binance Will Add Velodrome Finance (VELODROME) on Earn, Buy Crypto, Convert, Margin & Futures"
2024-12-16,2024,2024Q4,2024-12,futures,Binance Futures Will Launch USDⓈ-Margined MOCAUSDT Perpetual Contract With up to 75x Leverage
2024-12-16,2024,2024Q4,2024-12,ecosystem_add,"Binance Will Add Vana (VANA) on Earn, Buy Crypto, Convert, Margin & Futures"
2024-12-16,2024,2024Q4,2024-12,launch_event,Introducing Simon's Cat (1000CAT) and Pudgy Penguins (PENGU) on Binance HODLer Airdrops!
2024-12-17,2024,2024Q4,2024-12,ecosystem_add,"Binance Will Add Simon's Cat (1000CAT) and Pudgy Penguins (PENGU) on Earn, Buy Crypto, Convert, Margin & Futures"
2024-12-18,2024,2024Q4,2024-12,spot_legacy,Binance Futures Copy Trading Adds New USDⓈ-M Perpetual Contracts (2024-12-18)
2024-12-18,2024,2024Q4,2024-12,trading_pairs,Notice on New Trading Pairs & Trading Bots Services on Binance Spot - 2024-12-19
2024-12-18,2024,2024Q4,2024-12,futures,Binance Futures Will Launch USDⓈ-Margined LUMIAUSDT Perpetual Contract With up to 75x Leverage
2024-12-18,2024,2024Q4,2024-12,ecosystem_add,"Binance Will Add Usual (USUAL) on Earn, Buy Crypto, Convert, Margin & Futures"
2024-12-20,2024,2024Q4,2024-12,futures,Binance Futures Will List USDⓈ-M & COIN-M Quarterly 0627 Delivery Contracts
2024-12-20,2024,2024Q4,2024-12,futures,"Binance Futures Will Launch USDⓈ-Margined AIXBTUSDT, FARTCOINUSDT, KMNOUSDT and CGPTUSDT Perpetual Contracts With up to 75x Leverage"
2024-12-23,2024,2024Q4,2024-12,futures,Binance Futures Will Launch USDⓈ-Margined HIVEUSDT Perpetual Contract With up to 75x Leverage
2024-12-23,2024,2024Q4,2024-12,launch_event,Introducing BIO Protocol (BIO) on Binance Launchpool! Farm BIO by Locking BNB and FDUSD
2024-12-24,2024,2024Q4,2024-12,futures,Binance Futures Will Launch USDⓈ-Margined DEXEUSDT Perpetual Contract With up to 75x Leverage
2024-12-30,2024,2024Q4,2024-12,futures,Binance Futures Will Launch USDⓈ-Margined PHAUSDT and DFUSDT Perpetual Contracts With up to 75x Leverage
2024-12-30,2024,2024Q4,2024-12,launch_event,Introducing Solv Protocol (SOLV) on Binance Megadrop! Lock Your BNB and Complete Web3 Quests for Airdrop
2025-01-02,2025,2025Q1,2025-01,futures,"Binance Futures Will Launch USDⓈ-Margined GRIFFAINUSDT, AI16ZUSDT and ZEREBROUSDT Perpetual Contracts With up to 75x Leverage"
2025-01-03,2025,2025Q1,2025-01,ecosystem_add,"Binance Will Add BIO Protocol (BIO) on Earn, Buy Crypto, Convert, Margin & Futures"
2025-01-06,2025,2025Q1,2025-01,launch_event,Solv Protocol (SOLV) Megadrop Is Now Open: Subscribe to BNB Locked Products or Complete Web3 Quests to Participate!
2025-01-07,2025,2025Q1,2025-01,trading_pairs,Binance Adds New JPY Spot Trading Pairs and Launches Zero Maker Fee Promotion
2025-01-07,2025,2025Q1,2025-01,trading_pairs,Notice on New Trading Pairs & Trading Bots Services on Binance Spot - 2025-01-08
2025-01-07,2025,2025Q1,2025-01,futures,"Binance Futures Will Launch USDⓈ-Margined COOKIEUSDT, ALCHUSDT, and SWARMSUSDT Perpetual Contracts With up to 75x Leverage"
2025-01-08,2025,2025Q1,2025-01,futures,Binance Futures Will Launch USDⓈ-Margined SONICUSDT Perpetual Contract With up to 75x Leverage
2025-01-09,2025,2025Q1,2025-01,ecosystem_add,"Binance Will Add Dar Open Network (D) on Earn, Buy Crypto, Convert, Margin & Futures"
2025-01-09,2025,2025Q1,2025-01,trading_pairs,Notice on New Trading Pairs & Trading Bots Services on Binance Spot - 2025-01-10
2025-01-10,2025,2025Q1,2025-01,spot,"Binance Will List aixbt by Virtuals (AIXBT), ChainGPT(CGPT), Cookie DAO(COOKIE) with Seed Tag Applied"
2025-01-10,2025,2025Q1,2025-01,ecosystem_add,"Binance Will Add aixbt by Virtuals (AIXBT), ChainGPT (CGPT) and Cookie DAO (COOKIE) on Earn, Buy Crypto, Convert & Margin"
2025-01-14,2025,2025Q1,2025-01,spot_legacy,Binance Options RFQ Adds SOLUSDT Options
2025-01-14,2025,2025Q1,2025-01,spot_legacy,Binance Futures Copy Trading Adds New USDⓈ-M Perpetual Contracts (2025-01-14)
2025-01-15,2025,2025Q1,2025-01,futures,Binance Futures Will Launch USDⓈ-Margined PROMUSDT Perpetual Contract With up to 75x Leverage
2025-01-16,2025,2025Q1,2025-01,ecosystem_add,"Binance Will Add Sonic (S) on Earn, Buy Crypto, Convert, Margin & Futures"
2025-01-17,2025,2025Q1,2025-01,ecosystem_add,"Binance Will Add Solv Protocol (SOLV) on Earn, Buy Crypto, Convert, Margin & Futures"
2025-01-17,2025,2025Q1,2025-01,futures,Binance Futures Will Launch USDⓈ-Margined ARCUSDT and AVAAIUSDT Perpetual Contracts With up to 25x Leverage
2025-01-18,2025,2025Q1,2025-01,futures,Binance Futures Will Launch USDⓈ-Margined TRUMPUSDT Perpetual Contract With up to 25x Leverage
2025-01-19,2025,2025Q1,2025-01,spot,Binance Will List OFFICIAL TRUMP (TRUMP) with Seed Tag Applied
2025-01-19,2025,2025Q1,2025-01,ecosystem_add,"Binance Will Add OFFICIAL TRUMP (TRUMP) on Earn, Buy Crypto, Convert & Margin"
2025-01-20,2025,2025Q1,2025-01,futures,Binance Futures Will Launch USDⓈ-Margined MELANIAUSDT Perpetual Contract With up to 25x Leverage
2025-01-20,2025,2025Q1,2025-01,trading_pairs,Notice on New Trading Pairs & Trading Bots Services on Binance Spot - 2025-01-21
2025-01-21,2025,2025Q1,2025-01,spot_legacy,Binance Futures Copy Trading Adds New USDⓈ-M Perpetual Contracts (2025-01-21)
2025-01-22,2025,2025Q1,2025-01,futures,Binance Futures Will Launch USDⓈ-Margined VTHOUSDT Perpetual Contract With up to 75x Leverage
2025-01-22,2025,2025Q1,2025-01,launch_event,Introducing Animecoin (ANIME) on Binance HODLer Airdrops! Earn ANIME With Retroactive BNB Simple Earn Subscriptions
2025-01-23,2025,2025Q1,2025-01,ecosystem_add,"Binance Will Add Animecoin (ANIME) on Earn, Buy Crypto, Convert, Margin & Futures"
2025-01-24,2025,2025Q1,2025-01,futures,Binance Futures Will Launch USDⓈ-Margined VINEUSDT and PIPPINUSDT Perpetual Contracts With up to 25x Leverage
2025-01-29,2025,2025Q1,2025-01,futures,Binance Futures Will Launch USDⓈ-Margined VVVUSDT Perpetual Contract With up to 25x Leverage
2025-02-05,2025,2025Q1,2025-02,other,Notice on New Trading Bots Services on Binance Spot
2025-02-05,2025,2025Q1,2025-02,launch_event,Introducing Berachain (BERA) on Binance HODLer Airdrops! Earn BERA With Retroactive BNB Simple Earn Subscriptions
2025-02-06,2025,2025Q1,2025-02,ecosystem_add,"Binance Will Add Berachain (BERA) on Earn, Buy Crypto, Convert, Margin & Futures"
2025-02-09,2025,2025Q1,2025-02,spot,Binance Will List Cheems (1000CHEEMS) and Test (TST) with Seed Tag Applied
2025-02-09,2025,2025Q1,2025-02,ecosystem_add,"Binance Will Add Cheems (1000CHEEMS) and Test (TST) on Earn, Buy Crypto, Convert, Margin & Futures"
2025-02-11,2025,2025Q1,2025-02,trading_pairs,Notice on New Trading Pairs & Trading Bots Services on Binance Spot - 2025-02-12
2025-02-11,2025,2025Q1,2025-02,launch_event,Introducing Solayer (LAYER) on Binance HODLer Airdrops! Subscribe your BNB to Simple Earn
2025-02-11,2025,2025Q1,2025-02,ecosystem_add,"Binance Will Add Solayer (LAYER) on Earn, Buy Crypto, Convert, Margin & Futures"
2025-02-13,2025,2025Q1,2025-02,ecosystem_add,"Binance Will Add Heima (HEI) on Earn, Buy Crypto, Convert, Margin & Futures"
2025-02-13,2025,2025Q1,2025-02,futures,Binance Futures Will Launch USDⓈ-Margined B3USDT Perpetual Contract With up to 25x Leverage
2025-02-13,2025,2025Q1,2025-02,futures,Binance Futures Will Launch USDⓈ-Margined IPUSDT Perpetual Contract With up to 25x Leverage
2025-02-17,2025,2025Q1,2025-02,trading_pairs,Binance Adds New JPY Spot Trading Pairs and Launches Zero Maker Fee Promotion - 2025-02-20
2025-02-17,2025,2025Q1,2025-02,trading_pairs,Notice on New Trading Pairs & Trading Bots Services on Binance Spot - 2025-02-18
2025-02-17,2025,2025Q1,2025-02,futures,Binance Futures Will Launch USDⓈ-Margined GPSUSDT and SHELLUSDT Perpetual Contracts With up to 25x Leverage
2025-02-19,2025,2025Q1,2025-02,launch_event,Introducing KAITO (KAITO) on Binance HODLer Airdrops! Earn KAITO With Retroactive BNB Simple Earn Subscriptions
2025-02-20,2025,2025Q1,2025-02,spot_legacy,Binance Futures Copy Trading Adds New USDⓈ-M Perpetual Contracts (2025-02-20)
2025-02-20,2025,2025Q1,2025-02,ecosystem_add,"Binance Will Add KAITO (KAITO) on Earn, Buy Crypto, Convert, Margin & Futures"
2025-02-24,2025,2025Q1,2025-02,trading_pairs,Notice on New Trading Pairs & Trading Bots Services on Binance Spot - 2025-02-25
2025-02-25,2025,2025Q1,2025-02,launch_event,Introducing RedStone (RED) on Binance Launchpool and Price Cap Mechanism for Binance Pre-Market
2025-02-27,2025,2025Q1,2025-02,launch_event,Introducing MyShell (SHELL) on Binance HODLer Airdrops! Earn SHELL With Retroactive BNB Simple Earn Subscriptions
2025-02-27,2025,2025Q1,2025-02,ecosystem_add,"Binance Will Add MyShell (SHELL) on Earn, Buy Crypto, Convert & Margin"
2025-02-28,2025,2025Q1,2025-02,futures,Binance Futures Will Launch USDⓈ-Margined Multiple Perpetual Contracts With up to 25x Leverage
2025-03-04,2025,2025Q1,2025-03,other,Notice on New Trading Bots Services on Binance Spot - 2025-03-05
2025-03-04,2025,2025Q1,2025-03,launch_event,Introducing GoPlus Security (GPS) on Binance HODLer Airdrops! Earn GPS With Retroactive BNB Simple Earn Subscriptions
2025-03-04,2025,2025Q1,2025-03,ecosystem_add,"Binance Will Add GoPlus Security (GPS) on Earn, Buy Crypto, Convert & Margin"
2025-03-05,2025,2025Q1,2025-03,other,Binance Will End the RedStone (RED) Pre-Market and List RedStone (RED) with Seed Tag Applied
2025-03-06,2025,2025Q1,2025-03,other,Binance Will Continue to List RedStone (RED)
2025-03-06,2025,2025Q1,2025-03,ecosystem_add,"Binance Will Add RedStone (RED) on Earn, Buy Crypto, Convert, Margin & Futures"
2025-03-10,2025,2025Q1,2025-03,trading_pairs,Notice on New Trading Pairs & Trading Bots Services on Binance Spot - 2025-03-11
2025-03-12,2025,2025Q1,2025-03,trading_pairs,Notice on New Trading Pairs & Trading Bots Services on Binance Spot - 2025-03-13
2025-03-12,2025,2025Q1,2025-03,futures,Binance Futures Will Launch USDⓈ-Margined VICUSDT Perpetual Contract With Up To 75x Leverage
2025-03-13,2025,2025Q1,2025-03,ecosystem_add,"Binance Will Add Epic Chain (EPIC) on Earn, Buy Crypto, Convert, Margin & Futures"
2025-03-17,2025,2025Q1,2025-03,spot,Binance Will List StraitsX USD (XUSD) and Introduce XUSD Zero Trading Fee Promotion
2025-03-17,2025,2025Q1,2025-03,trading_pairs,Notice on New Trading Pairs & Trading Bots Services on Binance Spot - 2025-03-18
2025-03-17,2025,2025Q1,2025-03,futures,Binance Futures Will Launch USDⓈ-Margined BMTUSDT and MUBARAKUSDT Perpetual Contracts With up to 25x Leverage
2025-03-18,2025,2025Q1,2025-03,launch_event,Introducing Bubblemaps (BMT) on Binance HODLer Airdrops! Earn BMT With Retroactive BNB Simple Earn Subscriptions
2025-03-18,2025,2025Q1,2025-03,ecosystem_add,"Binance Will Add Bubblemaps (BMT) on Earn, Buy Crypto, Convert & Margin"
2025-03-19,2025,2025Q1,2025-03,trading_pairs,Notice on New Trading Pairs & Trading Bots Services on Binance Spot - 2025-03-20
2025-03-19,2025,2025Q1,2025-03,ecosystem_add,"Binance Will Add StraitsX USD (XUSD) and Four (FORM) on Earn, Buy Crypto, Margin, Convert & Futures"
2025-03-20,2025,2025Q1,2025-03,futures,Binance Futures Will Launch Multiple USDⓈ-Margined Perpetual Contracts With up to 25x Leverage
2025-03-20,2025,2025Q1,2025-03,launch_event,"Introducing Nillion (NIL) on Binance Launchpool! Farm NIL by Locking BNB, FDUSD, and USDC"
2025-03-21,2025,2025Q1,2025-03,futures,Binance Futures Will List USDⓈ-M & COIN-M Quarterly 0926 Delivery Contracts
2025-03-21,2025,2025Q1,2025-03,futures,Binance Futures Will Launch USDⓈ-Margined BRUSDT and PLUMEUSDT Perpetual Contracts With up to 25x Leverage
2025-03-24,2025,2025Q1,2025-03,trading_pairs,Notice on New Trading Pairs & Trading Bots Services on Binance Spot - 2025-03-25
2025-03-24,2025,2025Q1,2025-03,ecosystem_add,"Binance Will Add Nillion (NIL) on Earn, Buy Crypto, Convert, Margin & Futures"
2025-03-24,2025,2025Q1,2025-03,launch_event,Introducing  Particle Network (PARTI) on Binance HODLer Airdrops! Earn PARTI With Retroactive BNB Simple Earn Subscriptions
2025-03-25,2025,2025Q1,2025-03,ecosystem_add,"Binance Will Add Particle Network (PARTI) on Earn, Buy Crypto, Convert, Margin & Futures"
2025-03-26,2025,2025Q1,2025-03,futures,Binance Futures Will Launch USDⓈ-Margined JELLYJELLYUSDT and MAVIAUSDT Perpetual Contracts
2025-03-27,2025,2025Q1,2025-03,futures,Binance Futures Will Launch USDⓈ-Margined PAXGUSDT Perpetual Contract
2025-03-27,2025,2025Q1,2025-03,launch_event,"Introducing GUNZ (GUN) on Binance Launchpool! Farm GUN by Locking BNB, FDUSD and USDC"
2025-03-27,2025,2025Q1,2025-03,futures,Binance Futures Will Launch USDⓈ-Margined WALUSDT Perpetual Contract
2025-03-27,2025,2025Q1,2025-03,other,"Binance Announced the First Batch of Vote to List Results and Will List Mubarak (MUBARAK), CZ'S Dog (BROCCOLI714), Tutorial (TUT), and Banana For Scale (BANANAS31) With Seed Tags Applied"
2025-03-28,2025,2025Q1,2025-03,ecosystem_add,"Binance Adds Mubarak (MUBARAK), CZ'S Dog (BROCCOLI714), Tutorial (TUT), and Banana For Scale (BANANAS31) on Earn, Buy Crypto, Convert & Margin"
2025-03-31,2025,2025Q1,2025-03,futures,Binance Futures Will Launch USDⓈ-Margined FUNUSDT and MLNUSDT Perpetual Contracts
2025-03-31,2025,2025Q1,2025-03,ecosystem_add,"Binance Will Add GUNZ (GUN) on Earn, Buy Crypto, Convert, Margin & Futures"
2025-04-01,2025,2025Q2,2025-04,launch_event,Introducing KernelDAO (KERNEL) on Binance Megadrop! Lock Your BNB and Complete Web3 Quests for Airdrop
2025-04-02,2025,2025Q2,2025-04,trading_pairs,Notice on New Trading Pairs & Trading Bots Services on Binance Spot - 2025-04-03
2025-04-02,2025,2025Q2,2025-04,other,Binance Introduces the 2nd Batch of Vote to List Campaign
2025-04-02,2025,2025Q2,2025-04,futures,Binance Futures Will Launch USDⓈ-Margined ATHUSDT Perpetual Contract
2025-04-05,2025,2025Q2,2025-04,futures,Binance Futures Will Launch USDⓈ-Margined BABYUSDT Perpetual Contract Pre-Market Trading
2025-04-07,2025,2025Q2,2025-04,trading_pairs,Notice on New Trading Pairs & Trading Bots Services on Binance Spot - 2025-04-08
2025-04-08,2025,2025Q2,2025-04,launch_event,KernelDAO (KERNEL) Megadrop Is Now Open: Subscribe to BNB Locked Products or Complete Web3 Quests to Participate!
2025-04-08,2025,2025Q2,2025-04,futures,Binance Futures Will Launch USDⓈ-Margined FORTHUSDT Perpetual Contract
2025-04-09,2025,2025Q2,2025-04,launch_event,Introducing Babylon (BABY) on Binance HODLer Airdrops! Earn BABY With Retroactive BNB Simple Earn Subscriptions
2025-04-10,2025,2025Q2,2025-04,other,Babylon (BABY) Listing Will Be Postponed
2025-04-10,2025,2025Q2,2025-04,launch_event,"Introducing WalletConnect (WCT) on Binance Launchpool! Farm WCT by Locking BNB, FDUSD and USDC"
2025-04-10,2025,2025Q2,2025-04,ecosystem_add,"Binance Will Add Babylon (BABY) on Earn, Buy Crypto, Convert, Margin & Futures"
2025-04-11,2025,2025Q2,2025-04,futures,Binance Futures Will Launch USDⓈ-Margined PROMPTUSDT Perpetual Contract
2025-04-11,2025,2025Q2,2025-04,other,"Binance Announced the Second Batch of Vote to List Results and Will List Ondo (ONDO), Big Time (BIGTIME), and Virtuals Protocol (VIRTUAL) With Seed Tags Applied"
2025-04-11,2025,2025Q2,2025-04,futures,Binance Futures Will Launch USDⓈ-Margined XCNUSDT Perpetual Contract
2025-04-11,2025,2025Q2,2025-04,ecosystem_add,"Binance Adds Ondo (ONDO), Big Time (BIGTIME), and Virtuals Protocol (VIRTUAL) on Earn, Buy Crypto, Convert & Margin"
2025-04-14,2025,2025Q2,2025-04,trading_pairs,Notice on New Trading Pairs & Trading Bots Services on Binance Spot - 2025-04-15
2025-04-14,2025,2025Q2,2025-04,ecosystem_add,"Binance Will Add KernelDAO (KERNEL) on Earn, Buy Crypto, Convert, Margin & Futures"
2025-04-15,2025,2025Q2,2025-04,ecosystem_add,"Binance Will Add WalletConnect (WCT) on Earn, Buy Crypto, Convert, Margin & Futures"
2025-04-16,2025,2025Q2,2025-04,futures,Binance Futures Will Launch USDⓈ-Margined INITUSDT Perpetual Contract Pre-Market Trading
2025-04-16,2025,2025Q2,2025-04,futures,Binance Futures Will Launch USDⓈ-Margined AERGOUSDT Perpetual Contract
2025-04-17,2025,2025Q2,2025-04,launch_event,"Introducing Initia (INIT) on Binance Launchpool! Farm INIT by Locking BNB, FDUSD and USDC"
2025-04-18,2025,2025Q2,2025-04,other,Balance (EPT) Will Be Available on Binance Alpha and Binance Futures
2025-04-18,2025,2025Q2,2025-04,futures,Binance Futures Will Launch USDⓈ-Margined BANKUSDT Perpetual Contract
2025-04-21,2025,2025Q2,2025-04,trading_pairs,Notice on New Trading Pairs & Trading Bots Services on Binance Spot - 2025-04-22
2025-04-21,2025,2025Q2,2025-04,launch_event,Introducing Hyperlane (HYPER) on Binance HODLer Airdrops! Earn HYPER With Retroactive BNB Simple Earn Subscriptions
2025-04-22,2025,2025Q2,2025-04,futures,Binance Futures Will Launch USDⓈ-Margined DEEPUSDT Perpetual Contract
2025-04-22,2025,2025Q2,2025-04,ecosystem_add,"Binance Will Add Hyperlane (HYPER) on Earn, Buy Crypto, Convert, Margin & Futures"
2025-04-24,2025,2025Q2,2025-04,ecosystem_add,"Binance Will Add Initia (INIT) on Earn, Buy Crypto, Convert, Margin & Futures"
2025-04-25,2025,2025Q2,2025-04,futures,Binance Futures Will Launch USDⓈ-Margined MEMEFIUSDT and FISUSDT Perpetual Contracts
2025-04-25,2025,2025Q2,2025-04,launch_event,Introducing Sign (SIGN) on Binance HODLer Airdrops! Earn SIGN With Retroactive BNB Simple Earn Subscriptions
2025-04-28,2025,2025Q2,2025-04,other,Notice on New Trading Bots Services on Binance Spot - 2025-04-29
2025-04-28,2025,2025Q2,2025-04,futures,Binance Futures Will Launch USDⓈ-Margined JSTUSDT Perpetual Contract
2025-04-28,2025,2025Q2,2025-04,ecosystem_add,"Binance Will Add Sign (SIGN) on Earn, Buy Crypto, Convert, Margin & Futures"
2025-04-30,2025,2025Q2,2025-04,futures,Binance Futures Will Launch USDⓈ-Margined PUNDIXUSDT and CTKUSDT Perpetual Contracts
2025-04-30,2025,2025Q2,2025-04,futures,"Binance Futures Will Launch USDⓈ-Margined AIOTUSDT, DOLOUSDT and HAEDALUSDT Perpetual Contracts"
2025-05-02,2025,2025Q2,2025-05,futures,Binance Futures Will Launch USDⓈ-Margined SXTUSDT Perpetual Contract Pre-Market Trading
2025-05-02,2025,2025Q2,2025-05,launch_event,Introducing StakeStone (STO) on Binance HODLer Airdrops! Earn STO With Retroactive BNB Simple Earn Subscriptions
2025-05-02,2025,2025Q2,2025-05,ecosystem_add,"Binance Will Add StakeStone (STO) on Earn, Buy Crypto, Convert & Margin"
2025-05-03,2025,2025Q2,2025-05,other,Obol (OBOL) Will Be Available on Binance Alpha and Binance Futures
2025-05-05,2025,2025Q2,2025-05,trading_pairs,Notice on New Trading Pairs & Trading Bots Services on Binance Spot - 2025-05-06
2025-05-05,2025,2025Q2,2025-05,launch_event,"Introducing Space and Time (SXT) on Binance Launchpool! Farm SXT by Locking BNB, FDUSD and USDC"
2025-05-06,2025,2025Q2,2025-05,futures,Binance Futures Will Launch USDⓈ-Margined ASRUSDT and ALPINEUSDT Perpetual Contracts
2025-05-06,2025,2025Q2,2025-05,futures,Binance Futures Will Launch USDⓈ-Margined B2USDT and MILKUSDT Perpetual Contracts
2025-05-06,2025,2025Q2,2025-05,spot,Binance Will List Maple Finance (SYRUP) and Kamino Finance (KMNO) with Seed Tag Applied
2025-05-06,2025,2025Q2,2025-05,ecosystem_add,"Binance Will Add Maple Finance (SYRUP) and Kamino Finance (KMNO) on Earn, Buy Crypto, Convert, Margin & Futures"
2025-05-07,2025,2025Q2,2025-05,other,Doodles (DOOD) Will Be Available on Binance Alpha and Binance Futures
2025-05-08,2025,2025Q2,2025-05,ecosystem_add,"Binance Will Add Space and Time (SXT) on Earn, Buy Crypto, Convert, Margin & Futures"
2025-05-09,2025,2025Q2,2025-05,spot,Doodles (DOOD) Will Open for Trading on Binance Alpha and Binance Futures
2025-05-13,2025,2025Q2,2025-05,trading_pairs,Notice on New Trading Pairs & Trading Bots Services on Binance Spot - 2025-05-14
2025-05-13,2025,2025Q2,2025-05,futures,Binance Futures Will Launch USDⓈ-Margined ZKJUSDT and SKYAIUSDT Perpetual Contracts
2025-05-14,2025,2025Q2,2025-05,other,NEXPACE (NXPC) Will Be Available on Binance Alpha and Binance Futures
2025-05-15,2025,2025Q2,2025-05,launch_event,Introducing Nexpace (NXPC) on Binance HODLer Airdrops! Earn NXPC With Retroactive BNB Simple Earn Subscriptions
2025-05-15,2025,2025Q2,2025-05,ecosystem_add,"Binance Will Add Nexpace (NXPC) on Earn, Buy Crypto, Convert & Margin"
2025-05-16,2025,2025Q2,2025-05,futures,Binance Futures Will Launch USDⓈ-Margined CVCUSDT Perpetual Contract
2025-05-20,2025,2025Q2,2025-05,futures,Binance Futures Will Launch USDⓈ-Margined AGTUSDT Perpetual Contract
2025-05-21,2025,2025Q2,2025-05,ecosystem_add,"Binance Will Add AWE Network (AWE) on Earn, Buy Crypto, Convert, Margin & Futures"
2025-05-21,2025,2025Q2,2025-05,launch_event,Introducing Haedal Protocol (HAEDAL) on Binance HODLer Airdrops! Earn HAEDAL With Retroactive BNB Simple Earn Subscriptions
2025-05-21,2025,2025Q2,2025-05,ecosystem_add,"Binance Will Add Haedal Protocol (HAEDAL) on Earn, Buy Crypto, Convert & Margin"
2025-05-22,2025,2025Q2,2025-05,spot,Binance Will List World Liberty Financial USD (USD1)
2025-05-22,2025,2025Q2,2025-05,launch_event,"Introducing Huma Finance (HUMA) on Binance Launchpool! Farm HUMA by Locking BNB, FDUSD, and USDC"
2025-05-22,2025,2025Q2,2025-05,ecosystem_add,"Binance Will Add World Liberty Financial USD (USD1) on Earn, Buy Crypto, Convert & Margin"
2025-05-22,2025,2025Q2,2025-05,futures,Binance Futures Will Launch USDⓈ-Margined BUSDT Perpetual Contract
2025-05-23,2025,2025Q2,2025-05,futures,Binance Futures Will Launch USDⓈ-Margined SOONUSDT Perpetual Contract
2025-05-23,2025,2025Q2,2025-05,other,Sophon (SOPH) Will Be Available on Binance Alpha and Binance Futures
2025-05-26,2025,2025Q2,2025-05,other,Notice on New Trading Bots Services on Binance Spot - 2025-05-27
2025-05-26,2025,2025Q2,2025-05,ecosystem_add,"Binance Will Add Huma Finance (HUMA) on Earn, Buy Crypto, Convert, Margin & Futures"
2025-05-28,2025,2025Q2,2025-05,launch_event,Introducing Sophon (SOPH) on Binance HODLer Airdrops! Earn SOPH With Retroactive BNB Simple Earn Subscriptions
2025-05-28,2025,2025Q2,2025-05,ecosystem_add,"Binance Will Add Vaulta (A) on Earn, Buy Crypto, Convert, Margin & Futures"
2025-05-28,2025,2025Q2,2025-05,futures,Binance Futures Will Launch USDⓈ-Margined MERLUSDT Perpetual Contract
2025-05-28,2025,2025Q2,2025-05,ecosystem_add,"Binance Will Add Sophon (SOPH) on Earn, Buy Crypto, Convert & Margin"
2025-05-30,2025,2025Q2,2025-05,futures,Binance Futures Will Launch USDⓈ-Margined HYPEUSDT Perpetual Contract
2025-05-30,2025,2025Q2,2025-05,other,Bondex (BDXN) Will Be Available on Binance Alpha and Binance Futures
2025-06-02,2025,2025Q2,2025-06,trading_pairs,Notice on New Trading Pairs & Trading Bots Services on Binance Spot - 2025-06-03
2025-06-03,2025,2025Q2,2025-06,futures,Binance Futures Will Launch USDⓈ-Margined PUFFERUSDT and PORT3USDT Perpetual Contracts
2025-06-04,2025,2025Q2,2025-06,other,Resolv (RESOLV) Will Be Available on Binance Alpha and Binance Futures (2025-06-10)
2025-06-04,2025,2025Q2,2025-06,futures,Binance Futures Will Launch USDⓈ-Margined 1000000BOBUSDT Perpetual Contract (2025-06-05)
2025-06-05,2025,2025Q2,2025-06,futures,Binance Futures Will Launch USDⓈ-Margined LAUSDT Perpetual Contract (2025-06-05)
2025-06-06,2025,2025Q2,2025-06,trading_pairs,Binance Adds New JPY Spot Trading Pairs and Launches Zero Maker Fee Promotion - 2025-06-11
2025-06-06,2025,2025Q2,2025-06,other,Skate (SKATE) Will Be Available on Binance Alpha and Binance Futures (2025-06-09)
2025-06-09,2025,2025Q2,2025-06,other,Defi App (HOME) Will Be Available on Binance Alpha and Binance Futures (2025-06-10)
2025-06-11,2025,2025Q2,2025-06,futures,Binance Futures Will Launch USDⓈ-Margined TAIKOUSDT and SQDUSDT Perpetual Contracts (2025-06-11)
2025-06-11,2025,2025Q2,2025-06,launch_event,Introducing Resolv (RESOLV) on Binance HODLer Airdrops! Earn RESOLV With Retroactive BNB Simple Earn Subscriptions
2025-06-11,2025,2025Q2,2025-06,ecosystem_add,"Binance Will Add Resolv (RESOLV) on Earn, Buy Crypto, Convert & Margin"
2025-06-12,2025,2025Q2,2025-06,launch_event,Introducing Defi App (HOME) on Binance HODLer Airdrops! Earn HOME With Retroactive BNB Simple Earn Subscriptions
2025-06-12,2025,2025Q2,2025-06,ecosystem_add,"Binance Will Add Defi App (HOME) on Earn, Buy Crypto, Convert & Margin"
2025-06-16,2025,2025Q2,2025-06,futures,Binance Futures Will Launch USDⓈ-Margined AAVEUSDC and UNIUSDC Perpetual Contracts (2025-06-16)
2025-06-16,2025,2025Q2,2025-06,trading_pairs,Notice on New Trading Pairs & Trading Bots Services on Binance Spot - 2025-06-17
2025-06-16,2025,2025Q2,2025-06,launch_event,Introducing Spark (SPK) on Binance HODLer Airdrops! Earn SPK With Retroactive BNB Simple Earn Subscriptions
2025-06-17,2025,2025Q2,2025-06,ecosystem_add,"Binance Will Add Spark (SPK) on Earn, Buy Crypto, Convert, Margin & Futures"
2025-06-18,2025,2025Q2,2025-06,futures,Binance Futures Will Launch USDⓈ-Margined MYXUSDT and FUSDT Perpetual Contracts (2025-06-18)
2025-06-19,2025,2025Q2,2025-06,futures,Binance Futures Will Launch USDⓈ-Margined NEWTUSDT Perpetual Contract Pre-Market Trading
2025-06-20,2025,2025Q2,2025-06,futures,Binance Futures Will List USDⓈ-M & COIN-M Quarterly 1226 Delivery Contracts
2025-06-21,2025,2025Q2,2025-06,other,DeLorean (DMC) Will Be Available on Binance Alpha and Binance Futures (2025-06-24)
2025-06-22,2025,2025Q2,2025-06,other,Humanity Protocol (H) Will Be Available on Binance Alpha and Binance Futures (2025-06-25)
2025-06-23,2025,2025Q2,2025-06,trading_pairs,Binance Adds New JPY Spot Trading Pairs and Launches Zero Maker Fee Promotion - 2025-06-25
2025-06-23,2025,2025Q2,2025-06,launch_event,Introducing Newton Protocol (NEWT) on Binance HODLer Airdrops! Earn NEWT With Retroactive BNB Simple Earn Subscriptions
2025-06-24,2025,2025Q2,2025-06,ecosystem_add,"Binance Will Add Newton Protocol (NEWT) on Earn, Buy Crypto, Convert, Margin & Futures"
2025-06-24,2025,2025Q2,2025-06,launch_event,Introducing Sahara AI (SAHARA) on Binance HODLer Airdrops! Earn SAHARA With Retroactive BNB Simple Earn Subscriptions
2025-06-25,2025,2025Q2,2025-06,futures,Binance Futures Will Launch USDⓈ-Margined OLUSDT Perpetual Contract (2025-06-25)
2025-06-26,2025,2025Q2,2025-06,ecosystem_add,"Binance Will Add Sahara AI (SAHARA) on Earn, Buy Crypto, Convert, Margin & Futures"
2025-06-30,2025,2025Q2,2025-06,trading_pairs,Notice on New Trading Pairs & Trading Bots Services on Binance Spot - 2025-07-01
2025-07-02,2025,2025Q3,2025-07,other,Impossible Cloud Network (ICNT) Will Be Available on Binance Alpha and Binance Futures (2025-07-03)
2025-07-04,2025,2025Q3,2025-07,futures,Binance Futures Will Launch USDⓈ-Margined BULLAUSDT and IDOLUSDT Perpetual Contracts (2025-07-04)
2025-07-07,2025,2025Q3,2025-07,trading_pairs,Binance Adds New JPY Spot Trading Pairs and Launches Zero Maker Fee Promotion - 2025-07-10
2025-07-07,2025,2025Q3,2025-07,futures,Binance Futures Will Launch USDⓈ-Margined MUSDT Perpetual Contract (2025-07-07)
2025-07-08,2025,2025Q3,2025-07,other,Tanssi Network (TANSSI) Will Be Available on Binance Alpha and Binance Futures (2025-07-09)
2025-07-09,2025,2025Q3,2025-07,launch_event,Introducing Lagrange (LA) on Binance HODLer Airdrops! Earn LA With Retroactive BNB Simple Earn Subscriptions
2025-07-09,2025,2025Q3,2025-07,futures,Binance Futures Will Launch USDⓈ-Margined PUMPUSDT Perpetual Contract Pre-Market Trading (2025-07-10)
2025-07-09,2025,2025Q3,2025-07,ecosystem_add,"Binance Will Add Lagrange (LA) on Earn, Buy Crypto, Convert & Margin"
2025-07-10,2025,2025Q3,2025-07,futures,Binance Futures Will Launch USDⓈ-Margined CROSSUSDT and AINUSDT Perpetual Contracts (2025-07-10)
2025-07-14,2025,2025Q3,2025-07,trading_pairs,Notice on New Trading Pairs & Trading Bots Services on Binance Spot - 2025-07-15
2025-07-14,2025,2025Q3,2025-07,other,TAC (TAC) Will Be Available on Binance Alpha and Binance Futures (2025-07-15)
2025-07-15,2025,2025Q3,2025-07,futures,Binance Futures Will Launch USDⓈ-Margined CUSDT and VELVETUSDT Perpetual Contracts (2025-07-15)
2025-07-16,2025,2025Q3,2025-07,launch_event,Introducing Caldera (ERA) on Binance HODLer Airdrops! Earn ERA With Retroactive BNB Simple Earn Subscriptions
2025-07-17,2025,2025Q3,2025-07,ecosystem_add,"Binance Will Add Caldera (ERA) on Earn, Buy Crypto, Convert, Margin & Futures"
2025-07-18,2025,2025Q3,2025-07,other,Trusta.AI (TA) Will Be Available on Binance Alpha and Binance Futures (2025-07-21)
2025-07-18,2025,2025Q3,2025-07,launch_event,Introducing Chainbase (C) on Binance HODLer Airdrops! Earn C With Retroactive BNB Simple Earn Subscriptions
2025-07-18,2025,2025Q3,2025-07,ecosystem_add,"Binance Will Add Chainbase (C) on Earn, Buy Crypto, Convert & Margin"
2025-07-21,2025,2025Q3,2025-07,trading_pairs,Notice on New Trading Pairs & Trading Bots Services on Binance Spot - 2025-07-22
2025-07-23,2025,2025Q3,2025-07,futures,"Binance Futures Will Launch USDⓈ-Margined PENGUUSDC, CVXUSDT and SLPUSDT Perpetual Contracts (2025-07-23)"
2025-07-25,2025,2025Q3,2025-07,futures,Binance Futures Will Launch USDⓈ-Margined ZORAUSDT and TAGUSDT Perpetual Contracts (2025-07-25)
2025-07-28,2025,2025Q3,2025-07,trading_pairs,Notice on New Trading Pairs & Trading Bots Services on Binance Spot - 2025-07-29
2025-07-28,2025,2025Q3,2025-07,other,Naoris Protocol (NAORIS) Will Be Available on Binance Alpha and Binance Futures (2025-07-31)
2025-07-28,2025,2025Q3,2025-07,launch_event,Introducing Treehouse (TREE) on Binance HODLer Airdrops! Earn TREE With Retroactive BNB Simple Earn Subscriptions
2025-07-29,2025,2025Q3,2025-07,futures,Binance Futures Will Launch USDⓈ-Margined ZRCUSDT and ESPORTSUSDT Perpetual Contracts (2025-07-29)
2025-07-29,2025,2025Q3,2025-07,other,PlaysOut (PLAY) Will Be Available on Binance Alpha and Binance Futures (2025-07-31)
2025-07-29,2025,2025Q3,2025-07,ecosystem_add,"Binance Will Add Treehouse (TREE) on Earn, Buy Crypto, Convert, Margin & Futures"
2025-07-30,2025,2025Q3,2025-07,ecosystem_add,"Binance Will Add Arena-Z (A2Z) on Earn, Buy Crypto, Convert, Margin & Futures"
2025-08-04,2025,2025Q3,2025-08,launch_event,Introducing Towns (TOWNS) on Binance HODLer Airdrops! Earn TOWNS With Retroactive BNB Simple Earn Subscriptions
2025-08-05,2025,2025Q3,2025-08,launch_event,Introducing Succinct (PROVE) on Binance HODLer Airdrops! Earn PROVE With Retroactive BNB Simple Earn Subscriptions
2025-08-05,2025,2025Q3,2025-08,other,INFINIT (IN) Will Be Available on Binance Alpha and Binance Futures (2025-08-07)
2025-08-05,2025,2025Q3,2025-08,futures,Binance Futures Will Launch USDⓈ-Margined ALL Composite Index Perpetual Contract with Up to 75x Leverage (2025-08-06)
2025-08-05,2025,2025Q3,2025-08,ecosystem_add,"Binance Will Add Towns (TOWNS) and Succinct (PROVE) on Earn, Buy Crypto, Convert, Margin & Futures"
2025-08-07,2025,2025Q3,2025-08,futures,Binance Futures Will Launch USDⓈ-Margined YALAUSDT and CARVUSDT Perpetual Contracts (2025-08-07)
2025-08-11,2025,2025Q3,2025-08,trading_pairs,Notice on New Trading Pairs & Trading Bots Services on Binance Spot - 2025-08-12
2025-08-13,2025,2025Q3,2025-08,spot,Binance Will List BFUSD and Introduce BFUSD Zero Trading Fee Promotion
2025-08-13,2025,2025Q3,2025-08,futures,Binance Futures Will Launch USDⓈ-Margined AIOUSDT and XNYUSDT Perpetual Contracts (2025-08-13)
2025-08-13,2025,2025Q3,2025-08,ecosystem_add,"Binance Will Add BFUSD on Buy Crypto, Convert & Margin"
2025-08-15,2025,2025Q3,2025-08,futures,Binance Futures Will Launch USDⓈ-Margined USELESSUSDT Perpetual Contract (2025-08-15)
2025-08-15,2025,2025Q3,2025-08,other,Reservoir (DAM) Will Be Available on Binance Alpha and Binance Futures (2025-08-18)
2025-08-18,2025,2025Q3,2025-08,trading_pairs,Notice on New Trading Pairs & Trading Bots Services on Binance Spot - 2025-08-19
2025-08-18,2025,2025Q3,2025-08,launch_event,Introducing Plume (PLUME) on Binance HODLer Airdrops! Earn PLUME With Retroactive BNB Simple Earn Subscriptions
2025-08-18,2025,2025Q3,2025-08,ecosystem_add,"Binance Will Add Plume (PLUME) on Earn, Buy Crypto, Convert & Margin"
2025-08-20,2025,2025Q3,2025-08,other,Sapien (SAPIEN) Will Be Available on Binance Alpha and Binance Futures (2025-08-20)
2025-08-20,2025,2025Q3,2025-08,futures,Binance Futures Will Launch USDⓈ-Margined CUDISUSDT Perpetual Contract (2025-08-20)
2025-08-22,2025,2025Q3,2025-08,futures,Binance Futures Will Launch USDⓈ-Margined XPLUSDT Perpetual Contract Pre-Market Trading (2025-08-22)
2025-08-23,2025,2025Q3,2025-08,futures,Binance Futures Will Launch USDⓈ-Margined WLFIUSDT Perpetual Contract Pre-Market Trading (2025-08-23)
2025-08-25,2025,2025Q3,2025-08,other,Bitlayer (BTR) Will Be Available on Binance Alpha and Binance Futures (2025-08-27)
2025-08-25,2025,2025Q3,2025-08,futures,Binance Futures Will Launch USDⓈ-Margined BIOUSDC Perpetual Contract (2025-08-25)
2025-08-25,2025,2025Q3,2025-08,trading_pairs,Notice on New Trading Pairs & Trading Bots Services on Binance Spot - 2025-08-26
2025-08-25,2025,2025Q3,2025-08,futures,Binance Futures Will Launch USDⓈ-Margined SOMIUSDT Perpetual Contract Pre-Market Trading (2025-08-25)
2025-08-26,2025,2025Q3,2025-08,other,Mitosis (MITO) Will Be Available on Binance Alpha and Binance Futures (2025-08-28)
2025-08-26,2025,2025Q3,2025-08,futures,Binance Futures Will Launch USDⓈ-Margined BASUSDT Perpetual Contract (2025-08-26)
2025-08-27,2025,2025Q3,2025-08,launch_event,Introducing Dolomite (DOLO) on Binance HODLer Airdrops! Earn DOLO With Retroactive BNB Simple Earn Subscriptions
2025-08-27,2025,2025Q3,2025-08,other,Hemi (HEMI) Will Be Available on Binance Alpha and Binance Futures (2025-08-29)
2025-08-27,2025,2025Q3,2025-08,ecosystem_add,"Binance Will Add Dolomite (DOLO) on Earn, Buy Crypto, Convert & Margin"
2025-08-29,2025,2025Q3,2025-08,launch_event,Introducing Mitosis (MITO) on Binance HODLer Airdrops! Earn MITO With Retroactive BNB Simple Earn Subscriptions
2025-08-29,2025,2025Q3,2025-08,other,Portal to Bitcoin (PTB) Will Be Available on Binance Alpha and Binance Futures (2025-09-03)
2025-08-29,2025,2025Q3,2025-08,ecosystem_add,"Binance Will Add Mitosis (MITO) on Earn, Buy Crypto, Convert & Margin"
2025-08-30,2025,2025Q3,2025-08,other,Quack AI (Q) Will Be Available on Binance Alpha and Binance Futures (2025-09-02)
2025-09-01,2025,2025Q3,2025-09,spot,Binance Will List  World Liberty Financial (WLFI) with Seed Tag Applied
2025-09-01,2025,2025Q3,2025-09,futures,Binance Futures Will Launch USDⓈ-Margined LINEAUSDT Perpetual Contract Pre-Market Trading (2025-09-01)
2025-09-01,2025,2025Q3,2025-09,trading_pairs,Notice on New Trading Pairs & Trading Bots Services on Binance Spot - 2025-09-02
2025-09-01,2025,2025Q3,2025-09,launch_event,Introducing Somnia (SOMI) on Binance HODLer Airdrops! Earn SOMI With Retroactive BNB Simple Earn Subscriptions
2025-09-01,2025,2025Q3,2025-09,ecosystem_add,"Binance Will Add World Liberty Financial (WLFI) on Earn, Buy Crypto, Convert, Margin & Futures"
2025-09-02,2025,2025Q3,2025-09,trading_pairs,Notice on New Trading Pairs & Trading Bots Services on Binance Spot - 2025-09-03
2025-09-02,2025,2025Q3,2025-09,ecosystem_add,"Binance Will Add Somnia (SOMI) on Earn, Buy Crypto, Convert, Margin & Futures"
2025-09-03,2025,2025Q3,2025-09,futures,Binance Futures Will Launch USDⓈ-Margined ARIAUSDT and TAKEUSDT Perpetual Contracts (2025-09-03)
2025-09-05,2025,2025Q3,2025-09,launch_event,Introducing OpenLedger (OPEN) on Binance HODLer Airdrops! Earn OPEN With Retroactive BNB Simple Earn Subscriptions
2025-09-07,2025,2025Q3,2025-09,other,Avantis (AVNT) Will Be Available on Binance Alpha and Binance Futures (2025-09-09)
2025-09-08,2025,2025Q3,2025-09,futures,Binance Futures Will Launch USDⓈ-Margined WLFIUSDC Perpetual Contract (2025-09-08)
2025-09-08,2025,2025Q3,2025-09,ecosystem_add,"Binance Will Add OpenLedger (OPEN) on Earn, Buy Crypto, Convert, Margin & Futures"
2025-09-08,2025,2025Q3,2025-09,launch_event,Introducing Linea (LINEA) on Binance HODLer Airdrops! Earn LINEA With Retroactive BNB Simple Earn Subscriptions
2025-09-09,2025,2025Q3,2025-09,futures,Binance Futures Will Launch USDⓈ-Margined FLOCKUSDT and SKYUSDT Perpetual Contracts (2025-09-09)
2025-09-09,2025,2025Q3,2025-09,spot,Binance Will List Ethena USDe (USDE)
2025-09-09,2025,2025Q3,2025-09,ecosystem_add,"Binance Will Add USDe (USDE) on Buy Crypto, Convert & Margin"
2025-09-10,2025,2025Q3,2025-09,launch_event,Introducing Holoworld AI (HOLO) on Binance HODLer Airdrops! Earn HOLO With Retroactive BNB Simple Earn Subscriptions
2025-09-10,2025,2025Q3,2025-09,other,Unibase (UB) Will Be Available on Binance Alpha and Binance Futures (2025-09-12)
2025-09-10,2025,2025Q3,2025-09,ecosystem_add,"Binance Will Add Linea (LINEA) on Earn, Buy Crypto, Convert, Margin & Futures"
2025-09-11,2025,2025Q3,2025-09,ecosystem_add,"Binance Will Add Holoworld AI (HOLO) on Earn, Buy Crypto, Convert, Margin & Futures"
2025-09-11,2025,2025Q3,2025-09,spot,Binance Will List Pump.fun (PUMP) with Seed Tag Applied
2025-09-11,2025,2025Q3,2025-09,ecosystem_add,"Binance Will Add Pump.fun (PUMP) on Earn, Buy Crypto, Convert & Margin"
2025-09-11,2025,2025Q3,2025-09,trading_pairs,Notice on New Trading Pairs & Trading Bots Services on Binance Spot - 2025-09-12
2025-09-12,2025,2025Q3,2025-09,futures,Binance Futures Will Launch USDⓈ-Margined XPINUSDT Perpetual Contract (2025-09-12)
2025-09-12,2025,2025Q3,2025-09,launch_event,Introducing Boundless (ZKC) on Binance HODLer Airdrops! Earn ZKC With Retroactive BNB Simple Earn Subscriptions
2025-09-15,2025,2025Q3,2025-09,spot,Binance Will List Avantis (AVNT) with Seed Tag Applied
2025-09-15,2025,2025Q3,2025-09,ecosystem_add,"Binance Will Add Avantis (AVNT) on Earn, Buy Crypto, Convert & Margin"
2025-09-15,2025,2025Q3,2025-09,ecosystem_add,"Binance Will Add Boundless (ZKC) on Earn, Buy Crypto, Convert, Margin & Futures"
2025-09-16,2025,2025Q3,2025-09,other,DeAgent AI (AIA) Will Be Available on Binance Alpha and Binance Futures (2025-09-18)
2025-09-17,2025,2025Q3,2025-09,futures,Binance Futures Will Launch USDⓈ-Margined TOSHIUSDT and STBLUSDT Perpetual Contracts (2025-09-17)
2025-09-17,2025,2025Q3,2025-09,ecosystem_add,"Binance Will Add Sky (SKY) on Earn, Buy Crypto, Convert & Margin"
2025-09-17,2025,2025Q3,2025-09,launch_event,Introducing Lombard (BARD) on Binance HODLer Airdrops! Earn BARD With Retroactive BNB Simple Earn Subscriptions
2025-09-17,2025,2025Q3,2025-09,futures,Binance Futures Will Launch USDⓈ-Margined 0GUSDT Perpetual Contract Pre-Market Trading (2025-09-17)
2025-09-18,2025,2025Q3,2025-09,ecosystem_add,"Binance Will Add Lombard (BARD) on Earn, Buy Crypto, Convert, Margin & Futures"
2025-09-19,2025,2025Q3,2025-09,futures,Binance Futures Will List USDⓈ-M & COIN-M Quarterly 0327 Delivery Contracts
2025-09-19,2025,2025Q3,2025-09,futures,Binance Futures Will Launch USDⓈ-Margined ASTERUSDT and TRADOORUSDT Perpetual Contracts (2025-09-19)
2025-09-21,2025,2025Q3,2025-09,other,Bless (BLESS) Will Be Available on Binance Alpha and Binance Futures (2025-09-23)
2025-09-21,2025,2025Q3,2025-09,launch_event,Introducing 0G (0G) on Binance HODLer Airdrops! Earn 0G With Retroactive BNB Simple Earn Subscriptions
2025-09-22,2025,2025Q3,2025-09,trading_pairs,Notice on New Trading Pairs & Trading Bots Services on Binance Spot - 2025-09-23
2025-09-22,2025,2025Q3,2025-09,ecosystem_add,"Binance Will Add 0G (0G) on Earn, Buy Crypto, Convert, Margin & Futures"
2025-09-22,2025,2025Q3,2025-09,other,Anoma (XAN) Will Be Available on Binance Alpha and Binance Futures (2025-09-23)
2025-09-23,2025,2025Q3,2025-09,launch_event,Introducing Hemi (HEMI) on Binance HODLer Airdrops! Earn HEMI With Retroactive BNB Simple Earn Subscriptions
2025-09-23,2025,2025Q3,2025-09,other,ChainOpera AI (COAI) Will Be Available on Binance Alpha and Binance Futures (2025-09-25)
2025-09-23,2025,2025Q3,2025-09,ecosystem_add,"Binance Will Add Hemi (HEMI) on Earn, Buy Crypto, Convert & Margin"
2025-09-24,2025,2025Q3,2025-09,other,Hana Network (HANA) Will Be Available on Binance Alpha and Binance Futures (2025-09-26)
2025-09-24,2025,2025Q3,2025-09,launch_event,Introducing Plasma (XPL) on Binance HODLer Airdrops! Earn XPL With Retroactive BNB Simple Earn Subscriptions
2025-09-24,2025,2025Q3,2025-09,futures,Binance Futures Will Launch USDⓈ-Margined FLUIDUSDT Perpetual Contract (2025-09-24)
2025-09-25,2025,2025Q3,2025-09,other,Bitlight (LIGHT) Will Be Available on Binance Alpha and Binance Futures (2025-09-27)
2025-09-25,2025,2025Q3,2025-09,launch_event,Introducing Mira (MIRA) on Binance HODLer Airdrops! Earn MIRA With Retroactive BNB Simple Earn Subscriptions
2025-09-25,2025,2025Q3,2025-09,ecosystem_add,"Binance Will Add Plasma (XPL) on Earn, Buy Crypto, Convert, Margin & Futures"
2025-09-26,2025,2025Q3,2025-09,launch_event,Introducing Falcon Finance (FF) on Binance HODLer Airdrops! Earn FF With Retroactive BNB Simple Earn Subscriptions
2025-09-26,2025,2025Q3,2025-09,futures,Binance Futures Will Launch USDⓈ-Margined AKEUSDT and ORDERUSDT Perpetual Contracts (2025-09-26)
2025-09-26,2025,2025Q3,2025-09,ecosystem_add,"Binance Will Add Mira (MIRA) on Earn, Buy Crypto, Convert, Margin & Futures"
2025-09-28,2025,2025Q3,2025-09,other,zkVerify (VFY) Will Be Available on Binance Alpha and Binance Futures (2025-09-30)
2025-09-29,2025,2025Q3,2025-09,other,Swarm Network (TRUTH) Will Be Available on Binance Alpha and Binance Futures (2025-10-01)
2025-09-29,2025,2025Q3,2025-09,trading_pairs,Notice on New Trading Pairs & Trading Bots Services on Binance Spot - 2025-09-30
2025-09-29,2025,2025Q3,2025-09,launch_event,Introducing OpenEden (EDEN) on Binance HODLer Airdrops! Earn EDEN With Retroactive BNB Simple Earn Subscriptions
2025-09-29,2025,2025Q3,2025-09,ecosystem_add,"Binance Will Add Falcon Finance (FF) on Earn, Buy Crypto, Convert, Margin & Futures"
2025-09-30,2025,2025Q3,2025-09,other,DoubleZero (2Z) Will Be Available on Binance Alpha and Binance Futures (2025-10-02)
2025-09-30,2025,2025Q3,2025-09,ecosystem_add,"Binance Will Add OpenEden (EDEN) on Earn, Buy Crypto, Convert, Margin & Futures"
2025-10-01,2025,2025Q4,2025-10,trading_pairs,Binance Adds New JPY Spot Trading Pair and Launches Zero Maker Fee Promotion - 2025-10-03
2025-10-01,2025,2025Q4,2025-10,other,EVAA (EVAA) Will Be Available on Binance Alpha and Binance Futures (2025-10-03)
2025-10-01,2025,2025Q4,2025-10,ecosystem_add,"Binance Will Add Nomina (NOM) on Earn, Buy Crypto, Convert, Margin & Futures"
2025-10-02,2025,2025Q4,2025-10,launch_event,Introducing DoubleZero (2Z) on Binance HODLer Airdrops! Earn 2Z With Retroactive BNB Simple Earn Subscriptions
2025-10-02,2025,2025Q4,2025-10,ecosystem_add,"Binance Will Add DoubleZero (2Z) on Earn, Buy Crypto, Convert & Margin"
2025-10-03,2025,2025Q4,2025-10,launch_event,Introducing Morpho (MORPHO) on Binance HODLer Airdrops! Earn MORPHO With Retroactive BNB Simple Earn Subscriptions
2025-10-03,2025,2025Q4,2025-10,ecosystem_add,"Binance Will Add Morpho (MORPHO) on Earn, Buy Crypto, Convert & Margin"
2025-10-04,2025,2025Q4,2025-10,other,Everlyn AI (LYN) Will Be Available on Binance Alpha and Binance Futures (2025-10-06)
2025-10-05,2025,2025Q4,2025-10,other,KGeN (KGEN) Will Be Available on Binance Alpha and Binance Futures (2025-10-07)
2025-10-06,2025,2025Q4,2025-10,spot,Binance Will List Aster (ASTER) with Seed Tag Applied
2025-10-06,2025,2025Q4,2025-10,ecosystem_add,"Binance Will Add Aster (ASTER) on Earn, Buy Crypto, Convert & Margin"
2025-10-08,2025,2025Q4,2025-10,futures,Binance Futures Will Launch USDⓈ-Margined 4USDT Perpetual Contract (2025-10-08)
2025-10-09,2025,2025Q4,2025-10,futures,Binance Futures Will Launch USDⓈ-Margined GIGGLEUSDT Perpetual Contract (2025-10-09)
2025-10-10,2025,2025Q4,2025-10,launch_event,Introducing Walrus (WAL) on Binance HODLer Airdrops! Earn WAL With Retroactive BNB Simple Earn Subscriptions
2025-10-10,2025,2025Q4,2025-10,futures,Binance Futures Will Launch USDⓈ-Margined MONUSDT Perpetual Contract Pre-Market Trading (2025-10-10)
2025-10-10,2025,2025Q4,2025-10,ecosystem_add,"Binance Will Add Walrus (WAL) on Earn, Buy Crypto, Convert & Margin"
2025-10-10,2025,2025Q4,2025-10,futures,Binance Futures Will Launch USDⓈ-Margined YBUSDT Perpetual Contract Pre-Market Trading (2025-10-10)
2025-10-11,2025,2025Q4,2025-10,futures,Binance Futures Will Launch USDⓈ-Margined METUSDT Perpetual Contract Pre-Market Trading (2025-10-11)
2025-10-12,2025,2025Q4,2025-10,other,Yei Finance (CLO) Will Be Available on Binance Alpha and Binance Futures (2025-10-14)
2025-10-13,2025,2025Q4,2025-10,other,Recall (RECALL) Will Be Available on Binance Alpha and Binance Futures (2025-10-15)
2025-10-13,2025,2025Q4,2025-10,launch_event,Introducing Euler (EUL) on Binance HODLer Airdrops! Earn EUL With Retroactive BNB Simple Earn Subscriptions
2025-10-13,2025,2025Q4,2025-10,ecosystem_add,"Binance Will Add Euler (EUL) on Earn, Buy Crypto, Convert, Margin & Futures"
2025-10-14,2025,2025Q4,2025-10,launch_event,Introducing Enso (ENSO) on Binance HODLer Airdrops! Earn ENSO With Retroactive BNB Simple Earn Subscriptions
2025-10-14,2025,2025Q4,2025-10,ecosystem_add,"Binance Will Add Enso (ENSO) on Earn, Buy Crypto, Convert, Margin & Futures"
2025-10-14,2025,2025Q4,2025-10,launch_event,Introducing Yield Basis (YB) on Binance HODLer Airdrops! Earn YB With Retroactive BNB Simple Earn Subscriptions
2025-10-15,2025,2025Q4,2025-10,other,ZEROBASE (ZBT) Will Be Available on Binance Alpha and Binance Futures (2025-10-17)
2025-10-15,2025,2025Q4,2025-10,ecosystem_add,"Binance Will Add Yield Basis (YB) on Earn, Buy Crypto, Convert, Margin & Futures"
2025-10-16,2025,2025Q4,2025-10,other,Astra Nova (RVV) Will Be Available on Binance Alpha and Binance Futures (2025-10-18)
2025-10-17,2025,2025Q4,2025-10,launch_event,Introducing ZEROBASE (ZBT) on Binance HODLer Airdrops! Earn ZBT With Retroactive BNB Simple Earn Subscriptions
2025-10-17,2025,2025Q4,2025-10,ecosystem_add,"Binance Will Add ZEROBASE (ZBT) on Earn, Buy Crypto, Convert & Margin"
2025-10-17,2025,2025Q4,2025-10,futures,Binance Futures Will Launch USDⓈ-Margined LABUSDT and RIVERUSDT Perpetual Contracts (2025-10-17)
2025-10-20,2025,2025Q4,2025-10,futures,Binance Futures Will Launch USDⓈ-Margined 币安人生USDT Perpetual Contract (2025-10-20)
2025-10-20,2025,2025Q4,2025-10,other,Bluwhale (BLUAI) Will Be Available on Binance Alpha and Binance Futures (2025-10-21)
2025-10-21,2025,2025Q4,2025-10,launch_event,Introducing Turtle (TURTLE) on Binance HODLer Airdrops! Earn TURTLE With Retroactive BNB Simple Earn Subscriptions
2025-10-22,2025,2025Q4,2025-10,other,Orochi (ON) Will Be Available on Binance Alpha and Binance Futures (2025-10-24)
2025-10-22,2025,2025Q4,2025-10,ecosystem_add,"Binance Will Add Turtle (TURTLE) on Earn, Buy Crypto, Convert, Margin & Futures"
2025-10-23,2025,2025Q4,2025-10,other,aPriori (APR) Will Be Available on Binance Alpha and Binance Futures (2025-10-23)
2025-10-23,2025,2025Q4,2025-10,other,Binance Futures Will Convert USDⓈ-Margined METUSDT Perpetual Contract Pre-Market Trading to Standard Perpetual Futures Contract (2025-10-23)
2025-10-25,2025,2025Q4,2025-10,futures,Binance Will List Giggle Fund (GIGGLE) and SynFutures (F) with Seed Tag Applied
2025-10-25,2025,2025Q4,2025-10,ecosystem_add,"Binance Will Add Giggle Fund (GIGGLE) and SynFutures (F) on Earn, Buy Crypto, Convert & Margin"
2025-10-25,2025,2025Q4,2025-10,other,Common (COMMON) Will Be Available on Binance Alpha and Binance Futures (2025-10-27)
2025-10-25,2025,2025Q4,2025-10,other,Semantic Layer (42) Will Be Available on Binance Alpha and Binance Futures (2025-10-27)
2025-10-29,2025,2025Q4,2025-10,futures,Binance Futures Will Launch USDⓈ-Margined ATUSDT Perpetual Contract (2025-10-29)
2025-10-29,2025,2025Q4,2025-10,futures,Binance Futures Will Launch USDⓈ-Margined KITEUSDT Perpetual Contract Pre-Market Trading (2025-10-29)
2025-10-31,2025,2025Q4,2025-10,launch_event,"Introducing Kite (KITE) on Binance Launchpool! Farm KITE by Locking BNB, FDUSD and USDC"
2025-10-31,2025,2025Q4,2025-10,futures,Binance Futures Will Launch USDⓈ-Margined CCUSDT Perpetual Contract Pre-Market Trading (2025-10-31)
2025-11-03,2025,2025Q4,2025-11,other,Intuition (TRUST) Will Be Available on Binance Alpha and Binance Futures (2025-11-05)
2025-11-03,2025,2025Q4,2025-11,launch_event,Introducing Momentum (MMT) on Binance HODLer Airdrops! Earn MMT With Retroactive BNB Simple Earn Subscriptions
2025-11-03,2025,2025Q4,2025-11,ecosystem_add,"Binance Will Add Kite (KITE) on Earn, Buy Crypto, Convert, Margin & Futures"
2025-11-04,2025,2025Q4,2025-11,other,UnifAI (UAI) Will Be Available on Binance Alpha and Binance Futures (2025-11-06)
2025-11-04,2025,2025Q4,2025-11,trading_pairs,Notice on New Trading Pairs & Trading Bots Services on Binance Spot - 2025-11-05
2025-11-04,2025,2025Q4,2025-11,other,Folks Finance (FOLKS) Will Be Available on Binance Alpha and Binance Futures (2025-11-06)
2025-11-04,2025,2025Q4,2025-11,ecosystem_add,"Binance Will Add Momentum (MMT) on Earn, Buy Crypto, Convert, Margin & Futures"
2025-11-06,2025,2025Q4,2025-11,launch_event,Introducing Sapien (SAPIEN) on Binance HODLer Airdrops! Earn SAPIEN With Retroactive BNB Simple Earn Subscriptions
2025-11-06,2025,2025Q4,2025-11,ecosystem_add,"Binance Will Add Sapien (SAPIEN) on Earn, Buy Crypto, Convert & Margin"
2025-11-06,2025,2025Q4,2025-11,futures,Binance Futures Will Launch USDⓈ-Margined STABLEUSDT Perpetual Contract Pre-Market Trading (2025-11-06)
2025-11-08,2025,2025Q4,2025-11,other,Janction (JCT) Will Be Available on Binance Alpha and Binance Futures (2025-11-10)
2025-11-10,2025,2025Q4,2025-11,trading_pairs,Notice on New Trading Pairs & Trading Bots Services on Binance Spot - 2025-11-11
2025-11-10,2025,2025Q4,2025-11,other,Binance Futures Will Convert USDⓈ-Margined CCUSDT Perpetual Contract Pre-Market Trading to Standard Perpetual Futures Contract (2025-11-10)
2025-11-11,2025,2025Q4,2025-11,launch_event,Introducing Allora (ALLO) on Binance HODLer Airdrops! Earn ALLO With Retroactive BNB Simple Earn Subscriptions
2025-11-11,2025,2025Q4,2025-11,ecosystem_add,"Binance Will Add Allora (ALLO) on Earn, Buy Crypto, Convert, Margin & Futures"
2025-11-12,2025,2025Q4,2025-11,other,Planck (PLANCK) Will Be Available on Binance Alpha and Binance Futures (2025-11-13)
2025-11-12,2025,2025Q4,2025-11,futures,Binance Futures Will Launch USDⓈ-Margined CLANKERUSDT and BEATUSDT Perpetual Contracts (2025-11-12)
2025-11-12,2025,2025Q4,2025-11,trading_pairs,Notice on New Trading Pairs & Trading Bots Services on Binance Spot - 2025-11-13
2025-11-13,2025,2025Q4,2025-11,other,Pieverse (PIEVERSE) Will Be Available on Binance Alpha and Binance Futures (2025-11-14)
2025-11-13,2025,2025Q4,2025-11,spot,Binance Will List Lorenzo Protocol (BANK) and Meteora (MET) with Seed Tag Applied
2025-11-13,2025,2025Q4,2025-11,ecosystem_add,"Binance Will Add Lorenzo Protocol (BANK) and Meteora (MET) on Earn, Buy Crypto, Convert & Margin"
2025-11-14,2025,2025Q4,2025-11,trading_pairs,Notice on New Trading Pairs & Trading Bots Services on Binance Spot - 2025-11-26
2025-11-14,2025,2025Q4,2025-11,futures,Binance Futures Will Launch USDⓈ-Margined SENTUSDT Perpetual Contract Pre-Market Trading (2025-11-14)
2025-11-17,2025,2025Q4,2025-11,other,GAIB (GAIB) Will Be Available on Binance Alpha and Binance Futures (2025-11-19)
2025-11-17,2025,2025Q4,2025-11,trading_pairs,Notice on New Trading Pairs & Trading Bots Services on Binance Spot - 2025-11-18
2025-11-17,2025,2025Q4,2025-11,trading_pairs,Binance Adds USDT/USD and USDC/USD Spot Trading Pairs with Zero Trading Fee Promotion
2025-11-18,2025,2025Q4,2025-11,ecosystem_add,Binance Will Add USD on Convert
2025-11-19,2025,2025Q4,2025-11,futures,Binance Futures Will Launch USDⓈ-Margined ZECUSDC Perpetual Contract (2025-11-19)
2025-11-21,2025,2025Q4,2025-11,futures,Binance Futures Will Launch USDⓈ-Margined BOBUSDT Perpetual Contract (2025-11-21)
2025-11-24,2025,2025Q4,2025-11,other,Binance Futures Will Convert USDⓈ-Margined MONUSDT Perpetual Contract Pre-Market Trading to Standard Perpetual Futures Contract (2025-11-24)
2025-11-26,2025,2025Q4,2025-11,trading_pairs,Notice on New Trading Pairs & Trading Bots Services on Binance Spot - 2025-11-27 & 2025-11-29
2025-11-26,2025,2025Q4,2025-11,futures,Binance Futures Will Launch USDⓈ-Margined IRYSUSDT Perpetual Contract (2025-11-26)
2025-11-27,2025,2025Q4,2025-11,launch_event,Introducing APRO (AT) on Binance HODLer Airdrops! Earn AT With Retroactive BNB Simple Earn Subscriptions
2025-11-27,2025,2025Q4,2025-11,ecosystem_add,"Binance Will Add APRO (AT) on Earn, Buy Crypto, Convert & Margin"
2025-12-02,2025,2025Q4,2025-12,futures,Binance Futures Will Launch USDⓈ-Margined RLSUSDT Perpetual Contract (2025-12-02)
2025-12-03,2025,2025Q4,2025-12,trading_pairs,Notice on New Trading Pairs & Trading Bots Services on Binance Spot - 2025-12-04
2025-12-06,2025,2025Q4,2025-12,futures,Binance Futures Will Launch USDⓈ-Margined POWERUSDT Perpetual Contract (2025-12-06)
2025-12-10,2025,2025Q4,2025-12,trading_pairs,Notice on New Trading Pairs & Trading Bots Services on Binance Spot and Update to B-Token Collateral - 2025-12-11
2025-12-10,2025,2025Q4,2025-12,futures,Binance Futures Will Launch USDⓈ-Margined WETUSDT Perpetual Contract (2025-12-10)
2025-12-10,2025,2025Q4,2025-12,futures,Binance Futures Will Launch USDⓈ-Margined NIGHTUSDT Perpetual Contract (2025-12-10)
2025-12-12,2025,2025Q4,2025-12,futures,Binance Futures Will Launch USDⓈ-Margined USUSDT and CYSUSDT Perpetual Contracts (2025-12-12)
2025-12-14,2025,2025Q4,2025-12,futures,Binance Futures Will Launch USDⓈ-Margined RAVEUSDT Perpetual Contract (2025-12-14)
2025-12-15,2025,2025Q4,2025-12,trading_pairs,Notice on New Trading Pairs & Trading Bots Services on Binance Spot - 2025-12-16
2025-12-21,2025,2025Q4,2025-12,futures,"Binance Futures Will Launch USDⓈ-Margined ZKPUSDT, GUAUSDT and IRUSDT Perpetual Contract (2025-12-21)"
2025-12-22,2025,2025Q4,2025-12,spot,Binance Will List KGST & Enable Trading Bots Services on Binance Spot - 2025-12-24
2025-12-22,2025,2025Q4,2025-12,trading_pairs,Notice on New Trading Pairs & Trading Bots Services on Binance Spot - 2025-12-24
2025-12-23,2025,2025Q4,2025-12,futures,Binance Futures Will List USDⓈ-M & COIN-M Quarterly 0626 Delivery Contracts
2025-12-23,2025,2025Q4,2025-12,futures,Binance Futures Will Launch USDⓈ-Margined LITUSDT Perpetual Contract Pre-Market Trading (2025-12-23)
2025-12-24,2025,2025Q4,2025-12,ecosystem_add,"Binance Will Add KGST (KGST) on Earn, Buy Crypto & Convert"
2025-12-30,2025,2025Q4,2025-12,futures,Binance Futures Will Launch USDⓈ-Margined BREVUSDT Perpetual Contract Pre-Market Trading (2025-12-30)
2025-12-31,2025,2025Q4,2025-12,futures,Binance Futures Will Launch USDⓈ-Margined COLLECTUSDT and MAGMAUSDT Perpetual Contracts (2025-12-31)
2026-01-05,2026,2026Q1,2026-01,trading_pairs,Notice on New Trading Pairs & Trading Bots Services on Binance Spot - 2026-01-06
2026-01-05,2026,2026Q1,2026-01,launch_event,Introducing Brevis (BREV) on Binance HODLer Airdrops! Earn BREV With Retroactive BNB Simple Earn Subscriptions
2026-01-06,2026,2026Q1,2026-01,trading_pairs,Binance Adds New JPY Spot Trading Pairs and Launches Zero Maker Fee Promotion - 2026-01-09
2026-01-06,2026,2026Q1,2026-01,ecosystem_add,"Binance Will Add Brevis (BREV) on Earn, Buy Crypto, Convert, Margin & Futures"
2026-01-07,2026,2026Q1,2026-01,futures,Binance Futures Will Launch USDⓈ-Margined XAGUSDT Perpetual Contract (2026-01-07)
2026-01-07,2026,2026Q1,2026-01,spot,Binance Will List 币安人生 (币安人生) and zkPass (ZKP) with Seed Tag Applied
2026-01-07,2026,2026Q1,2026-01,ecosystem_add,"Binance Will Add 币安人生 (币安人生) and zkPass (ZKP) on Earn, Buy Crypto, Convert & Margin"
2026-01-09,2026,2026Q1,2026-01,futures,Binance Futures Will Launch USDⓈ-Margined ZAMAUSDT Perpetual Contract Pre-Market Trading (2026-01-09)
2026-01-10,2026,2026Q1,2026-01,futures,Binance Futures Will Launch USDⓈ-Margined FOGOUSDT Perpetual Contract Pre-Market Trading (2026-01-10)
2026-01-12,2026,2026Q1,2026-01,trading_pairs,Notice on New Trading Pairs & Trading Bots Services on Binance Spot - 2026-01-13
2026-01-12,2026,2026Q1,2026-01,spot,Binance Will List United Stables (U) and Introduce U Zero Trading Fee Promotion
2026-01-12,2026,2026Q1,2026-01,spot,Binance Will List Fogo (FOGO) with Seed Tag Applied
2026-01-13,2026,2026Q1,2026-01,ecosystem_add,"Binance Will Add United Stables (U) on Earn, Buy Crypto & Convert"
2026-01-15,2026,2026Q1,2026-01,ecosystem_add,Binance Margin Will Add United Stables (U)
2026-01-15,2026,2026Q1,2026-01,ecosystem_add,"Binance Will Add Frax (FRAX) on Earn, Buy Crypto, Convert, Margin & Futures"
2026-01-15,2026,2026Q1,2026-01,ecosystem_add,"Binance Will Add Fogo (FOGO) on Earn, Buy Crypto, Convert, Margin & Futures"
2026-01-16,2026,2026Q1,2026-01,futures,Binance Futures Will Launch USDⓈ-Margined SPORTFUNUSDT and AIAUSDT Perpetual Contracts (2026-01-16)
2026-01-19,2026,2026Q1,2026-01,trading_pairs,Notice on New Trading Pairs & Trading Bots Services on Binance Spot - 2026-01-20
2026-01-20,2026,2026Q1,2026-01,ecosystem_add,Binance Margin Will Add New Pairs - 2026-01-20
2026-01-20,2026,2026Q1,2026-01,futures,Binance Futures Will Launch USDⓈ-Margined AIAUSDT Perpetual Contract (2026-01-20)
2026-01-21,2026,2026Q1,2026-01,spot,Binance Will List Ripple USD (RLUSD) and Introduce RLUSD Zero Trading Fee Promotion
2026-01-21,2026,2026Q1,2026-01,futures,Binance Futures Will Launch USDⓈ-Margined ACUUSDT and 我踏马来了USDT Perpetual Contracts (2026-01-21)
2026-01-22,2026,2026Q1,2026-01,spot,Binance Will List Sentient (SENT) with Seed Tag Applied
2026-01-22,2026,2026Q1,2026-01,futures,Binance Futures Will Launch USDⓈ-Margined ELSAUSDT Perpetual Contract (2026-01-22)
2026-01-22,2026,2026Q1,2026-01,ecosystem_add,"Binance Will Add Ripple USD (RLUSD) on Earn, Buy Crypto, Convert, Margin & VIP Loan"
2026-01-22,2026,2026Q1,2026-01,futures,Binance Futures Will Launch USDⓈ-Margined SKRUSDT Perpetual Contract (2026-01-22)
2026-01-22,2026,2026Q1,2026-01,ecosystem_add,"Binance Will Add Sentient (SENT) on Earn, Buy Crypto, Convert, VIP Loan, Margin & Futures"
2026-01-23,2026,2026Q1,2026-01,futures,Binance Futures Will Launch USDⓈ-Margined SPACEUSDT and FIGHTUSDT Perpetual Contracts (2026-01-23)
2026-01-26,2026,2026Q1,2026-01,trading_pairs,Notice on New Trading Pairs & Trading Bots Services on Binance Spot - 2026-01-27
2026-01-26,2026,2026Q1,2026-01,futures,Binance Futures Will Launch USDⓈ-Margined TSLAUSDT Equity Perpetual Contract (2026-01-28)
2026-01-27,2026,2026Q1,2026-01,ecosystem_add,Binance Margin Will Add New Pairs - 2026-01-27
2026-01-29,2026,2026Q1,2026-01,futures,Binance Futures Will Launch USDⓈ-Margined BIRBUSDT and GWEIUSDT Perpetual Contracts (2026-01-29)
2026-01-30,2026,2026Q1,2026-01,futures,Binance Futures Will Launch USDⓈ-Margined XPTUSDT and XPDUSDT Perpetual Contracts (2026-01-30)
2026-01-30,2026,2026Q1,2026-01,futures,Binance Futures Will Launch USDⓈ-Margined INTCUSDT and HOODUSDT Equity Perpetual Contracts (2026-02-02)
2026-01-30,2026,2026Q1,2026-01,futures,Binance Futures Will Launch USDⓈ-Margined MEGAUSDT Perpetual Contract Pre-Market Trading (2026-01-30)
2026-01-30,2026,2026Q1,2026-01,futures,Binance Futures Will Launch USDⓈ-Margined INXUSDT Perpetual Contract (2026-01-30)
2026-02-02,2026,2026Q1,2026-02,spot,Binance Will List Zama (ZAMA) with Seed Tag Applied
2026-02-02,2026,2026Q1,2026-02,ecosystem_add,"Binance Will Add Zama (ZAMA) on Earn, Buy Crypto, Convert, VIP Loan, Margin & Futures"
2026-02-05,2026,2026Q1,2026-02,futures,Binance Futures Will Launch Multiple USDⓈ-Margined Equity Perpetual Contracts (2026-02-09)
2026-02-06,2026,2026Q1,2026-02,futures,Binance Futures Will Launch USDⓈ-Margined TRIAUSDT Perpetual Contract (2026-02-06)
2026-02-09,2026,2026Q1,2026-02,trading_pairs,Notice on New Trading Pairs & Trading Bots Services on Binance Spot - 2026-02-10
2026-02-10,2026,2026Q1,2026-02,ecosystem_add,Binance Margin Will Add New Pairs - 2026-02-10
2026-02-10,2026,2026Q1,2026-02,futures,Binance Futures Will Launch USDⓈ-Margined ESPUSDT Perpetual Contract Pre-Market Trading (2026-02-10)
2026-02-11,2026,2026Q1,2026-02,futures,Binance Futures Will Launch USDⓈ-Margined AZTECUSDT Perpetual Contract Pre-Market Trading (2026-02-11)
2026-02-12,2026,2026Q1,2026-02,spot,Binance Will List Espresso (ESP) with Seed Tag Applied
2026-02-12,2026,2026Q1,2026-02,ecosystem_add,"Binance Will Add Espresso (ESP) on Earn, Buy Crypto, Convert, VIP Loan, Margin & Futures"
2026-02-21,2026,2026Q1,2026-02,futures,Binance Futures Will Launch USDⓈ-Margined OPNUSDT Perpetual Contract Pre-Market Trading (2026-02-21)
2026-02-24,2026,2026Q1,2026-02,trading_pairs,Notice on New Trading Pairs & Trading Bots Services on Binance Spot - 2026-02-25
2026-02-25,2026,2026Q1,2026-02,ecosystem_add,Binance Margin Will Add New Pairs - 2026-02-25
2026-02-27,2026,2026Q1,2026-02,futures,Binance Futures Will Launch USDⓈ-Margined ROBOUSDT Perpetual Contract (2026-02-27)
2026-03-02,2026,2026Q1,2026-03,futures,Binance Futures Will Launch USDⓈ-Margined KATUSDT Perpetual Contract Pre-Market Trading (2026-03-02)
2026-03-02,2026,2026Q1,2026-03,trading_pairs,Notice on New Trading Pairs & Trading Bots Services on Binance Spot - 2026-03-03
2026-03-02,2026,2026Q1,2026-03,launch_event,"Introducing Opinion (OPN) on Binance Launchpool! Farm OPN by Locking BNB, USDC, U, and USD1"
2026-03-03,2026,2026Q1,2026-03,trading_pairs,Notice on New Trading Pairs & Trading Bots Services on Binance Spot - 2026-03-05
2026-03-04,2026,2026Q1,2026-03,ecosystem_add,Binance Margin Will Add New Pairs - 2026-03-05
2026-03-04,2026,2026Q1,2026-03,ecosystem_add,"Binance Will Add MANTRA (MANTRA) on Earn, Buy Crypto, Convert, VIP Loan, Margin & Futures"
2026-03-04,2026,2026Q1,2026-03,futures,Binance Futures Will Launch USDⓈ-Margined COPPERUSDT Perpetual Contract (2026-03-06)
2026-03-04,2026,2026Q1,2026-03,spot,Binance Will List Fabric Protocol (ROBO) with Seed Tag Applied
2026-03-04,2026,2026Q1,2026-03,ecosystem_add,"Binance Will Add Fabric Protocol (ROBO) on Earn, Buy Crypto, Convert, VIP Loan & Margin"
2026-03-05,2026,2026Q1,2026-03,ecosystem_add,"Binance Will Add Opinion (OPN) on Earn, Buy Crypto, Convert, VIP Loan, Margin & Futures"
2026-03-09,2026,2026Q1,2026-03,trading_pairs,Notice on New Trading Pairs & Trading Bots Services on Binance Spot - 2026-03-10
2026-03-10,2026,2026Q1,2026-03,ecosystem_add,Binance Margin Will Add New Pairs - 2026-03-10
2026-03-11,2026,2026Q1,2026-03,futures,Binance Futures Will Launch USDⓈ-Margined 龙虾USDT Perpetual Contract (2026-03-11)
2026-03-11,2026,2026Q1,2026-03,launch_event,Introducing Midnight (NIGHT) on Binance HODLer Airdrops! Earn NIGHT With Retroactive BNB Simple Earn Subscriptions
2026-03-11,2026,2026Q1,2026-03,ecosystem_add,"Binance Will Add Midnight (NIGHT) on Earn, Buy Crypto, Convert, VIP Loan & Margin"
2026-03-12,2026,2026Q1,2026-03,futures,Binance Futures Will Launch EWYUSDT USDⓈ-Margined Index Perpetual Contract (2026-03-16)
2026-03-13,2026,2026Q1,2026-03,spot,Binance Will List Katana (KAT) with Seed Tag Applied
2026-03-16,2026,2026Q1,2026-03,trading_pairs,Notice on New Trading Pairs & Trading Bots Services on Binance Spot - 2026-03-17
2026-03-16,2026,2026Q1,2026-03,spot,Binance Will List Centrifuge (CFG) with Seed Tag Applied
2026-03-16,2026,2026Q1,2026-03,futures,Binance Futures Will Launch EWJUSDT USDⓈ-Margined Index Perpetual Contract (2026-03-19)
2026-03-16,2026,2026Q1,2026-03,ecosystem_add,"Binance Will Add Centrifuge (CFG) on Earn, Buy Crypto, Convert, VIP Loan, Margin & Futures"
2026-03-17,2026,2026Q1,2026-03,ecosystem_add,Binance Margin Will Add New Pairs - 2026-03-17
2026-03-18,2026,2026Q1,2026-03,launch_event,Introducing Fabric Protocol (ROBO) on Binance HODLer Airdrops! Earn ROBO With Retroactive BNB Simple Earn Subscriptions
2026-03-18,2026,2026Q1,2026-03,ecosystem_add,"Binance Will Add Katana (KAT) on Earn, Buy Crypto, Convert, VIP Loan, Margin & Futures"
2026-03-19,2026,2026Q1,2026-03,futures,Binance Futures Will Launch USDⓈ-Margined EDGEUSDT Perpetual Contract Pre-Market Trading (2026-03-19)
2026-03-20,2026,2026Q1,2026-03,futures,Binance Futures Will List USDⓈ-M & COIN-M Quarterly 0925 Delivery Contracts
2026-03-20,2026,2026Q1,2026-03,futures,Binance Futures Will Launch PAYPUSDT USDⓈ-Margined Equity Perpetual Contract (2026-03-23)
2026-03-24,2026,2026Q1,2026-03,futures,Binance Futures Will Launch Multiple USDⓈ-Margined Equity Perpetual Contracts (2026-03-26)
2026-03-25,2026,2026Q1,2026-03,futures,Binance Futures Will Launch USDⓈ-Margined BSBUSDT Perpetual Contract (2026-03-25)
2026-03-26,2026,2026Q1,2026-03,spot,Binance Will List Tether Gold (XAUt) with Seed Tag Applied
2026-03-26,2026,2026Q1,2026-03,ecosystem_add,"Binance Will Add Tether Gold (XAUT) on Earn, Buy Crypto, Convert, VIP Loan, Margin & Futures"
2026-03-26,2026,2026Q1,2026-03,other,Tether Gold (XAUt) Listing Will Be Postponed
2026-03-30,2026,2026Q1,2026-03,futures,Binance Futures Will Launch USDⓈ-Margined BASEDUSDT Perpetual Contract (2026-03-30)
2026-03-30,2026,2026Q1,2026-03,trading_pairs,Notice on New Trading Pairs & Trading Bots Services on Binance Spot - 2026-03-31
2026-03-30,2026,2026Q1,2026-03,futures,"Binance Futures Will Launch USDⓈ-Margined CLUSDT, BZUSDT and NATGASUSDT Perpetual Contracts (2026-04-01)"
2026-03-31,2026,2026Q1,2026-03,ecosystem_add,Binance Margin Will Add New Pairs - 2026-03-31
2026-04-01,2026,2026Q2,2026-04,futures,Binance Futures Will Launch USDⓈ-Margined PRLUSDT Perpetual Contract (2026-04-01)
2026-04-02,2026,2026Q2,2026-04,futures,"Binance Futures Will Launch QQQUSDT, SPYUSDT, AAPLUSDT and TSMUSDT USDⓈ-Margined Perpetual Contracts (2026-04-06)"
2026-04-03,2026,2026Q2,2026-04,futures,Binance Futures Will Launch MUUSDT and SNDKUSDT USDⓈ-Margined Equity Perpetual Contracts (2026-04-07)
2026-04-09,2026,2026Q2,2026-04,ecosystem_add,"Binance Will Add USDS (USDS) on Earn, Buy Crypto, Convert, VIP Loan & Margin"
2026-04-16,2026,2026Q2,2026-04,futures,Binance Futures Will Launch USDⓈ-Margined GENIUSUSDT Perpetual Contract (2026-04-16)
2026-04-16,2026,2026Q2,2026-04,futures,Binance Futures Will Launch USDⓈ-Margined CHIPUSDT Perpetual Contract Pre-Market Trading (2026-04-16)
2026-04-16,2026,2026Q2,2026-04,futures,"Binance Futures Will Launch MSFTUSDT, AVGOUSDT and BABAUSDT USDⓈ-Margined Perpetual Contracts (2026-04-20)"
2026-04-20,2026,2026Q2,2026-04,trading_pairs,Notice on New Trading Pairs & Trading Bots Services on Binance Spot - 2026-04-21
2026-04-21,2026,2026Q2,2026-04,ecosystem_add,Binance Margin Will Add New Pairs - 2026-04-21
2026-04-21,2026,2026Q2,2026-04,spot,Binance Will List Chip (CHIP) with Seed Tag Applied
2026-04-21,2026,2026Q2,2026-04,ecosystem_add,"Binance Will Add Chip (CHIP) on Earn, Buy Crypto, Convert, VIP Loan, Margin & Futures"
2026-04-22,2026,2026Q2,2026-04,futures,Binance Futures Will Launch USDⓈ-Margined OPGUSDT Perpetual Contract (2026-04-22)
2026-04-27,2026,2026Q2,2026-04,trading_pairs,Notice on New Trading Pairs & Trading Bots Services on Binance Spot - 2026-04-28
2026-04-28,2026,2026Q2,2026-04,ecosystem_add,Binance Margin Will Add New Pairs - 2026-04-28
2026-04-28,2026,2026Q2,2026-04,launch_event,Introducing USD.AI (CHIP) on Binance HODLer Airdrops! Earn CHIP With Retroactive BNB Simple Earn Subscriptions
2026-04-29,2026,2026Q2,2026-04,futures,Binance Futures Will Launch USDⓈ-Margined AIGENSYNUSDT Perpetual Contract (2026-04-29)
2026-04-30,2026,2026Q2,2026-04,trading_pairs,Binance Adds USDT/KZT Spot Trading Pair
2026-04-30,2026,2026Q2,2026-04,spot,Binance Will List MegaETH (MEGA) with Seed Tag Applied
2026-04-30,2026,2026Q2,2026-04,ecosystem_add,"Binance Will Add MegaETH (MEGA) on Earn, Buy Crypto, Convert, VIP Loan, Margin & Futures"
2026-05-04,2026,2026Q2,2026-05,futures,"Binance Futures Will Launch AMDUSDT, QCOMUSDT and USARUSDT USDⓈ-Margined Perpetual Contracts (2026-05-06)"
2026-05-07,2026,2026Q2,2026-05,futures,Binance Futures Will Launch USDⓈ-Margined BILLUSDT Perpetual Contract (2026-05-07)
2026-05-11,2026,2026Q2,2026-05,trading_pairs,Notice on New Trading Pairs & Trading Bots Services on Binance Spot - 2026-05-12
2026-05-12,2026,2026Q2,2026-05,ecosystem_add,Binance Margin Will Add New Pairs - 2026-05-12
2026-05-13,2026,2026Q2,2026-05,futures,Binance Futures Will Launch Multiple USDⓈ-Margined TradFi Perpetual Contracts (2026-05-15)
2026-05-14,2026,2026Q2,2026-05,futures,Binance Futures Will Launch USDⓈ-Margined PHAROSUSDT and STARUSDT Perpetual Contracts (2026-05-14)
2026-05-14,2026,2026Q2,2026-05,futures,Binance Futures Will Launch Multiple USDⓈ-Margined TradFi Perpetual Contracts (2026-05-15 & 2026-05-18)
2026-05-14,2026,2026Q2,2026-05,spot,Binance Will List Gensyn (AIGENSYN) with Seed Tag Applied
2026-05-14,2026,2026Q2,2026-05,futures,Binance Futures Will Launch USDⓈ-Margined BTCUSD1 Perpetual Contract (2026-05-18)
2026-05-14,2026,2026Q2,2026-05,ecosystem_add,"Binance Will Add Gensyn (AIGENSYN) on Earn, Buy Crypto, Convert, VIP Loan & Margin"
2026-05-16,2026,2026Q2,2026-05,futures,Binance Futures Will Launch Multiple USDⓈ-Margined TradFi Perpetual Contracts (2026-05-18)
2026-05-18,2026,2026Q2,2026-05,futures,Binance Futures Will Launch CBRSUSDT USDⓈ-Margined TradFi Perpetual Contract (2026-05-19)
2026-05-21,2026,2026Q2,2026-05,futures,Binance Futures Will Launch USDⓈ-Margined SPCXUSDT USDⓈ-Margined Perpetual Contract Pre-IPO Trading (2026-05-21)
2026-05-21,2026,2026Q2,2026-05,launch_event,Introducing Gensyn (AIGENSYN) on Binance HODLer Airdrops! Earn AIGENSYN With Retroactive BNB Simple Earn Subscriptions
2026-05-22,2026,2026Q2,2026-05,spot,Binance Will List Genius Terminal (GENIUS) and OpenGradient (OPG) with Seed Tag Applied
2026-05-22,2026,2026Q2,2026-05,ecosystem_add,"Binance Will Add Genius Terminal (GENIUS) and OpenGradient (OPG) on Earn, Buy Crypto, Convert, VIP Loan & Margin"
2026-05-26,2026,2026Q2,2026-05,futures,Binance Futures Will Launch Multiple USDⓈ-Margined TradFi Perpetual Contracts (2026-05-26)
2026-05-26,2026,2026Q2,2026-05,futures,Binance Futures Will Launch OPENAIUSDT USDⓈ-Margined Perpetual Contract Pre-IPO Trading (2026-05-26)
2026-05-28,2026,2026Q2,2026-05,futures,Binance Futures Will Launch USDⓈ-Margined CTRUSDT Perpetual Contract (2026-05-28)
2026-05-29,2026,2026Q2,2026-05,futures,Binance Futures Will Launch QNTXUSDT USDⓈ-Margined Perpetual Contract Pre-IPO Trading (2026-05-29)
2026-05-29,2026,2026Q2,2026-05,launch_event,Introducing Genius Terminal (GENIUS) on Binance HODLer Airdrops! Earn GENIUS With Retroactive BNB Simple Earn Subscriptions
2026-06-01,2026,2026Q2,2026-06,futures,Binance Futures Will Launch Multiple USDⓈ-Margined TradFi Perpetual Contracts (2026-06-01)
2026-06-01,2026,2026Q2,2026-06,futures,Binance Futures Will Launch USDⓈ-Margined SLXUSDT Perpetual Contract (2026-06-01)
2026-06-01,2026,2026Q2,2026-06,futures,Binance Futures Will Launch Multiple USDⓈ-Margined TradFi Perpetual Contracts (2026-06-02)
2026-06-02,2026,2026Q2,2026-06,futures,Binance Futures Will Launch ANTHROPICUSDT USDⓈ-Margined Perpetual Contract Pre-IPO Trading (2026-06-02)
2026-06-03,2026,2026Q2,2026-06,trading_pairs,Binance Adds USDT/AED Spot Trading Pair
2026-06-03,2026,2026Q2,2026-06,futures,Binance Futures Will Launch Multiple USDⓈ-Margined TradFi Perpetual Contracts (2026-06-03)
2026-06-04,2026,2026Q2,2026-06,futures,Binance Futures Will Launch USDⓈ-Margined ZESTUSDT and BTWUSDT Perpetual Contracts (2026-06-04)
2026-06-08,2026,2026Q2,2026-06,futures,Binance Futures Will Launch Multiple USDⓈ-Margined TradFi Perpetual Contracts (2026-06-08)
2026-06-09,2026,2026Q2,2026-06,futures,Binance Futures Will Launch Multiple USDⓈ-Margined TradFi Perpetual Contracts (2026-06-09)
2026-06-10,2026,2026Q2,2026-06,futures,Binance Futures Will Launch Multiple USDⓈ-Margined TradFi Perpetual Contracts (2026-06-10)
2026-06-11,2026,2026Q2,2026-06,futures,Binance Futures Will Launch Multiple USDⓈ-Margined TradFi Perpetual Contracts (2026-06-11)
2026-06-11,2026,2026Q2,2026-06,trading_pairs,Binance Exchange Adds bStocks Tokenized Securities Trading Pair(s) & Trading Bots Services on Binance Spot - 2026-06-11
2026-06-12,2026,2026Q2,2026-06,spot_legacy,Binance Exchange Adds bStocks Tokenized Securities SpaceX (SPCXB) on Binance Spot - 2026-06-12
2026-06-18,2026,2026Q2,2026-06,futures,Binance Futures Will List USDⓈ-M & COIN-M Quarterly 1225 Delivery Contracts
2026-06-18,2026,2026Q2,2026-06,spot,Binance Will List Re (RE) with Seed Tag Applied
2026-06-18,2026,2026Q2,2026-06,ecosystem_add,"Binance Will Add Re (RE) on Earn, Buy Crypto, Convert, VIP Loan, Margin & Futures"
2026-06-22,2026,2026Q2,2026-06,trading_pairs,Notice on New Trading Pairs & Trading Bots Services on Binance Spot - 2026-06-23
2026-06-22,2026,2026Q2,2026-06,futures,Binance Futures Will Launch Multiple USDⓈ-Margined TradFi Perpetual Contracts (2026-06-22)
2026-06-23,2026,2026Q2,2026-06,futures,Binance Futures Will Launch USDⓈ-Margined ARXUSDT Perpetual Contract (2026-06-23)
2026-06-23,2026,2026Q2,2026-06,trading_pairs,"Binance Exchange Adds bStocks Advanced Micro Devices (AMDB), iShares MSCI South Korea ETF (EWYB), Intel (INTCB) and Strategy (MSTRB) Trading Pair(s) on Binance Spot - 2026-06-23"
2026-06-23,2026,2026Q2,2026-06,ecosystem_add,Binance Margin Will Add New Pairs - 2026-06-23
2026-06-23,2026,2026Q2,2026-06,trading_pairs,Binance Adds New JPY Spot Trading Pairs and Launches Zero Maker Fee Promotion - 2026-06-26
2026-06-23,2026,2026Q2,2026-06,futures,Binance Futures Will Launch Multiple USDⓈ-Margined TradFi Perpetual Contracts (2026-06-29)
2026-06-24,2026,2026Q2,2026-06,futures,Binance Futures Will Launch USDⓈ-Margined OUSDT Perpetual Contract (2026-06-24)
2026-06-27,2026,2026Q2,2026-06,futures,Binance Futures Will Launch USDⓈ-Margined CAPUSDT Perpetual Contract (2026-06-27)
2026-06-29,2026,2026Q2,2026-06,trading_pairs,Notice on New Trading Pairs & Trading Bots Services on Binance Spot - 2026-06-30
2026-06-30,2026,2026Q2,2026-06,ecosystem_add,Binance Margin Will Add New Pairs - 2026-06-30
2026-06-30,2026,2026Q2,2026-06,launch_event,Introducing OpenGradient (OPG) on Binance HODLer Airdrops! Earn OPG With Retroactive BNB Simple Earn Subscriptions
2026-06-30,2026,2026Q2,2026-06,trading_pairs,"Binance Exchange Adds bStocks Lumentum (LITEB), Meta (METAB), Microsoft (MSFTB), Palantir (PLTRB) and Invesco QQQ Trust (QQQB) Trading Pair(s) on Binance Spot - 2026-06-30"
2026-06-30,2026,2026Q2,2026-06,futures,Binance Futures Will Launch USDⓈ-Margined BTCU and ETHU Perpetual Contracts (2026-07-01)
2026-07-02,2026,2026Q3,2026-07,ecosystem_add,"Binance Will Add Gram (GRAM) on Earn, Buy Crypto, Convert, VIP Loan, Margin & Futures"
2026-07-02,2026,2026Q3,2026-07,futures,Binance Futures Will Launch Multiple USDⓈ-Margined TradFi Perpetual Contracts (2026-07-02)
2026-07-02,2026,2026Q3,2026-07,futures,Binance Futures Will Launch USDⓈ-Margined ETHUSD1 Perpetual Contract (2026-07-03)
2026-07-03,2026,2026Q3,2026-07,futures,Binance Futures Will Launch USDⓈ-Margined DATAIPUSDT and DATAIPUSDC Perpetual Contracts (2026-07-03)
2026-07-06,2026,2026Q3,2026-07,spot_legacy,"Binance Adds ANTA, CBRS, DISK, FOTO, KMEM, QNT and STRC on Binance Stock Trading - 2026-07-06"
2026-07-07,2026,2026Q3,2026-07,trading_pairs,Binance Exchange Adds 10 bStocks Trading Pair(s) on Binance Spot - 2026-07-07
2026-07-09,2026,2026Q3,2026-07,futures,Binance Futures Will Launch Multiple USDⓈ-Margined TradFi Perpetual Contracts (2026-07-09)
2026-07-10,2026,2026Q3,2026-07,futures,Binance Futures Will Launch Multiple USDⓈ-Margined TradFi Perpetual Contracts (2026-07-10)
2026-07-10,2026,2026Q3,2026-07,futures,Binance Futures Will Launch USDⓈ-Margined SKHYUSDT Perpetual Contract (2026-07-10)
2026-07-13,2026,2026Q3,2026-07,spot_legacy,Binance Exchange Adds bStocks Tokenized Securities SK Hynix (SKHYB) on Binance Spot - 2026-07-13
2026-07-13,2026,2026Q3,2026-07,ecosystem_add,Binance Will Add SKHYB Tokenized Securities as Collateral Assets
2026-07-15,2026,2026Q3,2026-07,trading_pairs,Binance Exchange Adds 10 bStocks Trading Pair(s) on Binance Spot - 2026-07-15
2026-07-15,2026,2026Q3,2026-07,ecosystem_add,Binance Will Add 10 bStocks Tokenized Securities as Collateral Assets
2026-07-16,2026,2026Q3,2026-07,futures,Binance Futures Will Launch Multiple USDⓈ-Margined TradFi Perpetual Contracts (2026-07-16)
2026-07-16,2026,2026Q3,2026-07,futures,Binance Futures Will Launch Multiple USDⓈ-Margined TradFi Perpetual Contracts (2026-07-17)
2026-07-17,2026,2026Q3,2026-07,spot,Binance Will List Aerodrome (AERO) with Seed Tag Applied
2026-07-17,2026,2026Q3,2026-07,futures,Binance Futures Will Launch USDⓈ-Margined SPCXUSD1 Perpetual Contract (2026-07-20)
2026-07-17,2026,2026Q3,2026-07,ecosystem_add,"Binance Will Add Aerodrome (AERO) on Earn, Buy Crypto, Convert, VIP Loan & Margin"
2026-07-21,2026,2026Q3,2026-07,futures,Binance Futures Will Launch Multiple USDⓈ-Margined TradFi Perpetual Contracts (2026-07-21)
2026-07-22,2026,2026Q3,2026-07,trading_pairs,Binance Exchange Adds 10 bStocks Trading Pair(s) on Binance Spot - 2026-07-22
2026-07-22,2026,2026Q3,2026-07,ecosystem_add,Binance Will Add 10 bStocks Tokenized Securities as Collateral Assets- 2026-07-22
2026-07-23,2026,2026Q3,2026-07,futures,Binance Futures Will Launch POPMARTUSDT USDⓈ-Margined Perpetual Contract (2026-07-23)
2026-07-27,2026,2026Q3,2026-07,futures,Binance Futures Will Launch Multiple USDⓈ-Margined TradFi Perpetual Contracts (2026-07-27)
2026-07-28,2026,2026Q3,2026-07,trading_pairs,Notice on New Trading Pairs & Trading Bots Services on Binance Spot - 2026-07-30
2026-07-29,2026,2026Q3,2026-07,futures,Binance Futures Will Launch Multiple USDⓈ-Margined TradFi Perpetual Contracts (2026-07-29)
2026-07-29,2026,2026Q3,2026-07,trading_pairs,Binance Exchange Adds 10 bStocks Trading Pairs on Binance Spot - 2026-07-29
2026-07-29,2026,2026Q3,2026-07,ecosystem_add,Binance Will Add 10 bStocks Tokenized Securities as Collateral Assets
2026-07-31,2026,2026Q3,2026-07,futures,Binance Futures Will Launch USDⓈ-Margined GRVTUSDT Perpetual Contract (2026-07-31)
2026-08-03,2026,2026Q3,2026-08,futures,Binance Futures Will Launch GIGADEVUSDT USDⓈ-Margined Perpetual Contract (2026-08-03)
2026-08-05,2026,2026Q3,2026-08,trading_pairs,Binance Exchange Adds 10 bStocks Trading Pairs on Binance Spot - 2026-08-05
2026-08-05,2026,2026Q3,2026-08,ecosystem_add,Binance Will Add 10 bStocks Tokenized Securities as Collateral Assets - 2026-08-05
2026-08-06,2026,2026Q3,2026-08,futures,Binance Futures Will Launch Multiple USDⓈ-Margined TradFi Perpetual Contracts (2026-08-06)
2026-08-10,2026,2026Q3,2026-08,futures,Binance Futures Will Launch Multiple USDⓈ-Margined TradFi Perpetual Contracts (2026-08-11)
2026-08-11,2026,2026Q3,2026-08,futures,Binance Futures Will Launch USDⓈ-Margined DOSUSDT Perpetual Contract (2026-08-11)
2026-08-12,2026,2026Q3,2026-08,trading_pairs,Binance Exchange Adds 1 bStocks Trading Pair on Binance Spot - 2026-08-12
2026-08-12,2026,2026Q3,2026-08,ecosystem_add,Binance Will Add 1 bStocks Tokenized Securities as Collateral Asset - 2026-08-12
2026-08-13,2026,2026Q3,2026-08,futures,Binance Futures Will Launch Multiple USDⓈ-Margined TradFi Perpetual Contracts (2026-08-14)
2026-08-17,2026,2026Q3,2026-08,futures,Binance Futures Will Launch Multiple USDⓈ-Margined TradFi Perpetual Contracts (2026-08-17 & 2026-08-18)
2026-08-19,2026,2026Q3,2026-08,futures,Binance Futures Will Launch UNITREEUSDT USDⓈ-Margined Perpetual Contract (2026-08-19)
2026-08-25,2026,2026Q3,2026-08,futures,Binance Futures Will Launch Multiple USDⓈ-Margined TradFi Perpetual Contracts (2026-08-25)
2026-08-25,2026,2026Q3,2026-08,trading_pairs,Notice on New Trading Pairs & Trading Bots Services on Binance Spot - 2026-08-26
2026-08-26,2026,2026Q3,2026-08,spot_legacy,Binance Exchange Adds Trump Media & Technology Group (DJTB) bStocks on Binance Spot - 2026-08-26
2026-08-26,2026,2026Q3,2026-08,ecosystem_add,Binance Will Add 1 bStocks Tokenized Securities as Collateral Asset - 2026-08-26
2026-08-28,2026,2026Q3,2026-08,trading_pairs,Binance Adds bStocks to Spot Trading Bots and Extends Zero Maker Fee Promotion - 2026-08-28
2026-08-28,2026,2026Q3,2026-08,futures,Binance Futures Will Launch Multiple USDⓈ-Margined TradFi Perpetual Contracts (2026-08-28)
2026-08-30,2026,2026Q3,2026-08,futures,Binance Futures Will Launch USDⓈ-Margined 牛来USDT Perpetual Contract (2026-08-30)
2026-09-01,2026,2026Q3,2026-09,futures,Binance Futures Will Launch HK0625USDT USDⓈ-Margined Quanto Perpetual Contract (2026-09-01)
2026-09-01,2026,2026Q3,2026-09,futures,Binance Futures Will Launch USDⓈ-Margined MARSCOINUSDT Perpetual Contract (2026-09-01)
2026-09-02,2026,2026Q3,2026-09,ecosystem_add,Binance Exchange Adds 4 bStocks Trading Pairs on Binance Spot/Convert - 2026-09-02
2026-09-02,2026,2026Q3,2026-09,futures,Binance Futures Will Launch Multiple USDⓈ-Margined TradFi Perpetual Contracts (2026-09-02)
2026-09-02,2026,2026Q3,2026-09,ecosystem_add,Binance Will Add 4 bStocks Tokenized Securities as Collateral Asset - 2026-09-02
2026-09-03,2026,2026Q3,2026-09,futures,Binance Futures Will Launch USDⓈ-Margined GPROUSDT Perpetual Contract (2026-09-03)
2026-09-04,2026,2026Q3,2026-09,futures,Binance Futures Will Launch Multiple USDⓈ-Margined TradFi Perpetual Contracts (2026-09-07)
2026-09-04,2026,2026Q3,2026-09,spot,Binance Will List MarsCoin (MARSCOIN) with Seed Tag Applied
2026-09-04,2026,2026Q3,2026-09,ecosystem_add,"Binance Will Add MarsCoin (MARSCOIN) on Earn, Buy Crypto, Convert, VIP Loan & Margin"
2026-09-06,2026,2026Q3,2026-09,futures,Binance Futures Will Launch USDⓈ-Margined PONSUSDT and 哈基米USDT Perpetual Contracts (2026-09-06)
2026-09-09,2026,2026Q3,2026-09,ecosystem_add,Binance Exchange Adds Salesforce (CRMB) and Hims & Hers Health (HIMSB) bStocks Trading Pairs on Binance Spot/Convert - 2026-09-09
2026-09-09,2026,2026Q3,2026-09,ecosystem_add,Binance Will Add 2 bStocks Tokenized Securities as Collateral Asset - 2026-09-09
2026-09-09,2026,2026Q3,2026-09,spot,Binance Will List 牛来 (牛来) with Seed Tag Applied
2026-09-09,2026,2026Q3,2026-09,ecosystem_add,"Binance Will Add 牛来 (牛来) on Earn, Buy Crypto, Convert, VIP Loan & Margin"
