date,total_stablecoin_usd,daily_change_usd,peggedUSD_usd
2017-11-29,110105,,110105
2017-11-30,110105,0,110105
2017-12-01,110105,0,110105
2017-12-02,110105,0,110105
2017-12-03,110105,0,110105
2017-12-04,110105,0,110105
2017-12-05,110105,0,110105
2017-12-06,110105,0,110105
2017-12-07,110105,0,110105
2017-12-08,110105,0,110105
2017-12-09,110105,0,110105
2017-12-10,110105,0,110105
2017-12-11,110105,0,110105
2017-12-12,110105,0,110105
2017-12-13,110105,0,110105
2017-12-14,110105,0,110105
2017-12-15,110105,0,110105
2017-12-16,110105,0,110105
2017-12-17,110105,0,110105
2017-12-18,110105,0,110105
2017-12-19,110105,0,110105
2017-12-20,110105,0,110105
2017-12-21,110105,0,110105
2017-12-22,110105,0,110105
2017-12-23,110105,0,110105
2017-12-24,110105,0,110105
2017-12-25,110105,0,110105
2017-12-26,110105,0,110105
2017-12-27,110105,0,110105
2017-12-28,110105,0,110105
2017-12-29,110105,0,110105
2017-12-30,110105,0,110105
2017-12-31,110105,0,110105
2018-01-01,110105,0,110105
2018-01-02,110105,0,110105
2018-01-03,110105,0,110105
2018-01-04,110105,0,110105
2018-01-05,110105,0,110105
2018-01-06,110105,0,110105
2018-01-07,110105,0,110105
2018-01-08,110105,0,110105
2018-01-09,110105,0,110105
2018-01-10,110105,0,110105
2018-01-11,30146817,30036712,30146817
2018-01-12,30146817,0,30146817
2018-01-13,30146817,0,30146817
2018-01-14,30146817,0,30146817
2018-01-15,30146817,0,30146817
2018-01-16,30146817,0,30146817
2018-01-17,30146817,0,30146817
2018-01-18,30146817,0,30146817
2018-01-19,30146817,0,30146817
2018-01-20,30146817,0,30146817
2018-01-21,30146817,0,30146817
2018-01-22,30146817,0,30146817
2018-01-23,30146817,0,30146817
2018-01-24,30146817,0,30146817
2018-01-25,30146817,0,30146817
2018-01-26,30146817,0,30146817
2018-01-27,30146817,0,30146817
2018-01-28,30146817,0,30146817
2018-01-29,60183528,30036711,60183528
2018-01-30,60183528,0,60183528
2018-01-31,60183528,0,60183528
2018-02-01,60183528,0,60183528
2018-02-02,60183528,0,60183528
2018-02-03,60183528,0,60183528
2018-02-04,60183528,0,60183528
2018-02-05,60183528,0,60183528
2018-02-06,60183528,0,60183528
2018-02-07,60183528,0,60183528
2018-02-08,60183528,0,60183528
2018-02-09,60183528,0,60183528
2018-02-10,60183528,0,60183528
2018-02-11,60183528,0,60183528
2018-02-12,60183528,0,60183528
2018-02-13,60183528,0,60183528
2018-02-14,60183528,0,60183528
2018-02-15,60183528,0,60183528
2018-02-16,60183528,0,60183528
2018-02-17,60183528,0,60183528
2018-02-18,60183528,0,60183528
2018-02-19,60183528,0,60183528
2018-02-20,60183528,0,60183528
2018-02-21,60183528,0,60183528
2018-02-22,60183528,0,60183528
2018-02-23,60183528,0,60183528
2018-02-24,60183528,0,60183528
2018-02-25,60183528,0,60183528
2018-02-26,60183528,0,60183528
2018-02-27,60183528,0,60183528
2018-02-28,60183528,0,60183528
2018-03-01,60183528,0,60183528
2018-03-02,60183528,0,60183528
2018-03-03,60183528,0,60183528
2018-03-04,60183528,0,60183528
2018-03-05,60183528,0,60183528
2018-03-06,60183528,0,60183528
2018-03-07,60183528,0,60183528
2018-03-08,60183528,0,60183528
2018-03-09,60183528,0,60183528
2018-03-10,60183528,0,60183528
2018-03-11,60183528,0,60183528
2018-03-12,60183528,0,60183528
2018-03-13,60183528,0,60183528
2018-03-14,60183528,0,60183528
2018-03-15,60183528,0,60183528
2018-03-16,60183528,0,60183528
2018-03-17,60183528,0,60183528
2018-03-18,60183528,0,60183528
2018-03-19,60183528,0,60183528
2018-03-20,60183528,0,60183528
2018-03-21,60183528,0,60183528
2018-03-22,60183528,0,60183528
2018-03-23,60183528,0,60183528
2018-03-24,60183528,0,60183528
2018-03-25,60183528,0,60183528
2018-03-26,60183528,0,60183528
2018-03-27,60183528,0,60183528
2018-03-28,60183528,0,60183528
2018-03-29,60183528,0,60183528
2018-03-30,60183528,0,60183528
2018-03-31,60183528,0,60183528
2018-04-01,60183528,0,60183528
2018-04-02,60183528,0,60183528
2018-04-03,60183528,0,60183528
2018-04-04,60183528,0,60183528
2018-04-05,60183528,0,60183528
2018-04-06,60183528,0,60183528
2018-04-07,60183528,0,60183528
2018-04-08,60183528,0,60183528
2018-04-09,60183528,0,60183528
2018-04-10,60183528,0,60183528
2018-04-11,60183528,0,60183528
2018-04-12,60183528,0,60183528
2018-04-13,60183528,0,60183528
2018-04-14,60183528,0,60183528
2018-04-15,60183528,0,60183528
2018-04-16,60183528,0,60183528
2018-04-17,60183528,0,60183528
2018-04-18,60183528,0,60183528
2018-04-19,60183528,0,60183528
2018-04-20,60183528,0,60183528
2018-04-21,60183528,0,60183528
2018-04-22,60183528,0,60183528
2018-04-23,60183528,0,60183528
2018-04-24,60183528,0,60183528
2018-04-25,60183528,0,60183528
2018-04-26,60183528,0,60183528
2018-04-27,60183528,0,60183528
2018-04-28,60183528,0,60183528
2018-04-29,60183528,0,60183528
2018-04-30,60183528,0,60183528
2018-05-01,60183528,0,60183528
2018-05-02,60183528,0,60183528
2018-05-03,60183528,0,60183528
2018-05-04,60183528,0,60183528
2018-05-05,60183528,0,60183528
2018-05-06,60183528,0,60183528
2018-05-07,60183528,0,60183528
2018-05-08,60183528,0,60183528
2018-05-09,60183528,0,60183528
2018-05-10,60183528,0,60183528
2018-05-11,60183528,0,60183528
2018-05-12,60183528,0,60183528
2018-05-13,60183528,0,60183528
2018-05-14,60183528,0,60183528
2018-05-15,60183528,0,60183528
2018-05-16,60183528,0,60183528
2018-05-17,60183528,0,60183528
2018-05-18,60183528,0,60183528
2018-05-19,60183528,0,60183528
2018-05-20,60183528,0,60183528
2018-05-21,60183528,0,60183528
2018-05-22,60183528,0,60183528
2018-05-23,60183528,0,60183528
2018-05-24,60183528,0,60183528
2018-05-25,60183528,0,60183528
2018-05-26,60183528,0,60183528
2018-05-27,60183528,0,60183528
2018-05-28,60183528,0,60183528
2018-05-29,60183528,0,60183528
2018-05-30,60183528,0,60183528
2018-05-31,60183528,0,60183528
2018-06-01,60183528,0,60183528
2018-06-02,60183528,0,60183528
2018-06-03,60183528,0,60183528
2018-06-04,60183528,0,60183528
2018-06-05,60183528,0,60183528
2018-06-06,60183528,0,60183528
2018-06-07,60183528,0,60183528
2018-06-08,60183528,0,60183528
2018-06-09,60183528,0,60183528
2018-06-10,60183060,-468,60183060
2018-06-11,60183060,0,60183060
2018-06-12,60183060,0,60183060
2018-06-13,60183060,0,60183060
2018-06-14,60183060,0,60183060
2018-06-15,60183060,0,60183060
2018-06-16,60183060,0,60183060
2018-06-17,60183060,0,60183060
2018-06-18,60183060,0,60183060
2018-06-19,60183060,0,60183060
2018-06-20,60183060,0,60183060
2018-06-21,60183060,0,60183060
2018-06-22,60183060,0,60183060
2018-06-23,60183060,0,60183060
2018-06-24,60183060,0,60183060
2018-06-25,60183060,0,60183060
2018-06-26,60183060,0,60183060
2018-06-27,60183060,0,60183060
2018-06-28,60183060,0,60183060
2018-06-29,60183060,0,60183060
2018-06-30,60183060,0,60183060
2018-07-01,60183060,0,60183060
2018-07-02,60183060,0,60183060
2018-07-03,60183060,0,60183060
2018-07-04,60183060,0,60183060
2018-07-05,60183060,0,60183060
2018-07-06,60183060,0,60183060
2018-07-07,60183060,0,60183060
2018-07-08,60183060,0,60183060
2018-07-09,60183060,0,60183060
2018-07-10,60183060,0,60183060
2018-07-11,60183060,0,60183060
2018-07-12,60183060,0,60183060
2018-07-13,60183060,0,60183060
2018-07-14,60183060,0,60183060
2018-07-15,60183060,0,60183060
2018-07-16,60183060,0,60183060
2018-07-17,60183060,0,60183060
2018-07-18,60183060,0,60183060
2018-07-19,60183060,0,60183060
2018-07-20,60183060,0,60183060
2018-07-21,60183060,0,60183060
2018-07-22,60183060,0,60183060
2018-07-23,60183060,0,60183060
2018-07-24,60183060,0,60183060
2018-07-25,60183060,0,60183060
2018-07-26,60183060,0,60183060
2018-07-27,60183060,0,60183060
2018-07-28,60183060,0,60183060
2018-07-29,30146348,-30036712,30146348
2018-07-30,30146348,0,30146348
2018-07-31,15127992,-15018356,15127992
2018-08-01,15127992,0,15127992
2018-08-02,15127992,0,15127992
2018-08-03,15127992,0,15127992
2018-08-04,15127992,0,15127992
2018-08-05,15127992,0,15127992
2018-08-06,15127992,0,15127992
2018-08-07,15127992,0,15127992
2018-08-08,15127992,0,15127992
2018-08-09,15127992,0,15127992
2018-08-10,15127992,0,15127992
2018-08-11,15127992,0,15127992
2018-08-12,15127992,0,15127992
2018-08-13,15127992,0,15127992
2018-08-14,15127992,0,15127992
2018-08-15,15127992,0,15127992
2018-08-16,15127992,0,15127992
2018-08-17,15127992,0,15127992
2018-08-18,15127992,0,15127992
2018-08-19,15127992,0,15127992
2018-08-20,15127992,0,15127992
2018-08-21,15127992,0,15127992
2018-08-22,15127992,0,15127992
2018-08-23,15127992,0,15127992
2018-08-24,15127992,0,15127992
2018-08-25,15127992,0,15127992
2018-08-26,15127992,0,15127992
2018-08-27,15127992,0,15127992
2018-08-28,15127992,0,15127992
2018-08-29,15127992,0,15127992
2018-08-30,15127992,0,15127992
2018-08-31,15127992,0,15127992
2018-09-01,15127992,0,15127992
2018-09-02,15127992,0,15127992
2018-09-03,15127992,0,15127992
2018-09-04,15127992,0,15127992
2018-09-05,15127992,0,15127992
2018-09-06,25140229,10012237,25140229
2018-09-07,25140229,0,25140229
2018-09-08,25140229,0,25140229
2018-09-09,25140229,0,25140229
2018-09-10,25140229,0,25140229
2018-09-11,25140712,483,25140712
2018-09-12,25392059,251347,25392059
2018-09-13,25391909,-150,25391909
2018-09-14,25392288,379,25392288
2018-09-15,25392288,0,25392288
2018-09-16,25392288,0,25392288
2018-09-17,25392288,0,25392288
2018-09-18,25392985,697,25392985
2018-09-19,26695998,1303013,26695998
2018-09-20,26696474,476,26696474
2018-09-21,33244652,6548178,33244652
2018-09-22,36823225,3578573,36823225
2018-09-23,37324489,501264,37324489
2018-09-24,37324489,0,37324489
2018-09-25,38337242,1012753,38337242
2018-09-26,38337244,2,38337244
2018-09-27,40453807,2116563,40453807
2018-09-28,42437155,1983348,42437155
2018-09-29,43376361,939206,43376361
2018-09-30,43376612,251,43376612
2018-10-01,43376903,291,43376903
2018-10-02,45388458,2011555,45388458
2018-10-03,45388413,-45,45388413
2018-10-04,56823466,11435053,56823466
2018-10-05,57993365,1169899,57993365
2018-10-06,61183499,3190134,61183499
2018-10-07,61183499,0,61183499
2018-10-08,61183499,0,61183499
2018-10-09,60182585,-1000914,60182585
2018-10-10,61552634,1370049,61552634
2018-10-11,61360426,-192208,61360426
2018-10-12,61746551,386125,61746551
2018-10-13,69255061,7508510,69255061
2018-10-14,71929080,2674019,71929080
2018-10-15,71929080,0,71929080
2018-10-16,95242214,23313134,95242214
2018-10-17,109711981,14469767,109711981
2018-10-18,122669962,12957981,122669962
2018-10-19,122417342,-252620,122417342
2018-10-20,135981661,13564319,135981661
2018-10-21,141215783,5234122,141215783
2018-10-22,141215783,0,141215783
2018-10-23,151222891,10007108,151222891
2018-10-24,217243483,66020592,217243483
2018-10-25,257103694,39860211,257103694
2018-10-26,256515556,-588138,256515556
2018-10-27,268778018,12262462,268778018
2018-10-28,268894610,116592,268894610
2018-10-29,268869717,-24893,268869717
2018-10-30,267841333,-1028384,267841333
2018-10-31,275451031,7609698,275451031
2018-11-01,272496133,-2954898,272496133
2018-11-02,269210270,-3285863,269210270
2018-11-03,292132330,22922060,292132330
2018-11-04,294058746,1926416,294058746
2018-11-05,294033663,-25083,294033663
2018-11-06,298266865,4233202,298266865
2018-11-07,297779746,-487119,297779746
2018-11-08,297547742,-232004,297547742
2018-11-09,298054794,507052,298054794
2018-11-10,296708736,-1346058,296708736
2018-11-11,296708736,0,296708736
2018-11-12,296021542,-687194,296021542
2018-11-13,292118872,-3902670,292118872
2018-11-14,297041913,4923041,297041913
2018-11-15,298967249,1925336,298967249
2018-11-16,299882149,914900,299882149
2018-11-17,302927985,3045836,302927985
2018-11-18,303953269,1025284,303953269
2018-11-19,304152930,199661,304152930
2018-11-20,305428397,1275467,305428397
2018-11-21,319244243,13815846,319244243
2018-11-22,326123561,6879318,326123561
2018-11-23,328024067,1900506,328024067
2018-11-24,333262460,5238393,333262460
2018-11-25,332267337,-995123,332267337
2018-11-26,332211506,-55831,332211506
2018-11-27,328550723,-3660783,328550723
2018-11-28,330659500,2108777,330659500
2018-11-29,334987955,4328455,334987955
2018-11-30,345832864,10844909,345832864
2018-12-01,367519554,21686690,367519554
2018-12-02,369084000,1564446,369084000
2018-12-03,369085003,1003,369085003
2018-12-04,387312583,18227580,387312583
2018-12-05,378001146,-9311437,378001146
2018-12-06,366256061,-11745085,366256061
2018-12-07,374919630,8663569,374919630
2018-12-08,381748882,6829252,381748882
2018-12-09,385657551,3908669,385657551
2018-12-10,385820137,162586,385820137
2018-12-11,387395091,1574954,387395091
2018-12-12,380981952,-6413139,380981952
2018-12-13,376954688,-4027264,376954688
2018-12-14,374938971,-2015717,374938971
2018-12-15,381787156,6848185,381787156
2018-12-16,382039817,252661,382039817
2018-12-17,382024207,-15610,382024207
2018-12-18,389327690,7303483,389327690
2018-12-19,389560576,232886,389560576
2018-12-20,397844173,8283597,397844173
2018-12-21,401433768,3589595,401433768
2018-12-22,410390309,8956541,410390309
2018-12-23,410363120,-27189,410363120
2018-12-24,410339228,-23892,410339228
2018-12-25,409321624,-1017604,409321624
2018-12-26,409367178,45554,409367178
2018-12-27,406994581,-2372597,406994581
2018-12-28,412902606,5908025,412902606
2018-12-29,413094578,191972,413094578
2018-12-30,417643665,4549087,417643665
2018-12-31,417700790,57125,417700790
2019-01-01,418703521,1002731,418703521
2019-01-02,426564735,7861214,426564735
2019-01-03,441434209,14869474,441434209
2019-01-04,445431052,3996843,445431052
2019-01-05,656909286,211478234,656909286
2019-01-06,657861456,952170,657861456
2019-01-07,668087067,10225611,668087067
2019-01-08,678079079,9992012,678079079
2019-01-09,686145503,8066424,686145503
2019-01-10,703514342,17368839,703514342
2019-01-11,705507303,1992961,705507303
2019-01-12,714602946,9095643,714602946
2019-01-13,724437741,9834795,724437741
2019-01-14,731674142,7236401,731674142
2019-01-15,731738123,63981,731738123
2019-01-16,729362227,-2375896,729362227
2019-01-17,686093928,-43268299,686093928
2019-01-18,686127155,33227,686127155
2019-01-19,693185573,7058418,693185573
2019-01-20,697968355,4782782,697968355
2019-01-21,697915422,-52933,697915422
2019-01-22,699320589,1405167,699320589
2019-01-23,702324563,3003974,702324563
2019-01-24,683428650,-18895913,683428650
2019-01-25,694331097,10902447,694331097
2019-01-26,695918449,1587352,695918449
2019-01-27,694057902,-1860547,694057902
2019-01-28,699972824,5914922,699972824
2019-01-29,684559282,-15413542,684559282
2019-01-30,679941688,-4617594,679941688
2019-01-31,677980074,-1961614,677980074
2019-02-01,656437527,-21542547,656437527
2019-02-02,656405523,-32004,656405523
2019-02-03,654566639,-1838884,654566639
2019-02-04,654848641,282002,654848641
2019-02-05,643315124,-11533517,643315124
2019-02-06,642871918,-443206,642871918
2019-02-07,640843963,-2027955,640843963
2019-02-08,627132420,-13711543,627132420
2019-02-09,611597009,-15535411,611597009
2019-02-10,611475070,-121939,611475070
2019-02-11,610173405,-1301665,610173405
2019-02-12,610558760,385355,610558760
2019-02-13,609291859,-1266901,609291859
2019-02-14,593576990,-15714869,593576990
2019-02-15,594209465,632475,594209465
2019-02-16,593853460,-356005,593853460
2019-02-17,593390804,-462656,593390804
2019-02-18,592819777,-571027,592819777
2019-02-19,591365386,-1454391,591365386
2019-02-20,592981187,1615801,592981187
2019-02-21,592856781,-124406,592856781
2019-02-22,575529413,-17327368,575529413
2019-02-23,607983505,32454092,607983505
2019-02-24,607429187,-554318,607429187
2019-02-25,606147704,-1281483,606147704
2019-02-26,604917530,-1230174,604917530
2019-02-27,607194119,2276589,607194119
2019-02-28,608018395,824276,608018395
2019-03-01,604631800,-3386595,604631800
2019-03-02,609457831,4826031,609457831
2019-03-03,614875880,5418049,614875880
2019-03-04,614066103,-809777,614066103
2019-03-05,617503191,3437088,617503191
2019-03-06,617183684,-319507,617183684
2019-03-07,616311266,-872418,616311266
2019-03-08,605705037,-10606229,605705037
2019-03-09,611676177,5971140,611676177
2019-03-10,612117513,441336,612117513
2019-03-11,612152961,35448,612152961
2019-03-12,615786107,3633146,615786107
2019-03-13,617293944,1507837,617293944
2019-03-14,616581546,-712398,616581546
2019-03-15,617405906,824360,617405906
2019-03-16,616504073,-901833,616504073
2019-03-17,616440390,-63683,616440390
2019-03-18,615168972,-1271418,615168972
2019-03-19,619934631,4765659,619934631
2019-03-20,620783471,848840,620783471
2019-03-21,620504007,-279464,620504007
2019-03-22,626348097,5844090,626348097
2019-03-23,627092805,744708,627092805
2019-03-24,627265746,172941,627265746
2019-03-25,627372647,106901,627372647
2019-03-26,627569909,197262,627569909
2019-03-27,626551023,-1018886,626551023
2019-03-28,626906132,355109,626906132
2019-03-29,624022441,-2883691,624022441
2019-03-30,623555382,-467059,623555382
2019-03-31,623329180,-226202,623329180
2019-04-01,624879301,1550121,624879301
2019-04-02,626365738,1486437,626365738
2019-04-03,629623776,3258038,629623776
2019-04-04,629220955,-402821,629220955
2019-04-05,628933457,-287498,628933457
2019-04-06,630486890,1553433,630486890
2019-04-07,630698261,211371,630698261
2019-04-08,630813921,115660,630813921
2019-04-09,650072928,19259007,650072928
2019-04-10,666931817,16858889,666931817
2019-04-11,705608292,38676475,705608292
2019-04-12,709478062,3869770,709478062
2019-04-13,728760160,19282098,728760160
2019-04-14,724085121,-4675039,724085121
2019-04-15,726583178,2498057,726583178
2019-04-16,745335594,18752416,745335594
2019-04-17,751906981,6571387,751906981
2019-04-18,805597016,53690035,805597016
2019-04-19,805350312,-246704,805350312
2019-04-20,816170941,10820629,816170941
2019-04-21,810791842,-5379099,810791842
2019-04-22,823381930,12590088,823381930
2019-04-23,820431880,-2950050,820431880
2019-04-24,885025412,64593532,885025412
2019-04-25,937207494,52182082,937207494
2019-04-26,993315656,56108162,993315656
2019-04-27,1004584996,11269340,1004584996
2019-04-28,1043037039,38452043,1043037039
2019-04-29,1045269038,2231999,1045269038
2019-04-30,1065014749,19745711,1065014749
2019-05-01,1074402138,9387389,1074402138
2019-05-02,1083256383,8854245,1083256383
2019-05-03,1094832692,11576309,1094832692
2019-05-04,1108522300,13689608,1108522300
2019-05-05,1114859896,6337596,1114859896
2019-05-06,1118149291,3289395,1118149291
2019-05-07,1124471295,6322004,1124471295
2019-05-08,1128582140,4110845,1128582140
2019-05-09,1137964062,9381922,1137964062
2019-05-10,1079104013,-58860049,1079104013
2019-05-11,1091691954,12587941,1091691954
2019-05-12,1092385725,693771,1092385725
2019-05-13,1094836871,2451146,1094836871
2019-05-14,1116617023,21780152,1116617023
2019-05-15,1114402458,-2214565,1114402458
2019-05-16,1124597074,10194616,1124597074
2019-05-17,1131070008,6472934,1131070008
2019-05-18,1134055734,2985726,1134055734
2019-05-19,1137344847,3289113,1137344847
2019-05-20,1141824590,4479743,1141824590
2019-05-21,1161582545,19757955,1161582545
2019-05-22,1187050787,25468242,1187050787
2019-05-23,1202639553,15588766,1202639553
2019-05-24,1219342854,16703301,1219342854
2019-05-25,1260098111,40755257,1260098111
2019-05-26,1279466775,19368664,1279466775
2019-05-27,1289093842,9627067,1289093842
2019-05-28,1295258842,6165000,1295258842
2019-05-29,1306525492,11266650,1306525492
2019-05-30,1330388464,23862972,1330388464
2019-05-31,1302219330,-28169134,1302219330
2019-06-01,1316565784,14346454,1316565784
2019-06-02,1320111780,3545996,1320111780
2019-06-03,1319957173,-154607,1319957173
2019-06-04,1328807069,8849896,1328807069
2019-06-05,1340032591,11225522,1340032591
2019-06-06,1369262153,29229562,1369262153
2019-06-07,1400091041,30828888,1400091041
2019-06-08,1414345017,14253976,1414345017
2019-06-09,1414342544,-2473,1414342544
2019-06-10,1416353656,2011112,1416353656
2019-06-11,1455628105,39274449,1455628105
2019-06-12,1487476353,31848248,1487476353
2019-06-13,1532681290,45204937,1532681290
2019-06-14,1553258375,20577085,1553258375
2019-06-15,1574353049,21094674,1574353049
2019-06-16,1585454750,11101701,1585454750
2019-06-17,1607180551,21725801,1607180551
2019-06-18,1629312264,22131713,1629312264
2019-06-19,1635358837,6046573,1635358837
2019-06-20,1632059716,-3299121,1632059716
2019-06-21,1647621759,15562043,1647621759
2019-06-22,1660454764,12833005,1660454764
2019-06-23,1661740777,1286013,1661740777
2019-06-24,1676241608,14500831,1676241608
2019-06-25,1666845035,-9396573,1666845035
2019-06-26,1684973417,18128382,1684973417
2019-06-27,1685552007,578590,1685552007
2019-06-28,1705236168,19684161,1705236168
2019-06-29,1736888606,31652438,1736888606
2019-06-30,1766831762,29943156,1766831762
2019-07-01,1766659769,-171993,1766659769
2019-07-02,1786939453,20279684,1786939453
2019-07-03,1806539915,19600462,1806539915
2019-07-04,1863841156,57301241,1863841156
2019-07-05,1899685625,35844469,1899685625
2019-07-06,1950307325,50621700,1950307325
2019-07-07,1968012844,17705519,1968012844
2019-07-08,1977795201,9782357,1977795201
2019-07-09,2034665676,56870475,2034665676
2019-07-10,2069383596,34717920,2069383596
2019-07-11,2072119461,2735865,2072119461
2019-07-12,2113854593,41735132,2113854593
2019-07-13,2206512996,92658403,2206512996
2019-07-14,2214044635,7531639,2214044635
2019-07-15,2219216423,5171788,2219216423
2019-07-16,2246616182,27399759,2246616182
2019-07-17,2283251496,36635314,2283251496
2019-07-18,2329551684,46300188,2329551684
2019-07-19,2364681802,35130118,2364681802
2019-07-20,2323711618,-40970184,2323711618
2019-07-21,2324991117,1279499,2324991117
2019-07-22,2333186277,8195160,2333186277
2019-07-23,2338759545,5573268,2338759545
2019-07-24,2336108179,-2651366,2336108179
2019-07-25,2357159682,21051503,2357159682
2019-07-26,2363643120,6483438,2363643120
2019-07-27,2363134240,-508880,2363134240
2019-07-28,2372507685,9373445,2372507685
2019-07-29,2378024208,5516523,2378024208
2019-07-30,2406231589,28207381,2406231589
2019-07-31,2410754774,4523185,2410754774
2019-08-01,2419958837,9204063,2419958837
2019-08-02,2417490079,-2468758,2417490079
2019-08-03,2401420673,-16069406,2401420673
2019-08-04,2410391794,8971121,2410391794
2019-08-05,2418436211,8044417,2418436211
2019-08-06,2497816143,79379932,2497816143
2019-08-07,2497413191,-402952,2497413191
2019-08-08,2489193613,-8219578,2489193613
2019-08-09,2481193249,-8000364,2481193249
2019-08-10,2457383265,-23809984,2457383265
2019-08-11,2461545925,4162660,2461545925
2019-08-12,2467056340,5510415,2467056340
2019-08-13,2461275948,-5780392,2461275948
2019-08-14,2444576386,-16699562,2444576386
2019-08-15,2446072128,1495742,2446072128
2019-08-16,2437135234,-8936894,2437135234
2019-08-17,2445238089,8102855,2445238089
2019-08-18,2445015653,-222436,2445015653
2019-08-19,2445847972,832319,2445847972
2019-08-20,2449533081,3685109,2449533081
2019-08-21,2444419632,-5113449,2444419632
2019-08-22,2466833723,22414091,2466833723
2019-08-23,2468871948,2038225,2468871948
2019-08-24,2476648055,7776107,2476648055
2019-08-25,2475467081,-1180974,2475467081
2019-08-26,2477336460,1869379,2477336460
2019-08-27,2473973486,-3362974,2473973486
2019-08-28,2467186992,-6786494,2467186992
2019-08-29,2472630449,5443457,2472630449
2019-08-30,2502101641,29471192,2502101641
2019-08-31,2511467562,9365921,2511467562
2019-09-01,2510705599,-761963,2510705599
2019-09-02,2509464863,-1240736,2509464863
2019-09-03,2514595784,5130921,2514595784
2019-09-04,2540955139,26359355,2540955139
2019-09-05,2533527300,-7427839,2533527300
2019-09-06,2573699148,40171848,2573699148
2019-09-07,2601324872,27625724,2601324872
2019-09-08,2603893504,2568632,2603893504
2019-09-09,2600817246,-3076258,2600817246
2019-09-10,2596372411,-4444835,2596372411
2019-09-11,2604927130,8554719,2604927130
2019-09-12,2603875369,-1051761,2603875369
2019-09-13,2911278010,307402641,2911278010
2019-09-14,2917532449,6254439,2917532449
2019-09-15,2920000940,2468491,2920000940
2019-09-16,2919434954,-565986,2919434954
2019-09-17,2908515981,-10918973,2908515981
2019-09-18,2895246296,-13269685,2895246296
2019-09-19,2878752569,-16493727,2878752569
2019-09-20,2877558426,-1194143,2877558426
2019-09-21,2867790725,-9767701,2867790725
2019-09-22,2867501777,-288948,2867501777
2019-09-23,2869496457,1994680,2869496457
2019-09-24,2875518005,6021548,2875518005
2019-09-25,2895740486,20222481,2895740486
2019-09-26,2928533593,32793107,2928533593
2019-09-27,2925736459,-2797134,2925736459
2019-09-28,2937214128,11477669,2937214128
2019-09-29,2944065164,6851036,2944065164
2019-09-30,2949092827,5027663,2949092827
2019-10-01,2961968568,12875741,2961968568
2019-10-02,2986861529,24892961,2986861529
2019-10-03,3015952498,29090969,3015952498
2019-10-04,3047695165,31742667,3047695165
2019-10-05,3052193752,4498587,3052193752
2019-10-06,3052518668,324916,3052518668
2019-10-07,3074659130,22140462,3074659130
2019-10-08,3079252133,4593003,3079252133
2019-10-09,3078577267,-674866,3078577267
2019-10-10,3082969846,4392579,3082969846
2019-10-11,3093100020,10130174,3093100020
2019-10-12,3108800792,15700772,3108800792
2019-10-13,3108750721,-50071,3108750721
2019-10-14,3111147223,2396502,3111147223
2019-10-15,3107419491,-3727732,3107419491
2019-10-16,3110035713,2616222,3110035713
2019-10-17,3109572740,-462973,3109572740
2019-10-18,3127911639,18338899,3127911639
2019-10-19,3139555506,11643867,3139555506
2019-10-20,3148064516,8509010,3148064516
2019-10-21,3178361515,30296999,3178361515
2019-10-22,3184832131,6470616,3184832131
2019-10-23,3187422946,2590815,3187422946
2019-10-24,3277004889,89581943,3277004889
2019-10-25,3377391920,100387031,3377391920
2019-10-26,3322678641,-54713279,3322678641
2019-10-27,3328596049,5917408,3328596049
2019-10-28,3326489823,-2106226,3326489823
2019-10-29,3321494318,-4995505,3321494318
2019-10-30,3646785193,325290875,3646785193
2019-10-31,3656623069,9837876,3656623069
2019-11-01,3625997711,-30625358,3625997711
2019-11-02,3624432294,-1565417,3624432294
2019-11-03,3638871951,14439657,3638871951
2019-11-04,3639340876,468925,3639340876
2019-11-05,3627989710,-11351166,3627989710
2019-11-06,3649491291,21501581,3649491291
2019-11-07,3635927613,-13563678,3635927613
2019-11-08,3631682455,-4245158,3631682455
2019-11-09,3618459051,-13223404,3618459051
2019-11-10,3618226228,-232823,3618226228
2019-11-11,3617647752,-578476,3617647752
2019-11-12,3616519417,-1128335,3616519417
2019-11-13,3610517708,-6001709,3610517708
2019-11-14,3609259705,-1258003,3609259705
2019-11-15,3599913225,-9346480,3599913225
2019-11-16,3594129579,-5783646,3594129579
2019-11-17,3597071879,2942300,3597071879
2019-11-18,3596328282,-743597,3596328282
2019-11-19,3590660116,-5668166,3590660116
2019-11-20,3597017502,6357386,3597017502
2019-11-21,3593885270,-3132232,3593885270
2019-11-22,3624101848,30216578,3624101848
2019-11-23,3645855979,21754131,3645855979
2019-11-24,3621319569,-24536410,3621319569
2019-11-25,3627795274,6475705,3627795274
2019-11-26,3671020542,43225268,3671020542
2019-11-27,3671264954,244412,3671264954
2019-11-28,3687589971,16325017,3687589971
2019-11-29,3682473291,-5116680,3682473291
2019-11-30,3693731139,11257848,3693731139
2019-12-01,3696530497,2799358,3696530497
2019-12-02,3699476292,2945795,3699476292
2019-12-03,3738425544,38949252,3738425544
2019-12-04,3733631183,-4794361,3733631183
2019-12-05,3761300671,27669488,3761300671
2019-12-06,3757695207,-3605464,3757695207
2019-12-07,3769105002,11409795,3769105002
2019-12-08,3777712068,8607066,3777712068
2019-12-09,3779792302,2080234,3779792302
2019-12-10,3816928348,37136046,3816928348
2019-12-11,4068643525,251715177,4068643525
2019-12-12,4046661970,-21981555,4046661970
2019-12-13,4052025718,5363748,4052025718
2019-12-14,4046454853,-5570865,4046454853
2019-12-15,4047145798,690945,4047145798
2019-12-16,4048868790,1722992,4048868790
2019-12-17,4058540792,9672002,4058540792
2019-12-18,4060816610,2275818,4060816610
2019-12-19,4093955951,33139341,4093955951
2019-12-20,4142438731,48482780,4142438731
2019-12-21,4170042609,27603878,4170042609
2019-12-22,4163555060,-6487549,4163555060
2019-12-23,4164576755,1021695,4164576755
2019-12-24,4175422499,10845744,4175422499
2019-12-25,4170493520,-4928979,4170493520
2019-12-26,4173471024,2977504,4173471024
2019-12-27,4165855978,-7615046,4165855978
2019-12-28,4169845518,3989540,4169845518
2019-12-29,4165229806,-4615712,4165229806
2019-12-30,4167785868,2556062,4167785868
2019-12-31,4172399815,4613947,4172399815
2020-01-01,4171183915,-1215900,4171183915
2020-01-02,4172339379,1155464,4172339379
2020-01-03,5263029449,1090690070,5263029449
2020-01-04,5317903566,54874117,5317903566
2020-01-05,5322101858,4198292,5322101858
2020-01-06,5316121908,-5979950,5316121908
2020-01-07,5325138380,9016472,5325138380
2020-01-08,5304331004,-20807376,5304331004
2020-01-09,5275432151,-28898853,5275432151
2020-01-10,5273924299,-1507852,5273924299
2020-01-11,5259752141,-14172158,5259752141
2020-01-12,5234934725,-24817416,5234934725
2020-01-13,5245783884,10849159,5245783884
2020-01-14,5231385318,-14398566,5231385318
2020-01-15,5216671448,-14713870,5216671448
2020-01-16,5235012363,18340915,5235012363
2020-01-17,5232415331,-2597032,5232415331
2020-01-18,5224614339,-7800992,5224614339
2020-01-19,5221882346,-2731993,5221882346
2020-01-20,5227154052,5271706,5227154052
2020-01-21,5221336668,-5817384,5221336668
2020-01-22,5219971982,-1364686,5219971982
2020-01-23,5227729620,7757638,5227729620
2020-01-24,5215652091,-12077529,5215652091
2020-01-25,5226584411,10932320,5226584411
2020-01-26,5220949191,-5635220,5220949191
2020-01-27,5223306407,2357216,5223306407
2020-01-28,5213807404,-9499003,5213807404
2020-01-29,5241286354,27478950,5241286354
2020-01-30,5225319308,-15967046,5225319308
2020-01-31,5227722361,2403053,5227722361
2020-02-01,5223708022,-4014339,5223708022
2020-02-02,5225343587,1635565,5225343587
2020-02-03,5229795520,4451933,5229795520
2020-02-04,5235733266,5937746,5235733266
2020-02-05,5221892129,-13841137,5221892129
2020-02-06,5215313720,-6578409,5215313720
2020-02-07,5221658747,6345027,5221658747
2020-02-08,5211462780,-10195967,5211462780
2020-02-09,5215838450,4375670,5215838450
2020-02-10,5243178189,27339739,5243178189
2020-02-11,5224485837,-18692352,5224485837
2020-02-12,5222502601,-1983236,5222502601
2020-02-13,5217445835,-5056766,5217445835
2020-02-14,5226055786,8609951,5226055786
2020-02-15,5224982222,-1073564,5224982222
2020-02-16,5224513135,-469087,5224513135
2020-02-17,5233688392,9175257,5233688392
2020-02-18,5242743901,9055509,5242743901
2020-02-19,5228236453,-14507448,5228236453
2020-02-20,5228023411,-213042,5228023411
2020-02-21,5226047156,-1976255,5226047156
2020-02-22,5232028938,5981782,5232028938
2020-02-23,5231475395,-553543,5231475395
2020-02-24,5241127908,9652513,5241127908
2020-02-25,5219704618,-21423290,5219704618
2020-02-26,5217265149,-2439469,5217265149
2020-02-27,5212229955,-5035194,5212229955
2020-02-28,5235746126,23516171,5235746126
2020-02-29,5228258455,-7487671,5228258455
2020-03-01,5223885102,-4373353,5223885102
2020-03-02,5229647485,5762383,5229647485
2020-03-03,5231240071,1592586,5231240071
2020-03-04,5244698752,13458681,5244698752
2020-03-05,5244149199,-549553,5244149199
2020-03-06,5228153391,-15995808,5228153391
2020-03-07,5243060587,14907196,5243060587
2020-03-08,5241439606,-1620981,5241439606
2020-03-09,5211954498,-29485108,5211954498
2020-03-10,5247349957,35395459,5247349957
2020-03-11,5248279700,929743,5248279700
2020-03-12,5275124338,26844638,5275124338
2020-03-13,5300063186,24938848,5300063186
2020-03-14,5388296097,88232911,5388296097
2020-03-15,5325996363,-62299734,5325996363
2020-03-16,5391280199,65283836,5391280199
2020-03-17,5408977302,17697103,5408977302
2020-03-18,5424695019,15717717,5424695019
2020-03-19,5358062292,-66632727,5358062292
2020-03-20,5440815259,82752967,5440815259
2020-03-21,5481009210,40193951,5481009210
2020-03-22,5435070454,-45938756,5435070454
2020-03-23,5460360343,25289889,5460360343
2020-03-24,5479578866,19218523,5479578866
2020-03-25,5498952201,19373335,5498952201
2020-03-26,5523480109,24527908,5523480109
2020-03-27,5509246065,-14234044,5509246065
2020-03-28,5486237668,-23008397,5486237668
2020-03-29,5497449798,11212130,5497449798
2020-03-30,5504589512,7139714,5504589512
2020-03-31,5498129318,-6460194,5498129318
2020-04-01,5484245718,-13883600,5484245718
2020-04-02,5506879823,22634105,5506879823
2020-04-03,7520361335,2013481512,7520361335
2020-04-04,7562443213,42081878,7562443213
2020-04-05,7557471767,-4971446,7557471767
2020-04-06,7572365440,14893673,7572365440
2020-04-07,7551042009,-21323431,7551042009
2020-04-08,7548153522,-2888487,7548153522
2020-04-09,7568216566,20063044,7568216566
2020-04-10,7579440165,11223599,7579440165
2020-04-11,7585666155,6225990,7585666155
2020-04-12,7585181801,-484354,7585181801
2020-04-13,7597510990,12329189,7597510990
2020-04-14,7588940386,-8570604,7588940386
2020-04-15,7613376819,24436433,7613376819
2020-04-16,7594803190,-18573629,7594803190
2020-04-17,7819217665,224414475,7819217665
2020-04-18,7801664672,-17552993,7801664672
2020-04-19,7800496165,-1168507,7800496165
2020-04-20,7823573706,23077541,7823573706
2020-04-21,7830793196,7219490,7830793196
2020-04-22,7810784076,-20009120,7810784076
2020-04-23,8587470416,776686340,8587470416
2020-04-24,8553117734,-34352682,8553117734
2020-04-25,8572630885,19513151,8572630885
2020-04-26,8604432709,31801824,8604432709
2020-04-27,8625455878,21023169,8625455878
2020-04-28,8633110935,7655057,8633110935
2020-04-29,8600774867,-32336068,8600774867
2020-04-30,9147699579,546924712,9147699579
2020-05-01,9140635937,-7063642,9140635937
2020-05-02,9207527701,66891764,9207527701
2020-05-03,9228432767,20905066,9228432767
2020-05-04,9255372698,26939931,9255372698
2020-05-05,9230502496,-24870202,9230502496
2020-05-06,9314529388,84026892,9314529388
2020-05-07,9385201295,70671907,9385201295
2020-05-08,9549415672,164214377,9549415672
2020-05-09,9624782717,75367045,9624782717
2020-05-10,9786861585,162078868,9786861585
2020-05-11,9949939825,163078240,9949939825
2020-05-12,9963394794,13454969,9963394794
2020-05-13,10116820987,153426193,10116820987
2020-05-14,10136924145,20103158,10136924145
2020-05-15,10264751759,127827614,10264751759
2020-05-16,10320558024,55806265,10320558024
2020-05-17,10341701634,21143610,10341701634
2020-05-18,10434326150,92624516,10434326150
2020-05-19,10406775076,-27551074,10406775076
2020-05-20,10376233394,-30541682,10376233394
2020-05-21,10407425906,31192512,10407425906
2020-05-22,10385964684,-21461222,10385964684
2020-05-23,10363482963,-22481721,10363482963
2020-05-24,10370019549,6536586,10370019549
2020-05-25,10442671143,72651594,10442671143
2020-05-26,10484879220,42208077,10484879220
2020-05-27,10475714784,-9164436,10475714784
2020-05-28,10504143820,28429036,10504143820
2020-05-29,10521810563,17666743,10521810563
2020-05-30,10519046047,-2764516,10519046047
2020-05-31,10585121020,66074973,10585121020
2020-06-01,10554004111,-31116909,10554004111
2020-06-02,10586824965,32820854,10586824965
2020-06-03,10671128095,84303130,10671128095
2020-06-04,10695185238,24057143,10695185238
2020-06-05,10737882005,42696767,10737882005
2020-06-06,10738031561,149556,10738031561
2020-06-07,10761958070,23926509,10761958070
2020-06-08,10787742244,25784174,10787742244
2020-06-09,10823151728,35409484,10823151728
2020-06-10,10829666746,6515018,10829666746
2020-06-11,10890764535,61097789,10890764535
2020-06-12,10905210278,14445743,10905210278
2020-06-13,10968146982,62936704,10968146982
2020-06-14,10974580616,6433634,10974580616
2020-06-15,10981821533,7240917,10981821533
2020-06-16,10993052761,11231228,10993052761
2020-06-17,11046065654,53012893,11046065654
2020-06-18,11076394900,30329246,11076394900
2020-06-19,11128934632,52539732,11128934632
2020-06-20,11221972787,93038155,11221972787
2020-06-21,11269431397,47458610,11269431397
2020-06-22,11291371486,21940089,11291371486
2020-06-23,11339256517,47885031,11339256517
2020-06-24,11296008399,-43248118,11296008399
2020-06-25,11311637151,15628752,11311637151
2020-06-26,11296196966,-15440185,11296196966
2020-06-27,11332058794,35861828,11332058794
2020-06-28,11374659438,42600644,11374659438
2020-06-29,11380691760,6032322,11380691760
2020-06-30,11358673903,-22017857,11358673903
2020-07-01,11383093396,24419493,11383093396
2020-07-02,11425556916,42463520,11425556916
2020-07-03,11431108455,5551539,11431108455
2020-07-04,11483052161,51943706,11483052161
2020-07-05,11548633482,65581321,11548633482
2020-07-06,11565106680,16473198,11565106680
2020-07-07,11583052130,17945450,11583052130
2020-07-08,11613650912,30598782,11613650912
2020-07-09,11655649781,41998869,11655649781
2020-07-10,11700112852,44463071,11700112852
2020-07-11,11725234590,25121738,11725234590
2020-07-12,11771509505,46274915,11771509505
2020-07-13,11763836778,-7672727,11763836778
2020-07-14,11780976433,17139655,11780976433
2020-07-15,11773476460,-7499973,11773476460
2020-07-16,11813810554,40334094,11813810554
2020-07-17,11830259623,16449069,11830259623
2020-07-18,11849455193,19195570,11849455193
2020-07-19,11894179709,44724516,11894179709
2020-07-20,11969106677,74926968,11969106677
2020-07-21,11938472006,-30634671,11938472006
2020-07-22,11975957518,37485512,11975957518
2020-07-23,12097975744,122018226,12097975744
2020-07-24,12204801535,106825791,12204801535
2020-07-25,12347906320,143104785,12347906320
2020-07-26,12372278797,24372477,12372278797
2020-07-27,12465221658,92942861,12465221658
2020-07-28,12383296918,-81924740,12383296918
2020-07-29,12687742037,304445119,12687742037
2020-07-30,12857007871,169265834,12857007871
2020-07-31,12945799525,88791654,12945799525
2020-08-01,12997040523,51240998,12997040523
2020-08-02,13171858040,174817517,13171858040
2020-08-03,13308724862,136866822,13308724862
2020-08-04,13363209257,54484395,13363209257
2020-08-05,13431874835,68665578,13431874835
2020-08-06,13517437732,85562897,13517437732
2020-08-07,13606345989,88908257,13606345989
2020-08-08,13782849335,176503346,13782849335
2020-08-09,13931351384,148502049,13931351384
2020-08-10,14015095923,83744539,14015095923
2020-08-11,14044986697,29890774,14044986697
2020-08-12,14201087438,156100741,14201087438
2020-08-13,14274053304,72965866,14274053304
2020-08-14,14412843493,138790189,14412843493
2020-08-15,14729755991,316912498,14729755991
2020-08-16,14716514938,-13241053,14716514938
2020-08-17,14789004093,72489155,14789004093
2020-08-18,14946391238,157387145,14946391238
2020-08-19,15211544080,265152842,15211544080
2020-08-20,15234414789,22870709,15234414789
2020-08-21,15351565275,117150486,15351565275
2020-08-22,15483952267,132386992,15483952267
2020-08-23,15589971518,106019251,15589971518
2020-08-24,15651852185,61880667,15651852185
2020-08-25,15683049208,31197023,15683049208
2020-08-26,15713038116,29988908,15713038116
2020-08-27,15739839907,26801791,15739839907
2020-08-28,15916692357,176852450,15916692357
2020-08-29,16027177068,110484711,16027177068
2020-08-30,16239233729,212056661,16239233729
2020-08-31,16279044423,39810694,16279044423
2020-09-01,15532002662,-747041761,15532002662
2020-09-02,15710624166,178621504,15710624166
2020-09-03,15988893435,278269269,15988893435
2020-09-04,16074034556,85141121,16074034556
2020-09-05,16250017617,175983061,16250017617
2020-09-06,16314487648,64470031,16314487648
2020-09-07,16369358912,54871264,16369358912
2020-09-08,16693319540,323960628,16693319540
2020-09-09,16683353126,-9966414,16683353126
2020-09-10,17028544020,345190894,17028544020
2020-09-11,17127423300,98879280,17127423300
2020-09-12,17222888229,95464929,17222888229
2020-09-13,17296473959,73585730,17296473959
2020-09-14,17626513489,330039530,17626513489
2020-09-15,16766487247,-860026242,16766487247
2020-09-16,17914861141,1148373894,17914861141
2020-09-17,18167633011,252771870,18167633011
2020-09-18,18397062583,229429572,18397062583
2020-09-19,18522247374,125184791,18522247374
2020-09-20,18818356670,296109296,18818356670
2020-09-21,18900033656,81676986,18900033656
2020-09-22,18962696330,62662674,18962696330
2020-09-23,18988744019,26047689,18988744019
2020-09-24,19071443302,82699283,19071443302
2020-09-25,19143946257,72502955,19143946257
2020-09-26,19167981519,24035262,19167981519
2020-09-27,19254845168,86863649,19254845168
2020-09-28,19302943363,48098195,19302943363
2020-09-29,19215170367,-87772996,19215170367
2020-09-30,19222845395,7675028,19222845395
2020-10-01,19240552781,17707386,19240552781
2020-10-02,19388146193,147593412,19388146193
2020-10-03,19469681949,81535756,19469681949
2020-10-04,19515757283,46075334,19515757283
2020-10-05,19538488716,22731433,19538488716
2020-10-06,19556497402,18008686,19556497402
2020-10-07,19592005881,35508479,19592005881
2020-10-08,19610520376,18514495,19610520376
2020-10-09,19885140655,274620279,19885140655
2020-10-10,19968511646,83370991,19968511646
2020-10-11,20027811790,59300144,20027811790
2020-10-12,20049862183,22050393,20049862183
2020-10-13,20076105724,26243541,20076105724
2020-10-14,20044629130,-31476594,20044629130
2020-10-15,20031295392,-13333738,20031295392
2020-10-16,20020759547,-10535845,20020759547
2020-10-17,19996328714,-24430833,19996328714
2020-10-18,19989049444,-7279270,19989049444
2020-10-19,20028314554,39265110,20028314554
2020-10-20,20161464213,133149659,20161464213
2020-10-21,20490481064,329016851,20490481064
2020-10-22,20582540993,92059929,20582540993
2020-10-23,20687161494,104620501,20687161494
2020-10-24,20667287789,-19873705,20667287789
2020-10-25,20703575834,36288045,20703575834
2020-10-26,20739303757,35727923,20739303757
2020-10-27,20820459145,81155388,20820459145
2020-10-28,20852357853,31898708,20852357853
2020-10-29,21000285806,147927953,21000285806
2020-10-30,21036905639,36619833,21036905639
2020-10-31,21187499543,150593904,21187499543
2020-11-01,21231726205,44226662,21231726205
2020-11-02,21248302437,16576232,21248302437
2020-11-03,21233946173,-14356264,21233946173
2020-11-04,21366589230,132643057,21366589230
2020-11-05,21322481969,-44107261,21322481969
2020-11-06,21608958242,286476273,21608958242
2020-11-07,21720781734,111823492,21720781734
2020-11-08,21755135515,34353781,21755135515
2020-11-09,21741002105,-14133410,21741002105
2020-11-10,21681847475,-59154630,21681847475
2020-11-11,21851417384,169569909,21851417384
2020-11-12,22050019495,198602111,22050019495
2020-11-13,22221618449,171598954,22221618449
2020-11-14,22249954555,28336106,22249954555
2020-11-15,22293125031,43170476,22293125031
2020-11-16,22295960588,2835557,22295960588
2020-11-17,22431750392,135789804,22431750392
2020-11-18,22375423887,-56326505,22375423887
2020-11-19,22386337655,10913768,22386337655
2020-11-20,22566217488,179879833,22566217488
2020-11-21,22967085725,400868237,22967085725
2020-11-22,23021343457,54257732,23021343457
2020-11-23,23085482714,64139257,23085482714
2020-11-24,23245455645,159972931,23245455645
2020-11-25,23468751798,223296153,23468751798
2020-11-26,23476455550,7703752,23476455550
2020-11-27,23456593336,-19862214,23456593336
2020-11-28,23444438936,-12154400,23444438936
2020-11-29,23590477413,146038477,23590477413
2020-11-30,23608193267,17715854,23608193267
2020-12-01,24042598073,434404806,24042598073
2020-12-02,24234987463,192389390,24234987463
2020-12-03,24292980539,57993076,24292980539
2020-12-04,24394975270,101994731,24394975270
2020-12-05,24602472650,207497380,24602472650
2020-12-06,24631922957,29450307,24631922957
2020-12-07,24679621713,47698756,24679621713
2020-12-08,24610380941,-69240772,24610380941
2020-12-09,24603810064,-6570877,24603810064
2020-12-10,24601247569,-2562495,24601247569
2020-12-11,24755657672,154410103,24755657672
2020-12-12,24801836725,46179053,24801836725
2020-12-13,24925034081,123197356,24925034081
2020-12-14,24978025621,52991540,24978025621
2020-12-15,25045581404,67555783,25045581404
2020-12-16,25274413332,228831928,25274413332
2020-12-17,25408602917,134189585,25408602917
2020-12-18,25434573975,25971058,25434573975
2020-12-19,25692992103,258418128,25692992103
2020-12-20,25835344038,142351935,25835344038
2020-12-21,25829530660,-5813378,25829530660
2020-12-22,25956637288,127106628,25956637288
2020-12-23,25937013754,-19623534,25937013754
2020-12-24,26187858197,250844443,26187858197
2020-12-25,26491777649,303919452,26491777649
2020-12-26,26526907626,35129977,26526907626
2020-12-27,26550584276,23676650,26550584276
2020-12-28,26583425154,32840878,26583425154
2020-12-29,26831297054,247871900,26831297054
2020-12-30,26887152847,55855793,26887152847
2020-12-31,27068783502,181630655,27064715439
2021-01-01,27380363743,311580241,27375658126
2021-01-02,28278890788,898527045,28273706662
2021-01-03,29260062922,981172134,29253311943
2021-01-04,29429076676,169013754,29421759680
2021-01-05,29287763236,-141313440,29278125285
2021-01-06,30093493028,805729792,30082707424
2021-01-07,31136768834,1043275806,31125447521
2021-01-08,31218255291,81486457,31205749318
2021-01-09,32070090637,851835346,32056057167
2021-01-10,32358506043,288415406,32342791893
2021-01-11,32281447819,-77058224,32265050108
2021-01-12,32292930929,11483110,32277903447
2021-01-13,32584188210,291257281,32566525810
2021-01-14,32656134742,71946532,32637676033
2021-01-15,32660668611,4533869,32643280328
2021-01-16,32805968513,145299902,32786523404
2021-01-17,33034733548,228765035,33013894956
2021-01-18,33013929440,-20804108,32988630915
2021-01-19,33573447500,559518060,33542943279
2021-01-20,33620279826,46832326,33588749567
2021-01-21,33799570985,179291159,33767194674
2021-01-22,33850855834,51284849,33816917907
2021-01-23,34104837833,253981999,34070284632
2021-01-24,34157287288,52449455,34120643812
2021-01-25,34318993587,161706299,34279281923
2021-01-26,34267540374,-51453213,34222369790
2021-01-27,34777154494,509614120,34732159954
2021-01-28,35456941380,679786886,35415385053
2021-01-29,36082044022,625102642,36040572347
2021-01-30,36592751131,510707109,36551703484
2021-01-31,36670021984,77270853,36629455491
2021-02-01,37206739675,536717691,37167703961
2021-02-02,37123682492,-83057183,37086696036
2021-02-03,35703382133,-1420300359,35663097749
2021-02-04,38285309693,2581927560,38242784718
2021-02-05,38806795126,521485433,38765375111
2021-02-06,40023261133,1216466007,39983126144
2021-02-07,40121867463,98606330,40081733742
2021-02-08,41536875049,1415007586,41494705769
2021-02-09,41873827436,336952387,41832015214
2021-02-10,43105560721,1231733285,43063490614
2021-02-11,43453109192,347548471,43411624696
2021-02-12,43684918484,231809292,43642979052
2021-02-13,44847042534,1162124050,44805054278
2021-02-14,45315268417,468225883,45273122444
2021-02-15,45360848760,45580343,45318287216
2021-02-16,45820703274,459854514,45778782256
2021-02-17,46724572248,903868974,46681235565
2021-02-18,46905224771,180652523,46840234398
2021-02-19,47552636536,647411765,47471759076
2021-02-20,49200497896,1647861360,49109402708
2021-02-21,49676053976,475556080,49566655523
2021-02-22,49683282265,7228289,49555991966
2021-02-23,50106925064,423642799,49998356144
2021-02-24,50121264937,14339873,49999448699
2021-02-25,50704487836,583222899,50562420978
2021-02-26,50480072091,-224415745,50336048106
2021-02-27,51216785031,736712940,51066701418
2021-02-28,50906543988,-310241043,50754678543
2021-03-01,52255961250,1349417262,52105582169
2021-03-02,52659293592,403332342,52516852234
2021-03-03,54171506595,1512213003,54029072554
2021-03-04,53592901994,-578604601,53444825224
2021-03-05,54033091078,440189084,53892609327
2021-03-06,54197647138,164556060,54054094234
2021-03-07,54496913000,299265862,54357759822
2021-03-08,54494928927,-1984073,54355635147
2021-03-09,54256460760,-238468167,54101141780
2021-03-10,55594029617,1337568857,55427420786
2021-03-11,55861269632,267240015,55698583027
2021-03-12,56193590400,332320768,56023489973
2021-03-13,56594702998,401112598,56422136775
2021-03-14,56639484172,44781174,56458947299
2021-03-15,57680015835,1040531663,57499218523
2021-03-16,58388230040,708214205,58209242175
2021-03-17,58523535954,135305914,58347051686
2021-03-18,58903382476,379846522,58668266552
2021-03-19,59198748071,295365595,58962195777
2021-03-20,59443515754,244767683,59207118625
2021-03-21,60514581402,1071065648,60280760071
2021-03-22,60704910261,190328859,60481721213
2021-03-23,60931277617,226367356,60713414482
2021-03-24,60754888852,-176388765,60538066683
2021-03-25,60815062898,60174046,60604268208
2021-03-26,60996888979,181826081,60788650682
2021-03-27,62451440706,1454551727,62237804352
2021-03-28,62596311643,144870937,62382334411
2021-03-29,63066068955,469757312,62853307642
2021-03-30,62685411766,-380657189,62475929792
2021-03-31,62971287183,285875417,62756614847
2021-04-01,64037966455,1066679272,63839005507
2021-04-02,64181392487,143426032,63976734696
2021-04-03,66571213034,2389820547,66361769333
2021-04-04,66902610467,331397433,66701988845
2021-04-05,67364659199,462048732,67160922257
2021-04-06,68452433543,1087774344,68255596889
2021-04-07,68497212679,44779136,68301609274
2021-04-08,68925635396,428422717,68730624080
2021-04-09,69524740149,599104753,69324515525
2021-04-10,69792124657,267384508,69590908069
2021-04-11,70041117459,248992802,69839769482
2021-04-12,71018100999,976983540,70820724092
2021-04-13,70868862393,-149238606,70668087878
2021-04-14,73448575159,2579712766,73247005131
2021-04-15,73848813021,400237862,73646108667
2021-04-16,74452784848,603971827,74259179696
2021-04-17,76584521041,2131736193,76389791626
2021-04-18,77167740161,583219120,76976630064
2021-04-19,80193384746,3025644585,80001982827
2021-04-20,80402841186,209456440,80222515351
2021-04-21,81306227022,903385836,81117622475
2021-04-22,81658291378,352064356,81467114707
2021-04-23,82022641054,364349676,81838661523
2021-04-24,82156777043,134135989,81969558368
2021-04-25,82094003308,-62773735,81910379244
2021-04-26,82854133505,760130197,82661750821
2021-04-27,83225352714,371219209,83025228288
2021-04-28,83300835093,75482379,83081012479
2021-04-29,84116859655,816024562,83896411610
2021-04-30,83780577345,-336282310,83557084261
2021-05-01,85146256913,1365679568,84911176660
2021-05-02,85624634729,478377816,85388401447
2021-05-03,86875936519,1251301790,86631372130
2021-05-04,87005565198,129628679,86753985494
2021-05-05,89285457096,2279891898,89046190495
2021-05-06,89843094318,557637222,89599264423
2021-05-07,90410676122,567581804,90157181884
2021-05-08,90579875404,169199282,90325387449
2021-05-09,90908881742,329006338,90643431396
2021-05-10,92234478445,1325596703,91978780612
2021-05-11,93858357076,1623878631,93602042339
2021-05-12,94740633555,882276479,94481568010
2021-05-13,94780612453,39978898,94525992235
2021-05-14,94320445684,-460166769,94057749920
2021-05-15,94961863794,641418110,94695973939
2021-05-16,94973266863,11403069,94711525005
2021-05-17,95459220721,485953858,95201516932
2021-05-18,97062309797,1603089076,96805673841
2021-05-19,96612417008,-449892789,96359554909
2021-05-20,95414157621,-1198259387,95190806599
2021-05-21,97229660811,1815503190,97007684922
2021-05-22,99318269221,2088608410,99100270831
2021-05-23,100020661650,702392429,99805569542
2021-05-24,101154710118,1134048468,100951864953
2021-05-25,101777137356,622427238,101575300669
2021-05-26,102054117838,276980482,101860855193
2021-05-27,103113512553,1059394715,102916476566
2021-05-28,104235334073,1121821520,104040708564
2021-05-29,104980015876,744681803,104784309319
2021-05-30,104528927205,-451088671,104335023551
2021-05-31,102551954678,-1976972527,102350266106
2021-06-01,105928047405,3376092727,105707446119
2021-06-02,106575728594,647681189,106345950326
2021-06-03,106574744913,-983681,106332473404
2021-06-04,107228833724,654088811,106967813792
2021-06-05,107444938718,216104994,107179699301
2021-06-06,107754237720,309299002,107489513559
2021-06-07,108226930195,472692475,107957707483
2021-06-08,107701633545,-525296650,107416963070
2021-06-09,108408626497,706992952,108121522882
2021-06-10,108711746479,303119982,108422839999
2021-06-11,108346317476,-365429003,108050872917
2021-06-12,108151581409,-194736067,107848326042
2021-06-13,108453617411,302036002,108151032611
2021-06-14,108568721933,115104522,108259833778
2021-06-15,108661264516,92542583,108346066674
2021-06-16,108819781774,158517258,108489463314
2021-06-17,108136683315,-683098459,107812615186
2021-06-18,108452082611,315399296,108128283541
2021-06-19,108625590908,173508297,108300043137
2021-06-20,108938926314,313335406,108613564826
2021-06-21,109254582430,315656116,108934049122
2021-06-22,109040684432,-213897998,108735600177
2021-06-23,109811192269,770507837,109513511902
2021-06-24,109988314745,177122476,109690229073
2021-06-25,110145942976,157628231,109839758153
2021-06-26,110286174930,140231954,109981883594
2021-06-27,110638039969,351865039,110333596798
2021-06-28,110796740141,158700172,110493923380
2021-06-29,110306077349,-490662792,110005223288
2021-06-30,109927114308,-378963041,109620926186
2021-07-01,110428173683,501059375,110117369949
2021-07-02,110644474378,216300695,110328987665
2021-07-03,111368209190,723734812,111052164600
2021-07-04,111355087982,-13121208,111039173339
2021-07-05,110836009626,-519078356,110519660446
2021-07-06,111506748692,670739066,111191183702
2021-07-07,111859721449,352972757,111547956542
2021-07-08,111718345952,-141375497,111403859088
2021-07-09,112207903195,489557243,111894898754
2021-07-10,112189653113,-18250082,111876191965
2021-07-11,112301586322,111933209,111987671768
2021-07-12,112098494602,-203091720,111785033408
2021-07-13,112435996554,337501952,112124869750
2021-07-14,112227382693,-208613861,111915645613
2021-07-15,112183906885,-43475808,111874878412
2021-07-16,112959684195,775777310,112647189273
2021-07-17,112164457618,-795226577,111854212971
2021-07-18,112630383283,465925665,112318599424
2021-07-19,113009136021,378752738,112698274707
2021-07-20,112751884036,-257251985,112449698155
2021-07-21,112847474611,95590575,112547114480
2021-07-22,113312597140,465122529,113015426044
2021-07-23,113201870936,-110726204,112904681262
2021-07-24,113519741653,317870717,113222444248
2021-07-25,113751512841,231771188,113453703630
2021-07-26,114245941384,494428543,113951105151
2021-07-27,113972175793,-273765591,113677857718
2021-07-28,114556415546,584239753,114263356795
2021-07-29,114157857987,-398557559,113864411550
2021-07-30,114379246942,221388955,114086188070
2021-07-31,114958508549,579261607,114664254169
2021-08-01,114382043434,-576465115,114087518678
2021-08-02,114336147687,-45895747,114041827687
2021-08-03,114499944033,163796346,114206765922
2021-08-04,114861210600,361266567,114569446648
2021-08-05,112971662047,-1889548553,112672180971
2021-08-06,113519324667,547662620,113221422090
2021-08-07,113917619237,398294570,113618576750
2021-08-08,115186283576,1268664339,114881527345
2021-08-09,115232853786,46570210,114928147283
2021-08-10,115314195837,81342051,115005621682
2021-08-11,114849251773,-464944064,114538705870
2021-08-12,114915352146,66100373,114605586658
2021-08-13,115102549802,187197656,114793537848
2021-08-14,114916706528,-185843274,114607821685
2021-08-15,115942719308,1026012780,115632961456
2021-08-16,116100710839,157991531,115792598962
2021-08-17,115957965358,-142745481,115650786821
2021-08-18,115893649436,-64315922,115585763625
2021-08-19,116112220296,218570860,115799908806
2021-08-20,116724579489,612359193,116422107244
2021-08-21,116840547762,115968273,116537394180
2021-08-22,116848872167,8324405,116545856390
2021-08-23,118427883910,1579011743,118127799293
2021-08-24,116040414888,-2387469022,115740949966
2021-08-25,118043426185,2003011297,117742605523
2021-08-26,117921583051,-121843134,117628481785
2021-08-27,117870375871,-51207180,117576424380
2021-08-28,118327334026,456958155,118035339948
2021-08-29,118388492894,61158868,118096327305
2021-08-30,118416514508,28021614,118131543242
2021-08-31,118327441831,-89072677,118044808424
2021-09-01,118746730744,419288913,118462298510
2021-09-02,118845626992,98896248,118561229842
2021-09-03,119917344964,1071717972,119630285058
2021-09-04,120074097394,156752430,119786178879
2021-09-05,120150111420,76014026,119863005188
2021-09-06,121285679196,1135567776,120999045509
2021-09-07,123364535488,2078856292,123078023288
2021-09-08,123892093445,527557957,123611941629
2021-09-09,124295569894,403476449,124015253020
2021-09-10,124624176510,328606616,124346819079
2021-09-11,123767035283,-857141227,123492343794
2021-09-12,124277763189,510727906,124004448107
2021-09-13,124838303600,560540411,124564131458
2021-09-14,124258566760,-579736840,123983966147
2021-09-15,124554001925,295435165,124282410800
2021-09-16,124458135403,-95866522,124187104932
2021-09-17,124710900888,252765485,124440305071
2021-09-18,125204038737,493137849,124932503717
2021-09-19,125121462835,-82575902,124849410109
2021-09-20,125362019201,240556366,125090267495
2021-09-21,124416091708,-945927493,124133615603
2021-09-22,124190409653,-225682055,123914115583
2021-09-23,125420747101,1230337448,125141977906
2021-09-24,126074259612,653512511,125792201787
2021-09-25,126805366942,731107330,126522461588
2021-09-26,127481260589,675893647,127197461002
2021-09-27,127954449386,473188797,127671458775
2021-09-28,126583164607,-1371284779,126299908074
2021-09-29,126588967535,5802928,126308864603
2021-09-30,127645889409,1056921874,127365031050
2021-10-01,127409902511,-235986898,127126472526
2021-10-02,127500884988,90982477,127213858690
2021-10-03,127583267144,82382156,127295300467
2021-10-04,127963922322,380655178,127673601281
2021-10-05,127926226993,-37695329,127636018533
2021-10-06,128165414760,239187767,127875440099
2021-10-07,128598363525,432948765,128307640967
2021-10-08,128788507913,190144388,128500383443
2021-10-09,129003002434,214494521,128712011414
2021-10-10,129242275436,239273002,128950939683
2021-10-11,129293263582,50988146,129000466654
2021-10-12,129912805464,619541882,129619444823
2021-10-13,129453346331,-459459133,129150916259
2021-10-14,129585614890,132268559,129280694684
2021-10-15,129858725486,273110596,129545417019
2021-10-16,130076677676,217952190,129760473173
2021-10-17,130084459378,7781702,129767918195
2021-10-18,129965909766,-118549612,129644690225
2021-10-19,129773711555,-192198211,129449962362
2021-10-20,129722168273,-51543282,129392550662
2021-10-21,130296772078,574603805,129879533369
2021-10-22,129989305281,-307466797,129571555181
2021-10-23,130593859462,604554181,130175649476
2021-10-24,130820991183,227131721,130401523894
2021-10-25,130747396660,-73594523,130325720237
2021-10-26,130801591356,54194696,130379038072
2021-10-27,130275300301,-526291055,129851989316
2021-10-28,130959984382,684684081,130532974537
2021-10-29,131445278570,485294188,131020387743
2021-10-30,131916700255,471421685,131490254956
2021-10-31,132294330140,377629885,131867911789
2021-11-01,132080274132,-214056008,131653666044
2021-11-02,133598157920,1517883788,133172305764
2021-11-03,134719743755,1121585835,134291799367
2021-11-04,134687309892,-32433863,134220641041
2021-11-05,136057434032,1370124140,135559529763
2021-11-06,137510110686,1452676654,136992988877
2021-11-07,137353430656,-156680030,136832830695
2021-11-08,138643059547,1289628891,138124190100
2021-11-09,137572136394,-1070923153,137053349049
2021-11-10,140082699156,2510562762,139553905414
2021-11-11,140267695689,184996533,139719047373
2021-11-12,140006244620,-261451069,139448011689
2021-11-13,141121428662,1115184042,140555809113
2021-11-14,141531281573,409852911,140962968933
2021-11-15,142768958552,1237676979,142182097325
2021-11-16,142591301271,-177657281,142011059169
2021-11-17,143591219656,999918385,143000477617
2021-11-18,144945973267,1354753611,144346811131
2021-11-19,144614705397,-331267870,144032962241
2021-11-20,146569532860,1954827463,145948841562
2021-11-21,147215038851,645505991,146593710830
2021-11-22,147096286949,-118751902,146477738499
2021-11-23,146694459949,-401827000,146073263732
2021-11-24,147150766656,456306707,146532932562
2021-11-25,147565390186,414623530,146936205770
2021-11-26,148387556091,822165905,147755296884
2021-11-27,149044178772,656622681,148414235620
2021-11-28,149408321926,364143154,148785519438
2021-11-29,149572022228,163700302,148950392158
2021-11-30,149006868167,-565154061,148383381279
2021-12-01,149695131674,688263507,149077932307
2021-12-02,150414072082,718940408,149796521755
2021-12-03,150288772589,-125299493,149674844232
2021-12-04,152048653969,1759881380,151428385148
2021-12-05,153253658284,1205004315,152628040752
2021-12-06,154075097454,821439170,153451959695
2021-12-07,154827672881,752575427,154200800435
2021-12-08,155657391250,829718369,155033649078
2021-12-09,153722248463,-1935142787,153107416018
2021-12-10,156052402443,2330153980,155456882274
2021-12-11,156153110273,100707830,155559529761
2021-12-12,156842391637,689281364,156248467348
2021-12-13,156936006122,93614485,156342320990
2021-12-14,156805226899,-130779223,156217907370
2021-12-15,158711743218,1906516319,158120196514
2021-12-16,158774494678,62751460,158180759526
2021-12-17,158634910649,-139584029,158040694294
2021-12-18,159104931486,470020837,158501915801
2021-12-19,159706371507,601440021,159098354014
2021-12-20,159416144416,-290227091,158802558654
2021-12-21,160976507733,1560363317,160356889734
2021-12-22,161372171215,395663482,160739762243
2021-12-23,159988975559,-1383195656,159336251374
2021-12-24,160614359953,625384394,159950199063
2021-12-25,160970217785,355857832,160292553534
2021-12-26,160857693024,-112524761,160179383799
2021-12-27,162099922364,1242229340,161408699190
2021-12-28,162051660595,-48261769,161357191387
2021-12-29,162088229277,36568682,161386084121
2021-12-30,161968544151,-119685126,161265277003
2021-12-31,163252729890,1284185739,162533919428
2022-01-01,162611970592,-640759298,161894743362
2022-01-02,167710786069,5098815477,166987595403
2022-01-03,166808923801,-901862268,166080942224
2022-01-04,167067252786,258328985,166332078829
2022-01-05,167082584039,15331253,166333283414
2022-01-06,168019623163,937039124,167283567567
2022-01-07,167847361135,-172262028,167108560575
2022-01-08,167657090462,-190270673,166919250273
2022-01-09,167083647993,-573442469,166346460737
2022-01-10,166999931842,-83716151,166260314932
2022-01-11,168241060609,1241128767,167500397800
2022-01-12,168464130301,223069692,167719722167
2022-01-13,169356807295,892676994,168618635217
2022-01-14,169598224376,241417081,168856168877
2022-01-15,169887452911,289228535,169138581565
2022-01-16,170037319395,149866484,169278285205
2022-01-17,170431077201,393757806,169659131618
2022-01-18,171002699460,571622259,170236237095
2022-01-19,170526026657,-476672803,169757218620
2022-01-20,171093235706,567209049,170333439008
2022-01-21,171809312131,716076425,171065590048
2022-01-22,170991539965,-817772166,170276902283
2022-01-23,173153840557,2162300592,172442522123
2022-01-24,172523235023,-630605534,171824202644
2022-01-25,173704324149,1181089126,173012638344
2022-01-26,173569936342,-134387807,172881281051
2022-01-27,174702035419,1132099077,174010306137
2022-01-28,174989238998,287203579,174261313570
2022-01-29,173576602384,-1412636614,172832143375
2022-01-30,174405640491,829038107,173648545159
2022-01-31,173969669225,-435971266,173207296275
2022-02-01,174442658425,472989200,173678332432
2022-02-02,174981040836,538382411,174201986706
2022-02-03,175616277322,635236486,174825395209
2022-02-04,176566774080,950496758,175776833285
2022-02-05,178074107236,1507333156,177275489393
2022-02-06,176970867518,-1103239718,176170914216
2022-02-07,177465240463,494372945,176667458603
2022-02-08,177683049285,217808822,176894462623
2022-02-09,178453940691,770891406,177661497092
2022-02-10,179012161966,558221275,178219583732
2022-02-11,179978485090,966323124,179183896185
2022-02-12,180573838347,595353257,179781430738
2022-02-13,180560765084,-13073263,179765102930
2022-02-14,180760261297,199496213,179968597850
2022-02-15,180577438133,-182823164,179787974604
2022-02-16,181190843680,613405547,180400192308
2022-02-17,181129407649,-61436031,180332737691
2022-02-18,181430428789,301021140,180633941521
2022-02-19,181841759858,411331069,181045560108
2022-02-20,182844107012,1002347154,182048298273
2022-02-21,182413540862,-430566150,181619160509
2022-02-22,182730197951,316657089,181936067990
2022-02-23,183035159841,304961890,182243008686
2022-02-24,183404304173,369144332,182628232789
2022-02-25,183916842065,512537892,183135172500
2022-02-26,183375947281,-540894784,182601536593
2022-02-27,184125703085,749755804,183359601774
2022-02-28,184845156591,719453506,184075922014
2022-03-01,184210451181,-634705410,183440999761
2022-03-02,184332395036,121943855,183563878698
2022-03-03,184554087299,221692263,183790867201
2022-03-04,184327593894,-226493405,183571957441
2022-03-05,184276107766,-51486128,183521384113
2022-03-06,184502394605,226286839,183751921664
2022-03-07,184687314117,184919512,183944742776
2022-03-08,183670010755,-1017303362,182926360712
2022-03-09,184273142471,603131716,183521655865
2022-03-10,184621457347,348314876,183874214120
2022-03-11,185060098009,438640662,184318113320
2022-03-12,185027688796,-32409213,184287863476
2022-03-13,185280724562,253035766,184539718857
2022-03-14,185507445032,226720470,184771633265
2022-03-15,185292583247,-214861785,184558839140
2022-03-16,185212740359,-79842888,184479266367
2022-03-17,185435928332,223187973,184699501176
2022-03-18,186150938768,715010436,185427952276
2022-03-19,186746230704,595291936,186033730246
2022-03-20,186947425724,201195020,186236571910
2022-03-21,187201093492,253667768,186495318153
2022-03-22,187166468528,-34624964,186460445884
2022-03-23,186923125963,-243342565,186233178424
2022-03-24,186289092795,-634033168,185599897164
2022-03-25,186551538085,262445290,185879702771
2022-03-26,186124637346,-426900739,185461986125
2022-03-27,186354108968,229471622,185691609319
2022-03-28,186257405137,-96703831,185597675271
2022-03-29,186094692639,-162712498,185430949275
2022-03-30,186952625963,857933324,186285614394
2022-03-31,187757020480,804394517,187096302148
2022-04-01,187282014672,-475005808,186622372566
2022-04-02,188049498307,767483635,187391942652
2022-04-03,187714560317,-334937990,187056596134
2022-04-04,187665696740,-48863577,187011943815
2022-04-05,187445902119,-219794621,186796803621
2022-04-06,187530081033,84178914,186882362226
2022-04-07,186648107334,-881973699,186004443848
2022-04-08,186746651220,98543886,186109968175
2022-04-09,187049184249,302533029,186415512678
2022-04-10,187449985039,400800790,186820952888
2022-04-11,187451417655,1432616,186823358795
2022-04-12,186651492130,-799925525,186028430149
2022-04-13,186943762419,292270289,186322317740
2022-04-14,186454107834,-489654585,185838228053
2022-04-15,186524548760,70440926,185898595642
2022-04-16,186498221935,-26326825,185872684306
2022-04-17,186496013171,-2208764,185876599678
2022-04-18,186632238188,136225017,186014332758
2022-04-19,186422412899,-209825289,185805045771
2022-04-20,186611209663,188796764,185990856370
2022-04-21,186751354545,140144882,186135614099
2022-04-22,187151664776,400310231,186550806481
2022-04-23,187482067634,330402858,186884288700
2022-04-24,187718398559,236330925,187119500222
2022-04-25,187555311217,-163087342,186963531157
2022-04-26,187596840724,41529507,187015867133
2022-04-27,187116005906,-480834818,186538263699
2022-04-28,187035535147,-80470759,186459057703
2022-04-29,186938516916,-97018231,186357929000
2022-04-30,187372369124,433852208,186793183826
2022-05-01,187637337823,264968699,187059239551
2022-05-02,187437203952,-200133871,186861568501
2022-05-03,187168060243,-269143709,186591731522
2022-05-04,187238474320,70414077,186657318211
2022-05-05,186795378371,-443095949,186220855767
2022-05-06,187002778364,207399993,186443085966
2022-05-07,186219913889,-782864475,185659333778
2022-05-08,186002378742,-217535147,185444316534
2022-05-09,180557133005,-5445245737,180003932412
2022-05-10,177523702564,-3033430441,176977547082
2022-05-11,176561320384,-962382180,176021893184
2022-05-12,160603842581,-15957477803,160111332612
2022-05-13,160355990915,-247851666,159859520640
2022-05-14,159061859047,-1294131868,158564041612
2022-05-15,158507169574,-554689473,158008821059
2022-05-16,158571232461,64062887,158064097460
2022-05-17,159924816531,1353584070,159413236718
2022-05-18,158768224200,-1156592331,158263160172
2022-05-19,159002574537,234350337,158499144778
2022-05-20,159658120096,655545559,159156483288
2022-05-21,158922215448,-735904648,158417603244
2022-05-22,158980711296,58495848,158475938087
2022-05-23,159082735722,102024426,158578457825
2022-05-24,159174220138,91484416,158670219361
2022-05-25,159328208593,153988455,158827028632
2022-05-26,159475954980,147746387,158969444065
2022-05-27,159101070989,-374883991,158594112075
2022-05-28,158653343074,-447727915,158141251758
2022-05-29,158829767424,176424350,158317850025
2022-05-30,158722366974,-107400450,158210159072
2022-05-31,159243960138,521593164,158731339487
2022-06-01,159804935154,560975016,159296790757
2022-06-02,160776424801,971489647,160264129409
2022-06-03,159895121406,-881303395,159387989292
2022-06-04,159884504007,-10617399,159378201658
2022-06-05,159824752007,-59752000,159318404528
2022-06-06,159833901991,9149984,159329214489
2022-06-07,159729870789,-104031202,159224391538
2022-06-08,159612271033,-117599756,159107444347
2022-06-09,159577559059,-34711974,159078010669
2022-06-10,159643932143,66373084,159146853848
2022-06-11,159194203476,-449728667,158697485989
2022-06-12,158910307752,-283895724,158416739423
2022-06-13,158623423490,-286884262,158139729196
2022-06-14,157345089741,-1278333749,156870816044
2022-06-15,156402874920,-942214821,155935668777
2022-06-16,155609423888,-793451032,155143029661
2022-06-17,155105128528,-504295360,154643688106
2022-06-18,154554823401,-550305127,154095812453
2022-06-19,154633709856,78886455,154180025567
2022-06-20,154402525104,-231184752,153950288992
2022-06-21,153747854225,-654670879,153296812292
2022-06-22,153867092235,119238010,153414687876
2022-06-23,153833557245,-33534990,153383413427
2022-06-24,153441113596,-392443649,152987239268
2022-06-25,153441306943,193347,152990202603
2022-06-26,153651227962,209921019,153199371691
2022-06-27,153645990295,-5237667,153193419304
2022-06-28,153411648784,-234341511,152962218106
2022-06-29,153340747689,-70901095,152893740186
2022-06-30,153233977370,-106770319,152787706050
2022-07-01,153106243074,-127734296,152663528744
2022-07-02,153815878211,709635137,153384513551
2022-07-03,153780119124,-35759087,153348368239
2022-07-04,153656014460,-124104664,153224621112
2022-07-05,153692641210,36626750,153260988596
2022-07-06,153596399099,-96242111,153295218999
2022-07-07,153348143746,-248255353,153046068807
2022-07-08,153103741387,-244402359,152802950055
2022-07-09,153253510619,149769232,152953664677
2022-07-10,153273739589,20228970,152973934393
2022-07-11,153152856952,-120882637,152865402930
2022-07-12,153320636451,167779499,153033567872
2022-07-13,153016345554,-304290897,152730651477
2022-07-14,153021656096,5310542,152735818223
2022-07-15,153095446991,73790895,152809370833
2022-07-16,152543665232,-551781759,152258105635
2022-07-17,152605358621,61693389,152317341745
2022-07-18,152701019593,95660972,152412018425
2022-07-19,152953392513,252372920,152660769584
2022-07-20,152864427410,-88965103,152570537599
2022-07-21,153062284587,197857177,152764751593
2022-07-22,153010024960,-52259627,152712129660
2022-07-23,153141520771,131495811,152843691759
2022-07-24,153246882597,105361826,152948190147
2022-07-25,153231282192,-15600405,152932405690
2022-07-26,153206612464,-24669728,152907898899
2022-07-27,153127639409,-78973055,152829637494
2022-07-28,153203248059,75608650,152905558958
2022-07-29,153009686893,-193561166,152712189988
2022-07-30,153126442223,116755330,152828151594
2022-07-31,153133491892,7049669,152833987943
2022-08-01,153132542429,-949463,152833041936
2022-08-02,153466101279,333558850,153097134125
2022-08-03,153398224038,-67877241,153030596754
2022-08-04,153365812349,-32411689,153020117328
2022-08-05,153286414302,-79398047,152940674070
2022-08-06,153449962546,163548244,153105336268
2022-08-07,153471922768,21960222,153138488098
2022-08-08,153389565144,-82357624,153056197389
2022-08-09,153158669182,-230895962,152821750179
2022-08-10,153237997586,79328404,152750660561
2022-08-11,153479449313,241451727,153033620298
2022-08-12,153424520173,-54929140,152981946072
2022-08-13,153256354614,-168165559,152815246311
2022-08-14,153492810781,236456167,153052198595
2022-08-15,152875677127,-617133654,152536438261
2022-08-16,153180200291,304523164,152841879383
2022-08-17,153061507197,-118693094,152724168260
2022-08-18,153031599745,-29907452,152690537523
2022-08-19,152837936730,-193663015,152470975082
2022-08-20,152765836021,-72100709,152367337262
2022-08-21,152679507653,-86328368,152282317340
2022-08-22,152632174252,-47333401,152234784913
2022-08-23,152431272440,-200901812,152034289031
2022-08-24,152552954493,121682053,152158530460
2022-08-25,152588367451,35412958,152194411557
2022-08-26,152602321846,13954395,152204960264
2022-08-27,152689543503,87221657,152292982406
2022-08-28,152757946694,68403191,152361362480
2022-08-29,152536540926,-221405768,152140370272
2022-08-30,152687597262,151056336,152275885173
2022-08-31,153011972781,324375519,152599035949
2022-09-01,152801687435,-210285346,152389636805
2022-09-02,152742764039,-58923396,152314925267
2022-09-03,152547312248,-195451791,152120765301
2022-09-04,152568416934,21104686,152142773500
2022-09-05,152425669091,-142747843,151999751305
2022-09-06,152322978182,-102690909,151896505206
2022-09-07,152334156158,11177976,151910082825
2022-09-08,152436205774,102049616,152011707374
2022-09-09,152587584775,151379001,152163017507
2022-09-10,152698173171,110588396,152272290976
2022-09-11,152821429437,123256266,152395436852
2022-09-12,152811212008,-10217429,152385513269
2022-09-13,152758270932,-52941076,152330872619
2022-09-14,152770660142,12389210,152345006191
2022-09-15,152399946247,-370713895,151977282591
2022-09-16,152167643110,-232303137,151746440370
2022-09-17,152012990531,-154652579,151593630116
2022-09-18,152091833787,78843256,151672147751
2022-09-19,152030918691,-60915096,151612209732
2022-09-20,152174478338,143559647,151760430439
2022-09-21,152429866350,255388012,152015582173
2022-09-22,152274790792,-155075558,151863974857
2022-09-23,152272071898,-2718894,151864979297
2022-09-24,152068972650,-203099248,151661881491
2022-09-25,152025635498,-43337152,151620437493
2022-09-26,151745109575,-280525923,151340517326
2022-09-27,151000773419,-744336156,150597739297
2022-09-28,150890506696,-110266723,150487696958
2022-09-29,150391568557,-498938139,149988645060
2022-09-30,149901844533,-489724024,149499660119
2022-10-01,148650611362,-1251233171,148247368029
2022-10-02,148659139256,8527894,148255813414
2022-10-03,148688342914,29203658,148285671461
2022-10-04,148468347587,-219995327,148065422909
2022-10-05,148434513778,-33833809,148028552799
2022-10-06,148504672709,70158931,148098167043
2022-10-07,148546357673,41684964,148139349891
2022-10-08,148710398724,164041051,148305018403
2022-10-09,148720981814,10583090,148316236619
2022-10-10,148704718543,-16263271,148300398649
2022-10-11,148507125494,-197593049,148102920497
2022-10-12,148399630085,-107495409,147995883556
2022-10-13,147889083099,-510546986,147485526756
2022-10-14,147464873670,-424209429,147060157172
2022-10-15,147047495589,-417378081,146643247363
2022-10-16,147032603090,-14892499,146628630690
2022-10-17,146960036705,-72566385,146555979156
2022-10-18,146761721511,-198315194,146361958944
2022-10-19,146667793282,-93928229,146267526538
2022-10-20,146577673486,-90119796,146178122653
2022-10-21,146172050656,-405622830,145772402320
2022-10-22,145971639322,-200411334,145572640625
2022-10-23,146032131402,60492080,145632327322
2022-10-24,146065224959,33093557,145665641345
2022-10-25,145740151758,-325073201,145340003450
2022-10-26,145621510856,-118640902,145220004099
2022-10-27,145812378619,190867763,145406750198
2022-10-28,145733682024,-78696595,145329325883
2022-10-29,145842030243,108348219,145440460393
2022-10-30,145946762852,104732609,145544750521
2022-10-31,146041378531,94615679,145639694887
2022-11-01,145619529468,-421849063,145218376181
2022-11-02,145638941255,19411787,145240308198
2022-11-03,145504664440,-134276815,145105309553
2022-11-04,145637678610,133014170,145239425891
2022-11-05,145815901693,178223083,145414801244
2022-11-06,145863437593,47535900,145461251733
2022-11-07,146224878445,361440852,145820548890
2022-11-08,147208964767,984086322,146804845954
2022-11-09,147501668886,292704119,147100056756
2022-11-10,145740771470,-1760897416,145340576354
2022-11-11,146160743018,419971548,145762480474
2022-11-12,145996869890,-163873128,145596596170
2022-11-13,145284851310,-712018580,144925359847
2022-11-14,145116038756,-168812554,144756738409
2022-11-15,144924661728,-191377028,144582168711
2022-11-16,144971200189,46538461,144629322669
2022-11-17,144549513952,-421686237,144210345085
2022-11-18,144186101393,-363412559,143848646324
2022-11-19,144374355870,188254477,144038279532
2022-11-20,144376292382,1936512,144068839763
2022-11-21,144437873324,61580942,144102429484
2022-11-22,143553164838,-884708486,143250860856
2022-11-23,143552682486,-482352,143249926867
2022-11-24,142914894666,-637787820,142611228750
2022-11-25,143164711656,249816990,142860699045
2022-11-26,142864307148,-300404508,142561523105
2022-11-27,143041194559,176887411,142738408946
2022-11-28,143035735111,-5459448,142732619105
2022-11-29,141990922022,-1044813089,141689098658
2022-11-30,141357730151,-633191871,141060756851
2022-12-01,141207649636,-150080515,140911454436
2022-12-02,141042572988,-165076648,140745840430
2022-12-03,141306511344,263938356,141006889555
2022-12-04,141476938622,170427278,141176178083
2022-12-05,141582002271,105063649,141280980585
2022-12-06,141332216650,-249785621,141031306910
2022-12-07,141192242166,-139974484,140892699531
2022-12-08,141027867639,-164374527,140728332181
2022-12-09,140965423452,-62444187,140665248584
2022-12-10,140886205487,-79217965,140587487802
2022-12-11,140932650189,46444702,140634134203
2022-12-12,141045941798,113291609,140748682010
2022-12-13,140740214482,-305727316,140396114017
2022-12-14,140355731994,-384482488,140008478227
2022-12-15,140142515319,-213216675,139796532354
2022-12-16,140171666179,29150860,139827012912
2022-12-17,139711571613,-460094566,139367752776
2022-12-18,139882294793,170723180,139538766142
2022-12-19,139904110837,21816044,139561090303
2022-12-20,139540042479,-364068358,139197132905
2022-12-21,139279321459,-260721020,138935084247
2022-12-22,139053650176,-225671283,138709461547
2022-12-23,138911238378,-142411798,138566492407
2022-12-24,138411229500,-500008878,138066241077
2022-12-25,138458858985,47629485,138112325948
2022-12-26,138465736350,6877365,138119567624
2022-12-27,138449896796,-15839554,138102727108
2022-12-28,137977951837,-471944959,137634147686
2022-12-29,137996994034,19042197,137674202313
2022-12-30,137908761306,-88232728,137585903468
2022-12-31,137781931180,-126830126,137457066907
2023-01-01,137680217891,-101713289,137354723242
2023-01-02,137777992525,97774634,137454973923
2023-01-03,137772667569,-5324956,137442015493
2023-01-04,137440066261,-332601308,137110563314
2023-01-05,137390684625,-49381636,137062846905
2023-01-06,137097746031,-292938594,136772164881
2023-01-07,136785334844,-312411187,136459013265
2023-01-08,136923211881,137877037,136596474461
2023-01-09,136901521567,-21690314,136575021783
2023-01-10,136653002135,-248519432,136326203322
2023-01-11,136833162135,180160000,136506356344
2023-01-12,136899603378,66441243,136572855908
2023-01-13,137000222055,100618677,136671912282
2023-01-14,136748150438,-252071617,136420249118
2023-01-15,136939934975,191784537,136612025328
2023-01-16,137114736894,174801919,136787130533
2023-01-17,137037094041,-77642853,136710186110
2023-01-18,136580369237,-456724804,136254621761
2023-01-19,136462766094,-117603143,136136583497
2023-01-20,136414906421,-47859673,136088256279
2023-01-21,136607235446,192329025,136280273037
2023-01-22,136888830015,281594569,136562513589
2023-01-23,136989013062,100183047,136658943316
2023-01-24,136826608385,-162404677,136496759260
2023-01-25,136847683472,21075087,136518041461
2023-01-26,137136940956,289257484,136806901696
2023-01-27,137348809223,211868267,137016558937
2023-01-28,137176681676,-172127547,136844934538
2023-01-29,137333734997,157053321,137001726301
2023-01-30,137287713190,-46021807,136954238448
2023-01-31,136956041329,-331671861,136622261802
2023-02-01,137034293733,78252404,136701038486
2023-02-02,136982974781,-51318952,136648060543
2023-02-03,137254630899,271656118,136920131292
2023-02-04,136973369963,-281260936,136640143005
2023-02-05,136996980817,23610854,136664055095
2023-02-06,137041355471,44374654,136708667208
2023-02-07,136928524758,-112830713,136596615395
2023-02-08,136735510784,-193013974,136440741078
2023-02-09,136605279449,-130231335,136312002815
2023-02-10,136467893513,-137385936,136174027423
2023-02-11,136474914397,7020884,136181813978
2023-02-12,136469292194,-5622203,136176267826
2023-02-13,136413765842,-55526352,136121109034
2023-02-14,136525991531,112225689,136233489369
2023-02-15,136381286437,-144705094,136088895947
2023-02-16,135994309238,-386977199,135703043005
2023-02-17,136123630849,129321611,135833107481
2023-02-18,136060747768,-62883081,135770978035
2023-02-19,136078684686,17936918,135788590695
2023-02-20,136128344235,49659549,135838652785
2023-02-21,135793874748,-334469487,135504034616
2023-02-22,135562832753,-231041995,135272901820
2023-02-23,135301969143,-260863610,135012058601
2023-02-24,135164586821,-137382322,134871069073
2023-02-25,135155945516,-8641305,134855093502
2023-02-26,135276046559,120101043,134976439527
2023-02-27,135197119476,-78927083,134897788649
2023-02-28,134901097928,-296021548,134598011067
2023-03-01,134760507509,-140590419,134455610391
2023-03-02,134592910631,-167596878,134286929536
2023-03-03,134767034573,174123942,134462132798
2023-03-04,134791746807,24712234,134487439968
2023-03-05,134882910888,91164081,134578051700
2023-03-06,134951036105,68125217,134646041124
2023-03-07,134747120872,-203915233,134442923214
2023-03-08,134768138768,21017896,134466136644
2023-03-09,134665675374,-102463394,134364643505
2023-03-10,134673279667,7604293,134371491348
2023-03-11,134317544701,-355734966,134015399006
2023-03-12,131526756971,-2790787730,131234867571
2023-03-13,135067397554,3540640583,134768059720
2023-03-14,133730469977,-1336927577,133438643231
2023-03-15,132604421258,-1126048719,132321136166
2023-03-16,132963033947,358612689,132679479135
2023-03-17,133058763167,95729220,132774050347
2023-03-18,133041145526,-17617641,132755579538
2023-03-19,133424124099,382978573,133136757166
2023-03-20,133150674374,-273449725,132866172521
2023-03-21,133460557873,309883499,133171107299
2023-03-22,133282570137,-177987736,132992860397
2023-03-23,133115211392,-167358745,132823056549
2023-03-24,133300821797,185610405,133009932398
2023-03-25,133606724913,305903116,133314984725
2023-03-26,133849402687,242677774,133441042456
2023-03-27,132990637083,-858765604,132584857852
2023-03-28,132576075406,-414561677,132169678294
2023-03-29,132205988534,-370086872,131798152588
2023-03-30,132153546657,-52441877,131744789169
2023-03-31,132137161697,-16384960,131727344888
2023-04-01,131623842037,-513319660,131215079685
2023-04-02,131550772690,-73069347,131142616209
2023-04-03,131775253427,224480737,131367953551
2023-04-04,132329089107,553835680,131919729431
2023-04-05,131696066719,-633022388,131285300974
2023-04-06,131630727319,-65339400,131221409261
2023-04-07,131841930039,211202720,131432566779
2023-04-08,131854137765,12207726,131444301689
2023-04-09,132045371465,191233700,131634513804
2023-04-10,131732279281,-313092184,131322420932
2023-04-11,131837840329,105561048,131428767130
2023-04-12,131777409136,-60431193,131367794570
2023-04-13,131705241636,-72167500,131292870912
2023-04-14,131822760565,117518929,131408503342
2023-04-15,131771785556,-50975009,131357055451
2023-04-16,131661432439,-110353117,131247395572
2023-04-17,131580623669,-80808770,131166144989
2023-04-18,131464863155,-115760514,131050337662
2023-04-19,131199214197,-265648958,130782715221
2023-04-20,131236325797,37111600,130815625349
2023-04-21,131065512107,-170813690,130642993399
2023-04-22,129853344871,-1212167236,129430536024
2023-04-23,130729140478,875795607,130306403993
2023-04-24,130763501441,34360963,130340660576
2023-04-25,130695898592,-67602849,130271173682
2023-04-26,130527981414,-167917178,130106693959
2023-04-27,130691907669,163926255,130269178722
2023-04-28,130495880893,-196026776,130073483667
2023-04-29,130378764187,-117116706,129957434267
2023-04-30,130319178824,-59585363,129898107897
2023-05-01,130353840730,34661906,129933348723
2023-05-02,130686894461,333053731,130274969492
2023-05-03,130712123105,25228644,130297022520
2023-05-04,130306517763,-405605342,129882757831
2023-05-05,130174271817,-132245946,129762123803
2023-05-06,130672726664,498454847,130260153565
2023-05-07,130594318373,-78408291,130181863824
2023-05-08,130427430994,-166887379,130015021695
2023-05-09,130515355542,87924548,130102993575
2023-05-10,130642189098,126833556,130230224084
2023-05-11,130493095338,-149093760,130081156232
2023-05-12,130415075164,-78020174,130004263179
2023-05-13,130456668072,41592908,130044117826
2023-05-14,130427741618,-28926454,130017558582
2023-05-15,130422950918,-4790700,130013225266
2023-05-16,130334756693,-88194225,129924836362
2023-05-17,130156486969,-178269724,129746997186
2023-05-18,129888967702,-267519267,129478180511
2023-05-19,130014481014,125513312,129604708095
2023-05-20,129888137733,-126343281,129477882174
2023-05-21,130014069190,125931457,129602545343
2023-05-22,129908631437,-105437753,129496286275
2023-05-23,129790644258,-117987179,129379033068
2023-05-24,129719936606,-70707652,129309993488
2023-05-25,129321977349,-397959257,128914199572
2023-05-26,129297375219,-24602130,128888069148
2023-05-27,129288745888,-8629331,128880297082
2023-05-28,129321217256,32471368,128912215482
2023-05-29,129369742079,48524823,128960826208
2023-05-30,129354977488,-14764591,128945183621
2023-05-31,129310942185,-44035303,128901070051
2023-06-01,129260402681,-50539504,128850909985
2023-06-02,129187859980,-72542701,128776525845
2023-06-03,129222450312,34590332,128812123354
2023-06-04,129137756944,-84693368,128726003080
2023-06-05,129179677353,41920409,128768606277
2023-06-06,129045474676,-134202677,128634295777
2023-06-07,128900502126,-144972550,128487699325
2023-06-08,128773481720,-127020406,128360181677
2023-06-09,128694511476,-78970244,128279669325
2023-06-10,128204561315,-489950161,127790754993
2023-06-11,128340356942,135795627,127926193259
2023-06-12,128398226514,57869572,127984088696
2023-06-13,128112373241,-285853273,127697723276
2023-06-14,127974801787,-137571454,127559408969
2023-06-15,127752058847,-222742940,127336855690
2023-06-16,128554967275,802908428,128136945268
2023-06-17,128743635778,188668503,128325882394
2023-06-18,128406032123,-337603655,127988897513
2023-06-19,128403243206,-2788917,127985635138
2023-06-20,128517121097,113877891,128099603715
2023-06-21,129066525417,549404320,128647589491
2023-06-22,128585839775,-480685642,128164024627
2023-06-23,128572442078,-13397697,128152201330
2023-06-24,128624614790,52172712,128206046421
2023-06-25,128907716519,283101729,128488626473
2023-06-26,128683770776,-223945743,128266719969
2023-06-27,128618471012,-65299764,128199350198
2023-06-28,128674419112,55948100,128253857345
2023-06-29,128181973580,-492445532,127762528299
2023-06-30,128115035307,-66938273,127696126803
2023-07-01,127509411863,-605623444,127088380083
2023-07-02,127487022631,-22389232,127066828482
2023-07-03,127530876615,43853984,127110699448
2023-07-04,127718157499,187280884,127297876207
2023-07-05,127839526498,121368999,127420692365
2023-07-06,127671600971,-167925527,127253062727
2023-07-07,127213964602,-457636369,126793981553
2023-07-08,127211606276,-2358326,126790389101
2023-07-09,127233780620,22174344,126812683815
2023-07-10,127127102843,-106677777,126706340037
2023-07-11,127035798369,-91304474,126613586102
2023-07-12,126884038004,-151760365,126462339306
2023-07-13,126753668507,-130369497,126329651268
2023-07-14,127026186891,272518384,126598324525
2023-07-15,127040984218,14797327,126614821831
2023-07-16,127089749180,48764962,126662902641
2023-07-17,127008377174,-81372006,126581288602
2023-07-18,126847365926,-161011248,126421281412
2023-07-19,126789530618,-57835308,126361242382
2023-07-20,126512393639,-277136979,126087049767
2023-07-21,126469488716,-42904923,126046063882
2023-07-22,126317207651,-152281065,125893021769
2023-07-23,126315795971,-1411680,125891829858
2023-07-24,126216804045,-98991926,125792659517
2023-07-25,126017081795,-199722250,125599210218
2023-07-26,125930081086,-87000709,125513024946
2023-07-27,125908923384,-21157702,125490996957
2023-07-28,125735143431,-173779953,125320416785
2023-07-29,125573862979,-161280452,125158144769
2023-07-30,125815573034,241710055,125400346941
2023-07-31,125690753394,-124819640,125275869934
2023-08-01,125625520953,-65232441,125210740962
2023-08-02,125412753325,-212767628,124991322409
2023-08-03,125239676649,-173076676,124819044906
2023-08-04,124988495486,-251181163,124567396680
2023-08-05,124737656832,-250838654,124313963282
2023-08-06,124770898468,33241636,124348346873
2023-08-07,124724814711,-46083757,124301871611
2023-08-08,124585184629,-139630082,124162214646
2023-08-09,124807294939,222110310,124384601724
2023-08-10,124724859464,-82435475,124285507588
2023-08-11,124470178898,-254680566,124030372626
2023-08-12,124369721766,-100457132,123931009927
2023-08-13,124480430716,110708950,124042323821
2023-08-14,124513775961,33345245,124075359010
2023-08-15,124066013999,-447761962,123627747939
2023-08-16,123768783171,-297230828,123335304802
2023-08-17,123462730889,-306052282,123030572214
2023-08-18,123441843117,-20887772,123012242741
2023-08-19,123092243964,-349599153,122660540921
2023-08-20,123308704214,216460250,122877645464
2023-08-21,123428405803,119701589,122997339160
2023-08-22,124487812859,1059407056,124056504405
2023-08-23,124381471182,-106341677,123951660114
2023-08-24,124422830561,41359379,123991720072
2023-08-25,124484758154,61927593,124056023295
2023-08-26,124529754799,44996645,124100056074
2023-08-27,124541844179,12089380,124112326374
2023-08-28,124654192738,112348559,124224026630
2023-08-29,124714042178,59849440,124282763061
2023-08-30,125151903839,437861661,124716260826
2023-08-31,125275625254,123721415,124842345255
2023-09-01,125288171693,12546439,124857422696
2023-09-02,125281798654,-6373039,124851396659
2023-09-03,125275643310,-6155344,124844882378
2023-09-04,125311562880,35919570,124881384157
2023-09-05,125055239169,-256323711,124621537377
2023-09-06,124597548945,-457690224,124164753687
2023-09-07,124412538005,-185010940,123979226402
2023-09-08,124187519307,-225018698,123755131754
2023-09-09,124312855670,125336363,123879024531
2023-09-10,124384500399,71644729,123949683291
2023-09-11,124554052951,169552552,124118973773
2023-09-12,124318924952,-235127999,123888598516
2023-09-13,124463544388,144619436,124031159518
2023-09-14,124477929206,14384818,124045053187
2023-09-15,124447482978,-30446228,124016889579
2023-09-16,124318195361,-129287617,123888049181
2023-09-17,124416447146,98251785,123985604359
2023-09-18,124442028046,25580900,124011406235
2023-09-19,124383790173,-58237873,123952475546
2023-09-20,124504736440,120946267,124073751114
2023-09-21,124491552041,-13184399,124062274685
2023-09-22,124420047808,-71504233,123992125119
2023-09-23,124501554613,81506805,124071821734
2023-09-24,124514506806,12952193,124084379622
2023-09-25,124560208266,45701460,124129856904
2023-09-26,124341204366,-219003900,123913314418
2023-09-27,124207240853,-133963513,123780062851
2023-09-28,124130865319,-76375534,123702780585
2023-09-29,124317878993,187013674,123888758903
2023-09-30,123874240693,-443638300,123444764341
2023-10-01,123990156784,115916091,123559096211
2023-10-02,124022258612,32101828,123590096529
2023-10-03,124195046368,172787756,123766591747
2023-10-04,124042260773,-152785595,123613379470
2023-10-05,123910951829,-131308944,123479583561
2023-10-06,124092882206,181930377,123655656671
2023-10-07,124352566181,259683975,123915345838
2023-10-08,124340259919,-12306262,123903415258
2023-10-09,124404791530,64531611,123968708195
2023-10-10,124455939089,51147559,124019782417
2023-10-11,124152467498,-303471591,123715682819
2023-10-12,123923909804,-228557694,123492177938
2023-10-13,123708876219,-215033585,123279382689
2023-10-14,123703437812,-5438407,123274463607
2023-10-15,123756233962,52796150,123326762798
2023-10-16,123824902309,68668347,123394960965
2023-10-17,123885607582,60705273,123454281528
2023-10-18,124078682839,193075257,123648473815
2023-10-19,124298386109,219703270,123867559182
2023-10-20,124892418214,594032105,124462550355
2023-10-21,124806918224,-85499990,124375033968
2023-10-22,124777951011,-28967213,124346542758
2023-10-23,124742426063,-35524948,124309587906
2023-10-24,125034290736,291864673,124601884858
2023-10-25,124264780493,-769510243,123833880750
2023-10-26,124665315959,400535466,124233627337
2023-10-27,124658745181,-6570778,124227611046
2023-10-28,124401865831,-256879350,124055967622
2023-10-29,124413826040,11960209,124068582062
2023-10-30,124536120286,122294246,124190150653
2023-10-31,124354411056,-181709230,124008468597
2023-11-01,124252507173,-101903883,123905832203
2023-11-02,124519412626,266905453,124171216171
2023-11-03,124405975449,-113437177,124056198829
2023-11-04,124783400549,377425100,124431862326
2023-11-05,124936419306,153018757,124583648486
2023-11-06,125002098470,65679164,124649601746
2023-11-07,125044555228,42456758,124690345432
2023-11-08,125383308631,338753403,125025863698
2023-11-09,125336801888,-46506743,124978127264
2023-11-10,125468801314,131999426,125113811720
2023-11-11,125759561815,290760501,125405350270
2023-11-12,125824963968,65402153,125469906734
2023-11-13,125837438150,12474182,125482870660
2023-11-14,125997485820,160047670,125642666933
2023-11-15,125850765928,-146719892,125494252603
2023-11-16,126180775266,330009338,125824738001
2023-11-17,126506132335,325357069,126149974871
2023-11-18,126691764308,185631973,126338101585
2023-11-19,126854017034,162252726,126498683249
2023-11-20,126841598500,-12418534,126486272743
2023-11-21,127308782964,467184464,126953745063
2023-11-22,127397202167,88419203,127042938163
2023-11-23,127422318513,25116346,127068895756
2023-11-24,127411720227,-10598286,127059418511
2023-11-25,128043485977,631765750,127689655425
2023-11-26,128023139792,-20346185,127670199178
2023-11-27,127992302826,-30836966,127640205277
2023-11-28,127836022943,-156279883,127485552663
2023-11-29,128131831041,295808098,127772474167
2023-11-30,128211882457,80051416,127852719134
2023-12-01,128308944388,97061931,127948093173
2023-12-02,128469366595,160422207,128110223308
2023-12-03,128534205299,64838704,128174740983
2023-12-04,128654311835,120106536,128296081082
2023-12-05,128461348721,-192963114,128103483042
2023-12-06,128738548972,277200251,128382059184
2023-12-07,128775514798,36965826,128409230273
2023-12-08,128773026549,-2488249,128393716769
2023-12-09,129007508352,234481803,128575863142
2023-12-10,129331788123,324279771,128899947357
2023-12-11,129298471372,-33316751,128869596763
2023-12-12,129099697505,-198773867,128669914738
2023-12-13,128459579159,-640118346,128030693760
2023-12-14,128882982628,423403469,128451763108
2023-12-15,129067974435,184991807,128634831991
2023-12-16,129313012537,245038102,128882935843
2023-12-17,129470136382,157123845,129041436012
2023-12-18,129424404712,-45731670,128992830308
2023-12-19,129376275549,-48129163,128948737697
2023-12-20,129824727203,448451654,129400463250
2023-12-21,130172913849,348186646,129746203152
2023-12-22,130156093301,-16820548,129728001569
2023-12-23,130502734588,346641287,130073496579
2023-12-24,130670790594,168056006,130241787760
2023-12-25,130610327892,-60462702,130182219084
2023-12-26,130570974836,-39353056,130142144288
2023-12-27,130260008515,-310966321,129831928513
2023-12-28,130712852325,452843810,130283545191
2023-12-29,130532079417,-180772908,130102946794
2023-12-30,130627686570,95607153,130198905763
2023-12-31,130528621182,-99065388,130100873955
2024-01-01,130263008054,-265613128,129835465344
2024-01-02,130786637568,523629514,130359543289
2024-01-03,130919276953,132639385,130495587520
2024-01-04,131458745500,539468547,131034400020
2024-01-05,132147530704,688785204,131721601505
2024-01-06,132561168343,413637639,132136850036
2024-01-07,132939146109,377977766,132515556695
2024-01-08,132866744602,-72401507,132442642373
2024-01-09,133144429470,277684868,132722037672
2024-01-10,133110765450,-33664020,132693055518
2024-01-11,133571105020,460339570,133148676456
2024-01-12,133888061874,316956854,133467506552
2024-01-13,133239179889,-648881985,132822771248
2024-01-14,133876052473,636872584,133458626347
2024-01-15,134036261226,160208753,133618377331
2024-01-16,133721085225,-315176001,133303795971
2024-01-17,133694351534,-26733691,133278138346
2024-01-18,134228079427,533727893,133813139215
2024-01-19,133600105940,-627973487,133187146307
2024-01-20,133770440773,170334833,133357755233
2024-01-21,133989918078,219477305,133576068810
2024-01-22,133712077018,-277841060,133298151343
2024-01-23,133858356820,146279802,133445247758
2024-01-24,134652642045,794285225,134239664029
2024-01-25,134489918065,-162723980,134071787725
2024-01-26,134679412552,189494487,134259049797
2024-01-27,134901854366,222441814,134480470305
2024-01-28,134973992094,72137728,134553192201
2024-01-29,135035789268,61797174,134614894664
2024-01-30,135358383770,322594502,134937258573
2024-01-31,135171376218,-187007552,134750117737
2024-02-01,135206541788,35165570,134786519351
2024-02-02,135578343220,371801432,135157723114
2024-02-03,135552322126,-26021094,135132492095
2024-02-04,135509653129,-42668997,135090414698
2024-02-05,135587680416,78027287,135168564024
2024-02-06,135431327112,-156353304,135012752422
2024-02-07,135772664317,341337205,135351706897
2024-02-08,136094117244,321452927,135667630993
2024-02-09,136389133489,295016245,135966774702
2024-02-10,136613343768,224210279,136192593198
2024-02-11,136884629574,271285806,136463514053
2024-02-12,137109336782,224707208,136688944067
2024-02-13,136703812665,-405524117,136284379153
2024-02-14,136890162061,186349396,136470963551
2024-02-15,137850315338,960153277,137431095301
2024-02-16,137682291001,-168024337,137262657542
2024-02-17,138038275468,355984467,137619179089
2024-02-18,138229001877,190726409,137810375209
2024-02-19,138123646920,-105354957,137706207623
2024-02-20,138129505054,5858134,137709750897
2024-02-21,138229140785,99635731,137807503911
2024-02-22,138260592020,31451235,137841062988
2024-02-23,138620366779,359774759,138199151984
2024-02-24,139241615670,621248891,138821066421
2024-02-25,139001823581,-239792089,138581467409
2024-02-26,139115427539,113603958,138693603544
2024-02-27,139569052338,453624799,139148005602
2024-02-28,140145019747,575967409,139722158180
2024-02-29,140619022410,474002663,140197045346
2024-03-01,141172362088,553339678,140749449279
2024-03-02,141722574190,550212102,141304851068
2024-03-03,141811462469,88888279,141394227581
2024-03-04,142209893707,398431238,141792254627
2024-03-05,142322914614,113020907,141999585537
2024-03-06,142582157894,259243280,142164715866
2024-03-07,142822176515,240018621,142487669141
2024-03-08,143346245752,524069237,143005261947
2024-03-09,144635931552,1289685800,144209742982
2024-03-10,144935472324,299540772,144508363687
2024-03-11,145068175935,132703611,144736914503
2024-03-12,145810550731,742374796,145477904658
2024-03-13,146063208632,252657901,145732944341
2024-03-14,146959833045,896624413,146536570116
2024-03-15,147234416471,274583426,146807368620
2024-03-16,147130000434,-104416037,146722849744
2024-03-17,147260951820,130951386,146855193193
2024-03-18,146933573124,-327378696,146529001543
2024-03-19,147641423985,707850861,147234672494
2024-03-20,148023268750,381844765,147623147605
2024-03-21,147554554543,-468714207,147143684059
2024-03-22,148114346114,559791571,147707634309
2024-03-23,148156436287,42090173,147752673617
2024-03-24,148489920784,333484497,148085040442
2024-03-25,148315091906,-174828878,147906937959
2024-03-26,149647345073,1332253167,149232929479
2024-03-27,149941961018,294615945,149528490726
2024-03-28,149899882246,-42078772,149487016829
2024-03-29,150146934908,247052662,149732467337
2024-03-30,150349374155,202439247,149939286818
2024-03-31,150576861021,227486866,150171409389
2024-04-01,150311411942,-265449079,149906995726
2024-04-02,150733889750,422477808,150330438571
2024-04-03,151382067308,648177558,150981523184
2024-04-04,152766699157,1384631849,152363668724
2024-04-05,153640756322,874057165,153239216598
2024-04-06,154647869404,1007113082,154339943470
2024-04-07,154772382730,124513326,154367571366
2024-04-08,154547176019,-225206711,154143542854
2024-04-09,154573410812,26234793,154172233337
2024-04-10,154359785889,-213624923,153966643269
2024-04-11,154082169235,-277616654,153675918103
2024-04-12,154675605377,593436142,154273055264
2024-04-13,154874000781,198395404,154479368835
2024-04-14,155479886279,605885498,155090997992
2024-04-15,155511580575,31694296,155118347030
2024-04-16,156054654250,543073675,155664848712
2024-04-17,157048679152,994024902,156656885689
2024-04-18,154760949448,-2287729704,154364386476
2024-04-19,157989597903,3228648455,157600994660
2024-04-20,156666978990,-1322618913,156276857598
2024-04-21,156777734496,110755506,156392908286
2024-04-22,158953254755,2175520259,158570394751
2024-04-23,159406848775,453594020,159115199780
2024-04-24,159444326547,37477772,159058333668
2024-04-25,159984235225,539908678,159599142810
2024-04-26,160020928557,36693332,159639918567
2024-04-27,159810549699,-210378858,159431076344
2024-04-28,159986978157,176428458,159606156862
2024-04-29,159980357495,-6620662,159599684201
2024-04-30,159704577852,-275779643,159322079673
2024-05-01,159859169040,154591188,159481996837
2024-05-02,159492605743,-366563297,159118521542
2024-05-03,159633015938,140410195,159253694523
2024-05-04,160279697123,646681185,159894414081
2024-05-05,160490736144,211039021,160193853222
2024-05-06,160568432276,77696132,160178998468
2024-05-07,160509802020,-58630256,160125836168
2024-05-08,160251269796,-258532224,159868427948
2024-05-09,160147811428,-103458368,159760675591
2024-05-10,160194158000,46346572,159805642752
2024-05-11,159983426467,-210731533,159596976793
2024-05-12,160115493478,132067011,159728264899
2024-05-13,160070734851,-44758627,159685207983
2024-05-14,160162284617,91549766,159776738180
2024-05-15,159937334426,-224950191,159556754306
2024-05-16,160512509802,575175376,160123997700
2024-05-17,160651925186,139415384,160267110601
2024-05-18,160808209482,156284296,160515760602
2024-05-19,161238862359,430652877,160852464994
2024-05-20,161191713971,-47148388,160806872161
2024-05-21,160891832991,-299880980,160510917895
2024-05-22,160968070106,76237115,160585011241
2024-05-23,160922297680,-45772426,160635544091
2024-05-24,160740103720,-182193960,160450160582
2024-05-25,161193823267,453719547,160809224456
2024-05-26,161195837198,2013931,160811334981
2024-05-27,160898780922,-297056276,160514814670
2024-05-28,160817822272,-80958650,160429560300
2024-05-29,160560619974,-257202298,160175004615
2024-05-30,160224282902,-336337072,159839802866
2024-05-31,160637813851,413530949,160250795420
2024-06-01,160760924020,123110169,160372577740
2024-06-02,160814516654,53592634,160426735664
2024-06-03,160590744582,-223772072,160203799385
2024-06-04,160911432012,320687430,160531048086
2024-06-05,161198095812,286663800,160815349817
2024-06-06,161288762020,90666208,161005142656
2024-06-07,161536515864,247753844,161153566834
2024-06-08,161856875732,320359868,161477742937
2024-06-09,161903724221,46848489,161523651297
2024-06-10,161956652759,52928538,161576828310
2024-06-11,161629179754,-327473005,161250169068
2024-06-12,161454943888,-174235866,161073600343
2024-06-13,161710932260,255988372,161333446753
2024-06-14,161802375737,91443477,161424314240
2024-06-15,161859835586,57459849,161481659849
2024-06-16,161589282694,-270552892,161212016131
2024-06-17,161682887208,93604514,161304990194
2024-06-18,161518377052,-164510156,161141160511
2024-06-19,161971292371,452915319,161592233764
2024-06-20,161664631074,-306661297,161381854536
2024-06-21,161859572131,194941057,161482664543
2024-06-22,162133468185,273896054,161757170763
2024-06-23,162151271883,17803698,161774637166
2024-06-24,161864361302,-286910581,161488233084
2024-06-25,161806761172,-57600130,161432664723
2024-06-26,161836536028,29774856,161465725681
2024-06-27,161881280659,44744631,161507329624
2024-06-28,161787084416,-94196243,161412052205
2024-06-29,161530518498,-256565918,161167254158
2024-06-30,161512956068,-17562430,161147631713
2024-07-01,161269868248,-243087820,160905446788
2024-07-02,161476499898,206631650,161112492538
2024-07-03,161393744543,-82755355,161026570735
2024-07-04,161459037056,65292513,161090270584
2024-07-05,161782793622,323756566,161415870498
2024-07-06,162146380189,363586567,161779801103
2024-07-07,162218170527,71790338,161851930267
2024-07-08,162238977565,20807038,161873243872
2024-07-09,162245549368,6571803,161879435498
2024-07-10,162546582567,301033199,162179907624
2024-07-11,162903651319,357068752,162633783935
2024-07-12,162968027628,64376309,162603731811
2024-07-13,162679452473,-288575155,162313576440
2024-07-14,162956739394,277286921,162592443578
2024-07-15,163361244260,404504866,162991620866
2024-07-16,163439800725,78556465,163064180600
2024-07-17,163719713591,279912866,163354265917
2024-07-18,163919046839,199333248,163529411754
2024-07-19,163906631503,-12415336,163517374761
2024-07-20,164859869600,953238097,164468586672
2024-07-21,164862334591,2464991,164471674175
2024-07-22,164853654560,-8680031,164465012235
2024-07-23,164963390441,109735881,164575424323
2024-07-24,165182600215,219209774,164796617241
2024-07-25,165011943383,-170656832,164626176495
2024-07-26,164564489166,-447454217,164178626579
2024-07-27,164800945141,236455975,164415149910
2024-07-28,164973191566,172246425,164588217961
2024-07-29,164951876387,-21315179,164566860746
2024-07-30,164592633305,-359243082,164208015692
2024-07-31,164551972839,-40660466,164163362146
2024-08-01,164502345971,-49626868,164108992062
2024-08-02,164097988446,-404357525,163709173025
2024-08-03,164210305966,112317520,163822506911
2024-08-04,164285872598,75566632,163897142054
2024-08-05,164433940067,148067469,164045588294
2024-08-06,164515188674,81248607,164126075018
2024-08-07,164989372774,474184100,164601428022
2024-08-08,166620519155,1631146381,166228704460
2024-08-09,166256941215,-363577940,165860812891
2024-08-10,166472466171,215524956,166082299605
2024-08-11,166082018556,-390447615,165692723038
2024-08-12,166507220568,425202012,166114676907
2024-08-13,166881779644,374559076,166487848664
2024-08-14,167258291512,376511868,166823263759
2024-08-15,167893825956,635534444,167459384766
2024-08-16,168092684139,198858183,167688170143
2024-08-17,168695840005,603155866,168291537169
2024-08-18,168786916530,91076525,168382824524
2024-08-19,168772251540,-14664990,168365949349
2024-08-20,168745447309,-26804231,168339020717
2024-08-21,169177994385,432547076,168771402996
2024-08-22,169445092606,267098221,169040404983
2024-08-23,169587402171,142309565,169179827729
2024-08-24,170208611320,621209149,169800572303
2024-08-25,170557777142,349165822,170148425092
2024-08-26,170537391882,-20385260,170130298173
2024-08-27,170279875110,-257516772,169872384957
2024-08-28,170214841144,-65033966,169807824692
2024-08-29,170440913354,226072210,170032321228
2024-08-30,170660879463,219966109,170251464361
2024-08-31,170574328719,-86550744,170165471856
2024-09-01,170272777106,-301551613,169863936454
2024-09-02,170744277074,471499968,170335396321
2024-09-03,170610531841,-133745233,170200840563
2024-09-04,170238046716,-372485125,169827202522
2024-09-05,170561728513,323681797,170149879405
2024-09-06,170267443704,-294284809,169858900924
2024-09-07,170230047636,-37396068,169820696964
2024-09-08,170488722635,258674999,170079277104
2024-09-09,170458946500,-29776135,170049383071
2024-09-10,171132222299,673275799,170722758216
2024-09-11,171002558526,-129663773,170590192916
2024-09-12,171015249592,12691066,170602842542
2024-09-13,170790873851,-224375741,170378188843
2024-09-14,171556401364,765527513,171143202979
2024-09-15,172232465636,676064272,171819568976
2024-09-16,171884341587,-348124049,171471077591
2024-09-17,171519717556,-364624031,171108278936
2024-09-18,172119869870,600152314,171707600001
2024-09-19,172347540402,227670532,171934453671
2024-09-20,172247576545,-99963857,171833561719
2024-09-21,172828078643,580502098,172411757099
2024-09-22,173070334468,242255825,172654301570
2024-09-23,172979283235,-91051233,172565164894
2024-09-24,172877324158,-101959077,172461031973
2024-09-25,172911945110,34620952,172495602488
2024-09-26,173140350168,228405058,172720449683
2024-09-27,173594916053,454565885,173169186920
2024-09-28,173340706073,-254209980,172912060600
2024-09-29,173365509089,24803016,172937944389
2024-09-30,173353012309,-12496780,172926930198
2024-10-01,172716949563,-636062746,172281427438
2024-10-02,173124686372,407736809,172692608334
2024-10-03,173249589868,124903496,172817960872
2024-10-04,173119859621,-129730247,172682863016
2024-10-05,173157015741,37156120,172718255123
2024-10-06,173939178626,782162885,173500936072
2024-10-07,172716640939,-1222537687,172279339721
2024-10-08,173294151407,577510468,172857718495
2024-10-09,173378267705,84116298,172942056895
2024-10-10,173416969191,38701486,172980464366
2024-10-11,173037169630,-379799561,172600657818
2024-10-12,173409123415,371953785,172973055450
2024-10-13,173686329310,277205895,173251667975
2024-10-14,174002077297,315747987,173567076503
2024-10-15,173286410770,-715666527,172852412587
2024-10-16,173341159227,54748457,172908244767
2024-10-17,173046982831,-294176396,172607601669
2024-10-18,173020018513,-26964318,172579900005
2024-10-19,173336915505,316896992,172897687156
2024-10-20,173359960679,23045174,172920661244
2024-10-21,173255194761,-104765918,172817499000
2024-10-22,173441029293,185834532,173001297573
2024-10-23,173310169838,-130859455,172871920072
2024-10-24,172808273225,-501896613,172361485076
2024-10-25,172175313465,-632959760,171725392035
2024-10-26,173051129732,875816267,172599578242
2024-10-27,173132201691,81071959,172680321525
2024-10-28,173557737953,425536262,173105011910
2024-10-29,172789007990,-768729963,172343685396
2024-10-30,173396082704,607074714,172948091484
2024-10-31,173650384541,254301837,173202208899
2024-11-01,173080304960,-570079581,172636179461
2024-11-02,173536418845,456113885,173089998581
2024-11-03,173606412882,69994037,173160241207
2024-11-04,173905639929,299227047,173458241896
2024-11-05,175313394027,1407754098,174869397970
2024-11-06,175445965991,132571964,175000636319
2024-11-07,177198913573,1752947582,176754463620
2024-11-08,177906354182,707440609,177479975720
2024-11-09,179048412103,1142057921,178645604575
2024-11-10,179073889083,25476980,178670422065
2024-11-11,180338658491,1264769408,179934895110
2024-11-12,180998741949,660083458,180569772804
2024-11-13,181160793145,162051196,180742247482
2024-11-14,182190724511,1029931366,181789143969
2024-11-15,184439609099,2248884588,184036870280
2024-11-16,184640251453,200642354,184237476029
2024-11-17,184993536516,353285063,184590711112
2024-11-18,185428295365,434758849,185024535468
2024-11-19,185660164276,231868911,185259480100
2024-11-20,186335860727,675696451,185933886061
2024-11-21,188137172214,1801311487,187741918906
2024-11-22,188961356071,824183857,188568706281
2024-11-23,190878797482,1917441411,190480624744
2024-11-24,192667741110,1788943628,192269568126
2024-11-25,193011553992,343812882,192612295864
2024-11-26,191917823745,-1093730247,191519827622
2024-11-27,192286970180,369146435,191886661162
2024-11-28,193875543214,1588573034,193474933969
2024-11-29,194798593660,923050446,194398042816
2024-11-30,195556152381,757558721,195154129939
2024-12-01,193668250473,-1887901908,193265087597
2024-12-02,193942865653,274615180,193542496596
2024-12-03,194878383831,935518178,194477674913
2024-12-04,195227852613,349468782,194821667164
2024-12-05,196543745148,1315892535,196137286466
2024-12-06,197118672498,574927350,196715735174
2024-12-07,198260701797,1142029299,197857993288
2024-12-08,198699404818,438703021,198295483599
2024-12-09,199589818990,890414172,199187733827
2024-12-10,199654761571,64942581,199255992786
2024-12-11,200051891167,397129596,199651989667
2024-12-12,202279620582,2227729415,201892168163
2024-12-13,202764456641,484836059,202376017948
2024-12-14,203666657655,902201014,203278264733
2024-12-15,203946088982,279431327,203557283090
2024-12-16,204040981022,94892040,203653164332
2024-12-17,204544148906,503167884,204158819598
2024-12-18,204737295068,193146162,204355380712
2024-12-19,204963531527,226236459,204583181774
2024-12-20,205472442617,508911090,205087706086
2024-12-21,205531349643,58907026,205146553619
2024-12-22,205575691386,44341743,205190869774
2024-12-23,206245787882,670096496,205861726099
2024-12-24,205753112438,-492675444,205368947774
2024-12-25,206179548151,426435713,205794504859
2024-12-26,206449420842,269872691,206064401148
2024-12-27,206946199919,496779077,206560580408
2024-12-28,207212931029,266731110,206827582570
2024-12-29,206982501533,-230429496,206597761977
2024-12-30,206519620389,-462881144,206134398972
2024-12-31,205826144621,-693475768,205447255733
2025-01-01,205180071130,-646073491,204800406636
2025-01-02,204728098934,-451972196,204352561153
2025-01-03,206670666159,1942567225,206270875763
2025-01-04,208408599103,1737932944,208007693412
2025-01-05,208371717382,-36881721,207963449513
2025-01-06,208318041491,-53675891,207907894945
2025-01-07,208588977572,270936081,208177840586
2025-01-08,208054539092,-534438480,207642943556
2025-01-09,208156726638,102187546,207745342194
2025-01-10,207896859509,-259867129,207487191379
2025-01-11,208075517229,178657720,207665839146
2025-01-12,207966970236,-108546993,207559154130
2025-01-13,208268463889,301493653,207860983944
2025-01-14,208192095568,-76368321,207778990015
2025-01-15,208487807044,295711476,208076643451
2025-01-16,209346420747,858613703,208933118522
2025-01-17,209561305236,214884489,209149391728
2025-01-18,211280529417,1719224181,210867448569
2025-01-19,211256102557,-24426860,210843748728
2025-01-20,211629202365,373099808,211215049079
2025-01-21,211682163271,52960906,211268321809
2025-01-22,214395726165,2713562894,213986101041
2025-01-23,215717539410,1321813245,215291338885
2025-01-24,216469198013,751658603,216040458922
2025-01-25,217084150160,614952147,216654789862
2025-01-26,217123959576,39809416,216693307807
2025-01-27,217086459891,-37499685,216655464886
2025-01-28,217292212268,205752377,216867338887
2025-01-29,217757364517,465152249,217324321254
2025-01-30,217965400684,208036167,217535343706
2025-01-31,218635785166,670384482,218194949323
2025-02-01,218834734111,198948945,218393686940
2025-02-02,218914061850,79327739,218476699606
2025-02-03,218971750347,57688497,218525962937
2025-02-04,219746685746,774935399,219305561477
2025-02-05,222442010603,2695324857,221982517199
2025-02-06,223766421482,1324410879,223305049009
2025-02-07,224206537032,440115550,223749514581
2025-02-08,225331872204,1125335172,224881193886
2025-02-09,225411809978,79937774,224962817849
2025-02-10,225551700947,139890969,225101861821
2025-02-11,225715346108,163645161,225271231196
2025-02-12,225756005356,40659248,225312403473
2025-02-13,225991738530,235733174,225551977618
2025-02-14,226178141570,186403040,225733095533
2025-02-15,226499289871,321148301,226056014823
2025-02-16,226641415845,142125974,226199099626
2025-02-17,226861671518,220255673,226418840003
2025-02-18,226585630910,-276040608,226142253227
2025-02-19,226495915402,-89715508,226051735441
2025-02-20,227310534304,814618902,226862830706
2025-02-21,227229180730,-81353574,226777388215
2025-02-22,227929041679,699860949,227473664329
2025-02-23,227703737815,-225303864,227252173331
2025-02-24,227855095055,151357240,227402691238
2025-02-25,227253892805,-601202250,226800563389
2025-02-26,226137864077,-1116028728,225685967900
2025-02-27,225553368917,-584495160,225104028555
2025-02-28,225539968220,-13400697,225087960049
2025-03-01,226419570889,879602669,225961151181
2025-03-02,225706798677,-712772212,225250448643
2025-03-03,225692667764,-14130913,225230480255
2025-03-04,225827429513,134761749,225367026341
2025-03-05,226370335751,542906238,225911855807
2025-03-06,227375431803,1005096052,226907418964
2025-03-07,227459828841,84397038,226989277442
2025-03-08,228552771956,1092943115,228084307529
2025-03-09,228638048876,85276920,228169797106
2025-03-10,228525851924,-112196952,228057375637
2025-03-11,228144728152,-381123772,227667014275
2025-03-12,228925061599,780333447,228444740249
2025-03-13,229321111839,396050240,228835317944
2025-03-14,229514569885,193458046,229026333322
2025-03-15,230298094171,783524286,229809301113
2025-03-16,230442574532,144480361,229953205178
2025-03-17,230404345501,-38229031,229914463996
2025-03-18,230596297268,191951767,230102891031
2025-03-19,230918075534,321778266,230430172081
2025-03-20,231502810472,584734938,231014403224
2025-03-21,231387466493,-115343979,230895047724
2025-03-22,232176131252,788664759,231680910254
2025-03-23,233122811105,946679853,232627392625
2025-03-24,233474400538,351589433,232978695846
2025-03-25,234489291356,1014890818,233992652045
2025-03-26,235589927184,1100635828,235096513651
2025-03-27,235725271238,135344054,235228467200
2025-03-28,235091185247,-634085991,234591849581
2025-03-29,234512835799,-578349448,234013830536
2025-03-30,234754394721,241558922,234254597807
2025-03-31,234703522302,-50872419,234203740057
2025-04-01,234906163179,202640877,234402971596
2025-04-02,235112992579,206829400,234612712906
2025-04-03,235519731512,406738933,235008076385
2025-04-04,235647341386,127609874,235139130641
2025-04-05,235163768170,-483573216,234650242948
2025-04-06,234863593815,-300174355,234349556721
2025-04-07,234407985352,-455608463,233895396193
2025-04-08,234037428827,-370556525,233512923224
2025-04-09,233666236098,-371192729,233134605158
2025-04-10,233795646918,129410820,233253831825
2025-04-11,233646298341,-149348577,233097212169
2025-04-12,233523195689,-123102652,232966746113
2025-04-13,233885506404,362310715,233328272061
2025-04-14,233684497407,-201008997,233126476930
2025-04-15,233651987408,-32509999,233086671939
2025-04-16,234108965705,456978297,233533617271
2025-04-17,234276149459,167183754,233709218722
2025-04-18,234793780882,517631423,234224403912
2025-04-19,234265595507,-528185375,233690402739
2025-04-20,234316753727,51158220,233740482710
2025-04-21,234497859098,181105371,233918325438
2025-04-22,234668803059,170943961,234087232697
2025-04-23,235872817577,1204014518,235288586554
2025-04-24,236394739547,521921970,235810579235
2025-04-25,237447822512,1053082965,236865313104
2025-04-26,238077959213,630136701,237491058483
2025-04-27,238712475023,634515810,238124002235
2025-04-28,239431343910,718868887,238843525984
2025-04-29,240130523932,699180022,239542721662
2025-04-30,241596369320,1465845388,241010780299
2025-05-01,241855329211,258959891,241273396701
2025-05-02,242010985311,155656100,241425541566
2025-05-03,242425752827,414767516,241840435914
2025-05-04,242797439128,371686301,242214669627
2025-05-05,242771865099,-25574029,242180305178
2025-05-06,242650768867,-121096232,242060987388
2025-05-07,241877629064,-773139803,241286543589
2025-05-08,242016622116,138993052,241424538250
2025-05-09,242659897013,643274897,242061740178
2025-05-10,242536990812,-122906201,241944045692
2025-05-11,242751361496,214370684,242163036475
2025-05-12,242754039837,2678341,242170780308
2025-05-13,242216363027,-537676810,241631142006
2025-05-14,242074163543,-142199484,241484511028
2025-05-15,242483758072,409594529,241897505693
2025-05-16,243047947518,564189446,242457414694
2025-05-17,243592995799,545048281,243000049798
2025-05-18,243650863902,57868103,243057813733
2025-05-19,243795124227,144260325,243205062616
2025-05-20,243735252272,-59871955,243143209035
2025-05-21,244204237543,468985271,243463816614
2025-05-22,245220805107,1016567564,244488565383
2025-05-23,245735147283,514342176,245009525715
2025-05-24,246049707741,314560458,245332588188
2025-05-25,246344179241,294471500,245626842516
2025-05-26,246352596713,8417472,245636295101
2025-05-27,246586281549,233684836,245875808011
2025-05-28,246353077356,-233204193,245650015592
2025-05-29,246340768185,-12309171,245646159870
2025-05-30,246502777876,162009691,245823345399
2025-05-31,246672845427,170067551,245978576263
2025-06-01,246794819483,121974056,246104995024
2025-06-02,247048755255,253935772,246357402802
2025-06-03,247666838592,618083337,246989681504
2025-06-04,248350892438,684053846,247676937900
2025-06-05,248762001677,411109239,248083355185
2025-06-06,248547168438,-214833239,247871631646
2025-06-07,249216468405,669299967,248537191481
2025-06-08,249553454995,336986590,248874175747
2025-06-09,249567637400,14182405,248887838274
2025-06-10,249918509158,350871758,249238260288
2025-06-11,249655403872,-263105286,248979557794
2025-06-12,250221544664,566140792,249541879869
2025-06-13,250165028864,-56515800,249494625283
2025-06-14,250969379160,804350296,250301253003
2025-06-15,250889907268,-79471892,250221802501
2025-06-16,250842441919,-47465349,250168777492
2025-06-17,250749651412,-92790507,250078565049
2025-06-18,250931717981,182066569,250258514482
2025-06-19,250967050841,35332860,250293562584
2025-06-20,250859118553,-107932288,250182938865
2025-06-21,250637043017,-222075536,249967251300
2025-06-22,250627234481,-9808536,249956106810
2025-06-23,250811243326,184008845,250134293383
2025-06-24,250257595594,-553647732,249584459697
2025-06-25,252032918571,1775322977,251352320182
2025-06-26,251859567941,-173350630,251175614458
2025-06-27,252021528767,161960826,251341851775
2025-06-28,252338085117,316556350,251658172384
2025-06-29,252667942572,329857455,251986039955
2025-06-30,252673807827,5865255,251981259025
2025-07-01,252941581439,267773612,252254042408
2025-07-02,253215513939,273932500,252518088474
2025-07-03,253612182444,396668505,252916010780
2025-07-04,253919023759,306841315,253221792568
2025-07-05,254071713254,152689495,253373538411
2025-07-06,254295179182,223465928,253601986924
2025-07-07,254322893414,27714232,253632602362
2025-07-08,254513386714,190493300,253809559807
2025-07-09,254446731392,-66655322,253740783483
2025-07-10,254914979541,468248149,254206638802
2025-07-11,256059612014,1144632473,255356000389
2025-07-12,257108341150,1048729136,256309638099
2025-07-13,257380035908,271694758,256581578591
2025-07-14,257534201394,154165486,256738779975
2025-07-15,257181102107,-353099287,256379446769
2025-07-16,256168188857,-1012913250,255354974941
2025-07-17,258848223011,2680034154,258049040472
2025-07-18,259666875744,818652733,258850271641
2025-07-19,260120913811,454038067,259312630117
2025-07-20,260482598581,361684770,259666837715
2025-07-21,260860639205,378040624,260043573930
2025-07-22,261437293750,576654545,260496616024
2025-07-23,261995381535,558087785,260984141949
2025-07-24,263050512088,1055130553,261993148918
2025-07-25,264191869176,1141357088,263136953970
2025-07-26,263991249185,-200619991,262937049456
2025-07-27,264600298781,609049596,263546934062
2025-07-28,264940816995,340518214,263901390163
2025-07-29,264906229558,-34587437,263861729558
2025-07-30,264946842411,40612853,263916095124
2025-07-31,265593552541,646710130,264557735385
2025-08-01,266130028679,536476138,265092823697
2025-08-02,266396856307,266827628,265357445884
2025-08-03,266397546195,689888,265363956566
2025-08-04,266961576849,564030654,265919480359
2025-08-05,267455183947,493607098,266412938714
2025-08-06,267611086791,155902844,266565155662
2025-08-07,267745694760,134607969,266689116530
2025-08-08,268675987345,930292585,267619840150
2025-08-09,269270849135,594861790,268214485385
2025-08-10,269988747684,717898549,268937137462
2025-08-11,269372414573,-616333111,268316344514
2025-08-12,270104133617,731719044,269050046931
2025-08-13,270973742383,869608766,269916103592
2025-08-14,272603015115,1629272732,271559868004
2025-08-15,274209898842,1606883727,273207826642
2025-08-16,275700646632,1490747790,274727941421
2025-08-17,275656647787,-43998845,274685300022
2025-08-18,276470083917,813436130,275503550108
2025-08-19,276525226344,55142427,275525087430
2025-08-20,276487014533,-38211811,275483238732
2025-08-21,276880161423,393146890,275885123200
2025-08-22,275771002701,-1109158722,274766842070
2025-08-23,275684302913,-86699788,274670593540
2025-08-24,277024784698,1340481785,276010436080
2025-08-25,277089389636,64604938,276081252682
2025-08-26,278951654973,1862265337,277936584490
2025-08-27,279236405049,284750076,278214605075
2025-08-28,279777953508,541548459,278755409692
2025-08-29,282223519873,2445566365,281126969967
2025-08-30,282403811699,180291826,281300169945
2025-08-31,282758255372,354443673,281662424982
2025-09-01,283507283643,749028271,282404371290
2025-09-02,283504285452,-2998191,282402323614
2025-09-03,282670629071,-833656381,281554437284
2025-09-04,284522220238,1851591167,283410271970
2025-09-05,287159661640,2637441402,286035823015
2025-09-06,285600075635,-1559586005,284482437157
2025-09-07,285655249542,55173907,284542897470
2025-09-08,285419607257,-235642285,284309600540
2025-09-09,285558678380,139071123,284470258148
2025-09-10,286050079087,491400707,284971387102
2025-09-11,286164448885,114369798,285084724014
2025-09-12,286963371950,798923065,285878810507
2025-09-13,288344834433,1381462483,287259893129
2025-09-14,289050667032,705832599,287971736677
2025-09-15,289086128925,35461893,288000383920
2025-09-16,289401597555,315468630,288305619800
2025-09-17,290196494023,794896468,289103098543
2025-09-18,290405802811,209308788,289298179453
2025-09-19,291516015722,1110212911,290415323496
2025-09-20,292312537568,796521846,291204137091
2025-09-21,292522022350,209484782,291413558874
2025-09-22,292514042176,-7980174,291409284716
2025-09-23,293376726479,862684303,292284020132
2025-09-24,294211182113,834455634,293110655644
2025-09-25,295003907287,792725174,293909164554
2025-09-26,295175074203,171166916,294064775768
2025-09-27,295913525228,738451025,294802355221
2025-09-28,296109049463,195524235,294999808376
2025-09-29,296347416235,238366772,295239000684
2025-09-30,297158309377,810893142,296051526810
2025-10-01,298582917991,1424608614,297474600277
2025-10-02,299483302079,900384088,298375317178
2025-10-03,300680650914,1197348835,299559077393
2025-10-04,302190099825,1509448911,301086295007
2025-10-05,302716144102,526044277,301613369081
2025-10-06,302247405762,-468738340,301147574971
2025-10-07,302928641186,681235424,301821009761
2025-10-08,303729339131,800697945,302614528563
2025-10-09,303747481382,18142251,302630848537
2025-10-10,303969179362,221697980,302852872878
2025-10-11,304294225578,325046216,303181026137
2025-10-12,303872577159,-421648419,302742651305
2025-10-13,303928687411,56110252,302799233388
2025-10-14,304821379783,892692372,303686185891
2025-10-15,306065169727,1243789944,304918955407
2025-10-16,306859772641,794602914,305734378424
2025-10-17,306914510289,54737648,305803381780
2025-10-18,307184661267,270150978,306073880586
2025-10-19,307213706963,29045696,306099678921
2025-10-20,307494543249,280836286,306375318223
2025-10-21,307455270661,-39272588,306334300116
2025-10-22,308507969329,1052698668,307367893746
2025-10-23,307913903476,-594065853,306771663388
2025-10-24,308110149380,196245904,306966910881
2025-10-25,308744834016,634684636,307591238218
2025-10-26,308504773526,-240060490,307350558383
2025-10-27,308366186169,-138587357,307209247509
2025-10-28,308013546336,-352639833,306858277797
2025-10-29,308192430906,178884570,307040344040
2025-10-30,307472330893,-720100013,306317157048
2025-10-31,307107453860,-364877033,305936039561
2025-11-01,307123035315,15581455,305964396563
2025-11-02,307276784501,153749186,306116686148
2025-11-03,307018223615,-258560886,305863505596
2025-11-04,306960071745,-58151870,305813544622
2025-11-05,305788063631,-1172008114,304641129901
2025-11-06,305636555705,-151507926,304479245789
2025-11-07,304993586951,-642968754,303828988078
2025-11-08,305335355654,341768703,304175330888
2025-11-09,304791284253,-544071401,303638435833
2025-11-10,304736305038,-54979215,303579849048
2025-11-11,304978880181,242575143,303791032165
2025-11-12,305340233085,361352904,304155849035
2025-11-13,305402836983,62603898,304195559172
2025-11-14,304860821231,-542015752,303652705002
2025-11-15,304183441008,-677380223,302970474279
2025-11-16,304064548994,-118892014,302850126150
2025-11-17,303717527952,-347021042,302507858977
2025-11-18,303353250138,-364277814,302135471451
2025-11-19,303197371259,-155878879,301995870151
2025-11-20,302976925180,-220446079,301775269883
2025-11-21,302975208695,-1716485,301718482604
2025-11-22,302731043825,-244164870,301437081161
2025-11-23,302911267563,180223738,301617941012
2025-11-24,302675937328,-235330235,301376576419
2025-11-25,303982313602,1306376274,302689862302
2025-11-26,304553197269,570883667,303253921090
2025-11-27,305386504018,833306749,304078270709
2025-11-28,305820956689,434452671,304503947715
2025-11-29,306375866553,554909864,305061523517
2025-11-30,306537706479,161839926,305225435426
2025-12-01,306229019464,-308687015,304917299321
2025-12-02,307075454949,846435485,305766657819
2025-12-03,307879718848,804263899,306550227147
2025-12-04,307834849507,-44869341,306501594456
2025-12-05,308347777799,512928292,307013395553
2025-12-06,308562667207,214889408,307216461767
2025-12-07,308513739306,-48927901,307170872366
2025-12-08,308708745658,195006352,307365432754
2025-12-09,309066553234,357807576,307718314850
2025-12-10,309222775516,156222282,307878596200
2025-12-11,309311816239,89040723,307979598889
2025-12-12,310282837550,971021311,308951664862
2025-12-13,310360784859,77947309,309028089667
2025-12-14,310242647949,-118136910,308909328506
2025-12-15,309943717466,-298930483,308609460040
2025-12-16,309720194935,-223522531,308395860733
2025-12-17,309708377607,-11817328,308385407794
2025-12-18,309640913003,-67464604,308316552736
2025-12-19,309093252679,-547660324,307768212358
2025-12-20,309584250641,490997962,308259874261
2025-12-21,310654352656,1070102015,309331698393
2025-12-22,309429740559,-1224612097,308100482946
2025-12-23,309504005709,74265150,308189565734
2025-12-24,309121592405,-382413304,307797505219
2025-12-25,308620016454,-501575951,307292227985
2025-12-26,308791930854,171914400,307461816754
2025-12-27,308714575783,-77355071,307392668935
2025-12-28,308596861806,-117713977,307271905089
2025-12-29,308440422009,-156439797,307116507825
2025-12-30,308311116867,-129305142,306997859490
2025-12-31,307977771124,-333345743,306661529478
2026-01-01,307241298665,-736472459,305918486001
2026-01-02,307271898163,30599498,305947738296
2026-01-03,308047791819,775893656,306728661822
2026-01-04,307944008272,-103783547,306625769142
2026-01-05,308284418316,340410044,306966275955
2026-01-06,308818676514,534258198,307516239089
2026-01-07,308398105964,-420570550,307093052478
2026-01-08,308139448815,-258657149,306835741530
2026-01-09,307783874533,-355574282,306478333516
2026-01-10,308101961149,318086616,306796599653
2026-01-11,307965309820,-136651329,306657570177
2026-01-12,307966570854,1261034,306657725856
2026-01-13,307437397400,-529173454,306118860970
2026-01-14,308949464828,1512067428,307633929751
2026-01-15,309863096533,913631705,308538235246
2026-01-16,310727194699,864098166,309403751027
2026-01-17,311296812724,569618025,309974702522
2026-01-18,311582302587,285489863,310256575678
2026-01-19,311403010971,-179291616,310072150521
2026-01-20,311196736025,-206274946,309868486136
2026-01-21,309511002783,-1685733242,308173391931
2026-01-22,308988430734,-522572049,307646494550
2026-01-23,308707302112,-281128622,307354091568
2026-01-24,309116507672,409205560,307765264261
2026-01-25,309095865376,-20642296,307740915590
2026-01-26,309052200018,-43665358,307686134442
2026-01-27,308505039312,-547160706,307124760223
2026-01-28,308456362804,-48676508,307059338862
2026-01-29,308152386139,-303976665,306746948022
2026-01-30,306822944742,-1329441397,305422453438
2026-01-31,305764276453,-1058668289,304364181496
2026-02-01,305155777410,-608499043,303754017728
2026-02-02,305481923223,326145813,304080869681
2026-02-03,305740197407,258274184,304321740691
2026-02-04,305955287460,215090053,304546421053
2026-02-05,305997371310,42083850,304611706598
2026-02-06,305289708387,-707662923,303897405142
2026-02-07,305631480399,341772012,304238765262
2026-02-08,306174874742,543394343,304780699505
2026-02-09,307388386342,1213511600,305978440965
2026-02-10,307104028176,-284358166,305696913148
2026-02-11,306682199031,-421829145,305274802454
2026-02-12,306591219151,-90979880,305171069519
2026-02-13,306378632524,-212586627,304960208545
2026-02-14,307255974331,877341807,305831313145
2026-02-15,307367314478,111340147,305940642927
2026-02-16,307505246990,137932512,306080924594
2026-02-17,307740501589,235254599,306313886193
2026-02-18,307344544228,-395957361,305928354091
2026-02-19,307606809474,262265246,306185981662
2026-02-20,307607685300,875826,306194378869
2026-02-21,307166701752,-440983548,305746368463
2026-02-22,307098091197,-68610555,305676667628
2026-02-23,308259963273,1161872076,306838139296
2026-02-24,308068143456,-191819817,306646051361
2026-02-25,308310168178,242024722,306889263532
2026-02-26,308936696456,626528278,307519496151
2026-02-27,308451005662,-485690794,307024006277
2026-02-28,308753443473,302437811,307311314610
2026-03-01,309047789760,294346287,307603172429
2026-03-02,308655214036,-392575724,307221371341
2026-03-03,309761748161,1106534125,308327969928
2026-03-04,310018225337,256477176,308582242430
2026-03-05,310968119305,949893968,309533011261
2026-03-06,312001945550,1033826245,310568025020
2026-03-07,312179230750,177285200,310751427889
2026-03-08,312197757211,18526461,310772525571
2026-03-09,312362945746,165188535,310931795185
2026-03-10,313399707427,1036761681,311967750925
2026-03-11,313713647774,313940347,312282784885
2026-03-12,314011147635,297499861,312592954483
2026-03-13,314626774381,615626746,313216665638
2026-03-14,315085874843,459100462,313674688795
2026-03-15,315045658126,-40216717,313630124596
2026-03-16,315016490028,-29168098,313599619287
2026-03-17,315069978928,53488900,313665530287
2026-03-18,315177114889,107135961,313799968208
2026-03-19,314726334637,-450780252,313333859587
2026-03-20,315068287251,341952614,313677792409
2026-03-21,315238356762,170069511,313842589982
2026-03-22,315236308391,-2048371,313841743583
2026-03-23,315206289695,-30018696,313806377050
2026-03-24,314669629611,-536660084,313242913604
2026-03-25,314779885332,110255721,313364079656
2026-03-26,314889436448,109551116,313476621299
2026-03-27,314397953860,-491482588,312983328639
2026-03-28,314266694564,-131259296,312842356158
2026-03-29,314191093422,-75601142,312768581170
2026-03-30,314315952544,124859122,312894474600
2026-03-31,314597735726,281783182,313170485799
2026-04-01,315361584200,763848474,313936912652
2026-04-02,315589654432,228070232,314163658962
2026-04-03,315866319058,276664626,314436464431
2026-04-04,316267568289,401249231,314835669426
2026-04-05,316193348665,-74219624,314762562027
2026-04-06,316210739643,17390978,314778032679
2026-04-07,315794106197,-416633446,314297465901
2026-04-08,316492395207,698289010,315000454667
2026-04-09,316522046312,29651105,315025048716
2026-04-10,316948499906,426453594,315441105957
2026-04-11,317655901610,707401704,316150489820
2026-04-12,317732811637,76910027,316231256277
2026-04-13,317835638090,102826453,316326120350
2026-04-14,317974297998,138659908,316465721743
2026-04-15,319003317923,1029019925,317511375242
2026-04-16,319047945421,44627498,317557894914
2026-04-17,319553975238,506029817,318060241864
2026-04-18,320397562411,843587173,318903438024
2026-04-19,320566135527,168573116,319068967627
2026-04-20,319643188708,-922946819,318145348571
2026-04-21,319699982772,56794064,318203061257
2026-04-22,320419001528,719018756,318925512394
2026-04-23,320040648359,-378353169,318532544321
2026-04-24,319770157718,-270490641,318264839250
2026-04-25,319584468344,-185689374,318090708254
2026-04-26,319690897365,106429021,318197287628
2026-04-27,319672938093,-17959272,318179043089
2026-04-28,319454416940,-218521153,317963997628
2026-04-29,319582606087,128189147,318094222624
2026-04-30,318784905724,-797700363,317297326439
2026-05-01,319480846021,695940297,317984250383
2026-05-02,319710284993,229438972,318213568649
2026-05-03,319773725827,63440834,318282689565
2026-05-04,320115570523,341844696,318625653870
2026-05-05,320657837847,542267324,319158807111
2026-05-06,321547828739,889990892,320048955023
2026-05-07,321840878990,293050251,320318535922
2026-05-08,322101414240,260535250,320580511551
2026-05-09,320779439112,-1321975128,319224960721
2026-05-10,321518072376,738633264,319962236474
2026-05-11,321799610225,281537849,320244557993
2026-05-12,321993410942,193800717,320452357591
2026-05-13,321751600246,-241810696,320207244206
2026-05-14,321318768516,-432831730,319777082017
2026-05-15,321453981395,135212879,319893061516
2026-05-16,322129985975,676004580,320573242931
2026-05-17,322427271065,297285090,320869531836
2026-05-18,322320529191,-106741874,320771166041
2026-05-19,322089113225,-231415966,320526923818
2026-05-20,321573902037,-515211188,320016587314
2026-05-21,321060843977,-513058060,319515611314
2026-05-22,321818313557,757469580,320278677461
2026-05-23,321884431579,66118022,320342139219
2026-05-24,321827282570,-57149009,320278897788
2026-05-25,321568331189,-258951381,320015527739
2026-05-26,321708585855,140254666,320169136872
2026-05-27,321376904934,-331680921,319828193570
2026-05-28,320735843628,-641061306,319212213859
2026-05-29,319783379000,-952464628,318262731668
2026-05-30,319351504167,-431874833,317829817201
2026-05-31,319124116435,-227387732,317595249365
2026-06-01,318912878831,-211237604,317385185706
2026-06-02,318902455995,-10422836,317385503661
2026-06-03,318214538783,-687917212,316700365315
2026-06-04,317485414116,-729124667,315966148155
2026-06-05,316161096940,-1324317176,314653438925
2026-06-06,315614950766,-546146174,314085491653
2026-06-07,315155159119,-459791647,313614178479
2026-06-08,315287753533,132594414,313741131602
2026-06-09,315750698057,462944524,314197547302
2026-06-10,314757261785,-993436272,313220496690
2026-06-11,314697152338,-60109447,313127388561
2026-06-12,314547723857,-149428481,312983506664
2026-06-13,314143636587,-404087270,312589097831
2026-06-14,314211604229,67967642,312647643357
2026-06-15,314113640120,-97964109,312549837466
2026-06-16,314560571374,446931254,313001115638
2026-06-17,314421352312,-139219062,312879379112
2026-06-18,314068843846,-352508466,312533566610
2026-06-19,314240968822,172124976,312708910963
2026-06-20,314285384869,44416047,312737430016
2026-06-21,314352444899,67060030,312796350957
2026-06-22,314412276094,59831195,312864922392
2026-06-23,314435466714,23190620,312899232529
2026-06-24,313775447626,-660019088,312266306496
2026-06-25,313401878032,-373569594,311901110370
2026-06-26,313501404319,99526287,312009003058
2026-06-27,312084236751,-1417167568,310598993822
2026-06-28,312072275742,-11961009,310593069864
2026-06-29,311739513907,-332761835,310252129042
2026-06-30,311084074950,-655438957,309582693182
2026-07-01,310330872327,-753202623,308836886461
2026-07-02,310469859136,138986809,308981113751
2026-07-03,310267267341,-202591795,308769351269
2026-07-04,310117484029,-149783312,308612218184
2026-07-05,310026315447,-91168582,308517464362
2026-07-06,311034404488,1008089041,309508945312
2026-07-07,310551873695,-482530793,309044994131
2026-07-08,309877302828,-674570867,308343758088
2026-07-09,309804311891,-72990937,308347570022
2026-07-10,310695703681,891391790,309233489619
2026-07-11,311095551160,399847479,309607715758
2026-07-12,311025884332,-69666828,309535444717
2026-07-13,310761273910,-264610422,309277318391
2026-07-14,309519874358,-1241399552,308016832196
2026-07-15,309779451654,259577296,308292430608
2026-07-16,309082620801,-696830853,307582837211
2026-07-17,309301455306,218834505,307810254260
2026-07-18,309562007712,260552406,308064542359
2026-07-19,309605064723,43057011,308110717673
2026-07-20,309427730387,-177334336,307939739858
2026-07-21,309178633604,-249096783,307693005547
2026-07-22,309436713570,258079966,307878873214
2026-07-23,309067418999,-369294571,307512780542
2026-07-24,309905489723,838070724,308352893456
2026-07-25,309935893216,30403493,308389063212
2026-07-26,309775935487,-159957729,308223755032
2026-07-27,309366328388,-409607099,307824354205
2026-07-28,308211622714,-1154705674,306725454476
2026-07-29,307893931916,-317690798,306392609446
2026-07-30,307631147678,-262784238,306126746930
2026-07-31,306870163908,-760983770,305374331907
2026-08-01,306973624029,103460121,305400766678
2026-08-02,306888374340,-85249689,305311820510
2026-08-03,306775792955,-112581385,305201591093
2026-08-04,307036512758,260719803,305460774720
2026-08-05,307227464396,190951638,305659303403
2026-08-06,307376835115,149370719,305826696016
2026-08-07,307517613426,140778311,305971430710
2026-08-08,307564040487,46427061,306008417583
2026-08-09,307555118066,-8922421,306005150228
2026-08-10,307635553048,80434982,306077939952
2026-08-11,306710085750,-925467298,305161605824
2026-08-12,307659010789,948925039,306101952541
2026-08-13,307761520536,102509747,306202522199
2026-08-14,307671505738,-90014798,306104250965
2026-08-15,307812263428,140757690,306260299664
2026-08-16,307713497480,-98765948,306162961450
2026-08-17,307722369472,8871992,306163526363
2026-08-18,307832847227,110477755,306271746868
2026-08-19,307813123821,-19723406,306249000253
2026-08-20,308499345261,686221440,306942863690
2026-08-21,309489069297,989724036,307915493988
2026-08-22,309750388279,261318982,308186279650
2026-08-23,309869086751,118698472,308304463016
2026-08-24,309942726114,73639363,308386900230
2026-08-25,310081328489,138602375,308519546397
2026-08-26,310366720504,285392015,308799470975
2026-08-27,310689169914,322449410,309124252100
2026-08-28,310730162382,40992468,309180317546
2026-08-29,310366960707,-363201675,308809488501
2026-08-30,310287924930,-79035777,308719123436
2026-08-31,310409084433,121159503,308838025227
2026-09-01,310334947246,-74137187,308793590862
2026-09-02,310326300596,-8646650,308765895088
2026-09-03,310698157464,371856868,309130344700
2026-09-04,311750390255,1052232791,310176162415
2026-09-05,311947382925,196992670,310363946852
2026-09-06,311999843662,52460737,310429051569
2026-09-07,312019436413,19592751,310455738744
2026-09-08,311881849242,-137587171,310320450843
2026-09-09,312129764381,247915139,310558054270
2026-09-10,311990234831,-139529550,310403522065
2026-09-11,311640078010,-350156821,310047764307
2026-09-12,311827060464.3,186982454.3,310232264504.28
